EVA_NR,DS100,NAME,VERKEHR,LAENGE,BREITE,Unnamed: 6,Unnamed: 7,region
8000001,KA,Aachen Hbf,FV,6.091499,50.7678,,,West
8070704,KASZ,Aachen Schanz,RV,6.07384,50.769862,,,West
8000406,KAREP,Aachen-Rothe Erde,RV,6.116475,50.770202,,,West
8000002,TA,Aalen,FV,10.096271,48.841013,,,South
8000412,RAH,Achern,RV,8.065324,48.63399,,,South
8000413,HACH,Achim,RV,9.030447,53.01599,,,North
8000416,AACW,Achterwehr,RV,9.964024,54.314913,,,North
8000419,MAD,Adelschlag,RV,11.211443,48.840759,,,South
8000431,TAF,Affaltrach,RV,9.379012,49.137832,,,Central
8000434,AABG,Agathenburg,RV,9.531244,53.564111,,,North
8007445,RAG,Aglasterhausen,RV,8.990838,49.350097,,,Central
8000436,RA,Aha,RV,8.134349,47.833224,,,South
8000437,EAHS,Ahaus,RV,7.016453,52.081681,,,West
8000443,HALT,Ahlten,RV,9.904613,52.376062,,,Central
8000457,FATC,Ahnatal Casselbreite,RV,9.434061,51.36286,,,Central
8002675,FHEH,Ahnatal-Heckershausen,RV,9.422727,51.362991,,,Central
8006286,FWEI,Ahnatal-Weimar,RV,9.391588,51.363629,,,Central
8001209,KBRU,Ahrbrück,RV,6.972391,50.489679,,,West
8000446,AAHR,Ahrensburg,RV,10.236206,53.669171,,,North
8000480,AAHG,Ahrensburg-Gartenholz,RV,10.251786,53.688482,,,North
8011003,BAHR,Ahrensfelde,RV,13.565154,52.571375,,,North
8000448,KAH,Ahrweiler,RV,7.107071,50.546544,,,West
8000449,KAHM,Ahrweiler Markt,RV,7.094229,50.544228,,,West
8000451,MAIC,Aich(Niederbay),RV,12.398163,48.417315,,,East
8000454,TAI,Aichstetten,RV,10.07494,47.887884,,,South
8000459,MAIN,Ainring,FV,12.964501,47.815033,,,East
8000463,RAL,Albbruck,RV,8.131774,47.592235,,,South
8000466,RAR,Albersweiler(Pfalz),RV,8.024464,49.21847,,,Central
8000468,FAG,Albig,RV,8.116579,49.771375,,,Central
8070252,FALH,Albisheim(Pfrimm),RV,8.096752,49.644776,,,Central
8080040,BAS,Albrechtshof,RV,13.128917,52.549396,,,North
8070096,RAM,Albsheim(Eis),RV,8.178998,49.580683,,,Central
8000473,TAE,Albstadt-Ebingen,RV,9.026962,48.21029,,,South
8000481,TALD,Aldingen(b Spaichingen),RV,8.713033,48.095845,,,South
8000482,MALH,Aletshausen,RV,10.383631,48.201313,,,South
8000483,HALF,Alfeld(Leine),FV,9.817779,51.981417,,,Central
8000495,KALI,Alfter-Impekoven,RV,7.019831,50.711016,,,West
8006516,KWIS,Alfter-Witterschlick,RV,7.026083,50.689698,,,West
8000488,HALG,Algermissen,RV,9.966472,52.25188,,,Central
8000489,HALI,Aligse,RV,9.979349,52.403462,,,Central
8000496,RAB,Allensbach,RV,9.068852,47.714464,,,South
8000498,NALB,Allersberg(Rothsee),RV,11.212573,49.262131,,,Central
8000499,TALL,Allmendingen,RV,9.722382,48.327734,,,South
8000502,KADA,Alsdorf-Annapark,RV,6.156661,50.870517,,,West
8000507,KADB,Alsdorf-Busch,RV,6.140586,50.876588,,,West
8000521,KKEL,Alsdorf-Kellersberg,RV,6.167354,50.867527,,,West
8000527,KMAD,Alsdorf-Mariadorf,RV,6.188454,50.861978,,,West
8000505,SAZ,Alsenz,RV,7.817189,49.727495,,,West
8000506,FAHM,Alsheim,RV,8.342462,49.765528,,,Central
8000508,TACH,Altbach,RV,9.382384,48.720393,,,South
8011016,BAD,Altdöbern,RV,14.009236,51.65278,,,East
8000509,NAD,Altdorf(b Nürnberg),RV,11.35353,49.390006,,,Central
8000511,NAVE,Alte Veste,RV,10.972363,49.454322,,,Central
8011017,WAF,Altefähr,RV,13.14101,54.322927,,,North
8000514,KALT,Altenahr,RV,6.989707,50.515652,,,West
8000515,MALT,Altenau(Bay),RV,11.017375,47.648365,,,South
8011018,LALT,Altenbach,RV,12.682324,51.355868,,,East
8000517,SAB,Altenbamberg,RV,7.830745,49.786857,,,West
8000004,HA,Altenbeken,FV,8.943319,51.766433,,,Central
8000518,EABG,Altenberge,RV,7.481303,52.052258,,,West
8010003,LA,Altenburg,RV,12.444019,50.996648,,,East
8000524,MANE,Altenerding,RV,11.901744,48.293572,,,South
8000491,SALG,Altenglan,RV,7.461841,49.548643,,,West
8000530,FAHN,Altenhasungen,RV,9.225737,51.34354,,,Central
8000533,MATM,Altenmarkt(Alz),RV,12.536027,47.999817,,,East
8000538,FAST,Altenstadt(Hess),RV,8.943977,50.283398,,,Central
8000539,MASI,Altenstadt(Iller),RV,10.109983,48.161191,,,South
8000540,NALW,Altenstadt(Waldnaab),RV,12.16487,49.715679,,,East
8002886,FHTN,Altenstadt-Höchst,RV,8.923418,50.269767,,,Central
8003698,FLIN,Altenstadt-Lindheim,RV,8.978775,50.291334,,,Central
8011025,WATR,Altentreptow,RV,13.242713,53.692233,,,North
8011027,WALW,Altenwillershagen,RV,12.572818,54.259406,,,North
8000544,RAT,Altglashütten-Falkau,RV,8.114113,47.859392,,,South
8000545,MAHB,Althegnenberg,RV,11.063003,48.236374,,,South
8000546,FAT,Altheim(Hess),RV,8.890906,49.923332,,,Central
8011031,WAH,Althof,RV,11.922341,54.090442,,,North
8070591,TAG,Altingen(Württ),RV,8.908852,48.561927,,,South
8011033,DAMD,Altmittweida,RV,12.95969,50.968348,,,East
8000556,MAMT,Altomünster,RV,11.255133,48.384918,,,South
8000555,MAT,Altötting,RV,12.67479,48.221242,,,East
8000559,TAT,Altshausen,RV,9.551478,47.930838,,,South
8000561,MATS,Altstädten(Allgäu),RV,10.280907,47.48855,,,South
8000562,TATN,Alttann,RV,9.793037,47.841214,,,South
8077275,FAZB,Alzenau Burg,RV,9.07434,50.087928,,,Central
8007275,FAZU,Alzenau(Unterfr),RV,9.065603,50.088716,,,Central
8000007,FALZ,Alzey,RV,8.109749,49.7502,,,Central
8000566,NAM,Amberg,RV,11.862902,49.447616,,,Central
8011029,UAMM,Ammern,RV,10.458086,51.233346,,,Central
8000575,NAMB,Amorbach,RV,9.223147,49.645609,,,Central
8000576,MAPF,Ampfing,RV,12.410919,48.253949,,,East
8011038,LAMS,Amsdorf,RV,11.71979,51.463561,,,Central
8079075,TAM M,Amstetten(W) Lokalbahn,RV,9.873959,48.577852,,,South
8000577,TAM,Amstetten(Württ),RV,9.872965,48.578328,,,South
8011039,DAMH,Amtshainersdorf,RV,14.232364,50.966322,,,East
8000331,KAND,Andernach,FV,7.404839,50.434542,,,West
8010004,WA,Angermünde,FV,13.996361,53.015221,,,North
8000579,KANM,Angermund,RV,6.781857,51.330748,,,West
8011042,LANG,Angern-Rogätz,RV,11.759535,52.338464,,,Central
8011043,LAG,Angersdorf,RV,11.903139,51.460407,,,Central
8011044,WAK,Anklam,FV,13.701827,53.856102,,,North
8011047,DABU,Annaberg-Buchholz unterer Bf,RV,12.998209,50.579379,,,East
8011048,LAB,Annaburg,RV,13.032757,51.72868,,,East
8000582,RAN,Annweiler am Trifels,RV,7.966149,49.205386,,,West
8005257,RANS,Annweiler-Sarnstall,RV,7.937192,49.208725,,,West
8000584,KANR,Anrath,RV,6.45023,51.285536,,,West
8000009,NAN,Ansbach,FV,10.578239,49.298032,,,Central
8011049,DATL,Antonsthal,RV,12.755449,50.500096,,,East
8000588,NAWN,Anwanden,RV,10.930396,49.411692,,,Central
8000589,FAZ,Anzefahr,RV,8.85959,50.845731,,,Central
8000590,MAK,Anzenkirchen,RV,13.021996,48.434739,,,East
8011051,UAP,Apolda,FV,11.526136,51.03094,,,Central
8000596,RAP,Appenweier,RV,7.97319,48.541461,,,West
8000597,EARE,Ardey,RV,7.727176,51.481163,,,West
8011053,LAF,Arensdorf(Köthen),RV,12.007416,51.709511,,,East
8011054,UAR,Arenshausen,RV,9.968639,51.375166,,,Central
8000602,FARM,Armsheim,RV,8.074113,49.808372,,,Central
8000603,MANB,Arnbach,RV,11.344044,48.34132,,,South
8000606,NARG,Arnschwang,RV,12.8116,49.274608,,,East
8010007,UA,Arnstadt Hbf,RV,10.948262,50.841939,,,Central
8000611,KARS,Arsbeck,RV,6.206563,51.152006,,,West
8012440,UAT,Artern,RV,11.310757,51.36324,,,Central
8000010,NAH,Aschaffenburg Hbf,FV,9.143697,49.980557,,,Central
8000618,NAHF,Aschaffenburg Hochschule,RV,9.160416,49.974445,,,Central
8000621,MASC,Aschau(Chiemgau),RV,12.325564,47.779106,,,East
8000011,AAG,Ascheberg(Holst),RV,10.339481,54.148462,,,North
8010009,LAL,Aschersleben,RV,11.465689,51.757122,,,Central
8000630,TAX,Asperg,RV,9.147797,48.907359,,,South
8000625,RASH,Asselheim,RV,8.161602,49.57622,,,Central
8000632,FAS,Assenheim(Oberhess),RV,8.812462,50.304939,,,Central
8000633,FAL,Aßlar,RV,8.462756,50.588657,,,Central
8000635,FAH,Assmannshausen,FV,7.867355,49.985324,,,West
8000643,RWSA,Au im Murgtal,RV,8.362349,48.718867,,,South
8000012,KAU,Au(Sieg),RV,7.656537,50.773765,,,West
8010010,DAU,Aue(Sachs),RV,12.698518,50.591682,,,East
8010027,DAUS,Aue(Sachs) Erzgebirgsstadion,RV,12.70935,50.596641,,,East
8000649,RACH,"Auerbach(b Mosbach, Baden)",RV,9.223276,49.399563,,,Central
8011060,UAS,Auerstedt,RV,11.590437,51.10203,,,Central
8000653,MAFE,Aufhausen(b Erding),RV,11.894375,48.274365,,,South
8000655,TAUF,Aufhausen(Württ),RV,10.317193,48.85613,,,South
8000657,RAUG,Auggen,RV,7.586788,47.789949,,,West
8000658,MAHA,Augsburg Haunstetterstraße,RV,10.900985,48.355285,,,South
8000013,MA,Augsburg Hbf,FV,10.88557,48.365441,,,South
8000659,MAGM,Augsburg Messe,RV,10.886086,48.338684,,,South
8000660,MAMS,Augsburg Morellstr.,RV,10.892948,48.355089,,,South
8000661,MAHZ,Augsburg-Hochzoll,RV,10.943376,48.352977,,,South
8000662,MAOB,Augsburg-Oberhausen,RV,10.872533,48.380772,,,South
8000664,HAUG,Augustfehn,FV,7.759659,53.22089,,,North
8000014,TAU,Aulendorf,FV,9.644046,47.953052,,,South
8000669,AAMS,Aumühle,RV,10.314672,53.529853,,,North
8000674,SAUW,Auw an der Kyll,RV,6.614525,49.903596,,,West
8000675,MAY,Aying,RV,11.769578,47.968762,,,South
8010013,LBB,Baalberge,RV,11.784682,51.763048,,,Central
8000678,MBAE,Baar-Ebenhausen,RV,11.460929,48.674463,,,South
8000015,FBA,Babenhausen(Hess),RV,8.957182,49.957963,,,Central
8000681,RBST,Babstadt,RV,9.060708,49.240196,,,Central
8000683,FBCH,Bacharach,RV,7.769523,50.056101,,,West
8000685,MBCN,Bachern,RV,11.378716,48.280159,,,South
8000686,RBH,Bachheim,RV,8.399399,47.862072,,,South
8000016,TB,Backnang,RV,9.425989,48.942676,,,South
8000609,FAR,Bad Arolsen,RV,8.997792,51.3816,,,Central
8000864,RBEL,Bad Bellingen,RV,7.557601,47.730804,,,West
8010031,BBIG,Bad Belzig,RV,12.594981,52.135969,,,East
8000879,HBTH,Bad Bentheim,FV,7.158539,52.30985,,,West
8000691,RBZB,Bad Bergzabern,RV,8.002787,49.103209,,,Central
8000935,ABVS,Bad Bevensen,FV,10.574141,53.078247,,,North
8000988,MBIB,Bad Birnbach,RV,13.074034,48.432853,,,East
8001049,KBOD,Bad Bodendorf,RV,7.217217,50.556266,,,West
8000694,KBRE,Bad Breisig,RV,7.304564,50.504218,,,West
8001322,FCA,Bad Camberg,RV,8.255036,50.296433,,,Central
8010016,WDO,Bad Doberan,RV,11.905335,54.100004,,,North
8000698,RBDH,Bad Dürkheim,RV,8.170701,49.460633,,,Central
8000708,RBDT,Bad Dürkheim-Trift,RV,8.193072,49.466416,,,Central
8000700,MBEP,Bad Empfing,RV,12.632888,47.884007,,,East
8000701,FEMS,Bad Ems,RV,7.728637,50.327652,,,West
8001787,MBEF,Bad Endorf,FV,12.301558,47.905066,,,East
8000017,TBF,Bad Friedrichshall Hbf,RV,9.199771,49.231571,,,Central
8000704,TBK,Bad Friedrichshall-Kochendorf,RV,9.211549,49.217753,,,Central
8000352,HBGM,Bad Gandersheim,RV,10.020236,51.86737,,,Central
8002378,MGNB,Bad Grönenbach,RV,10.253715,47.882468,,,South
8000019,HBHA,Bad Harzburg,RV,10.555444,51.888116,,,Central
8007011,RHLB,Bad Herrenalb,RV,8.438957,48.802428,,,South
8000020,FBHF,Bad Hersfeld,FV,9.716182,50.869632,,,Central
8000710,MBHT,Bad Höhenstadt,RV,13.323195,48.494606,,,East
8000712,FHO,Bad Homburg,RV,8.620624,50.219904,,,Central
8000713,KHBD,Bad Honnef(Rhein),RV,7.219533,50.639772,,,West
8000711,KHGB,Bad Hönningen,RV,7.310871,50.513676,,,West
8000714,NBKI,Bad Kissingen,RV,10.079885,50.191547,,,Central
8010018,WK,Bad Kleinen,FV,11.466925,53.766974,,,North
8000716,MBKG,Bad Kohlgrub,RV,11.058204,47.668006,,,South
8000717,MBKK,Bad Kohlgrub Kurhaus,RV,11.039181,47.670213,,,South
8010019,UKO,Bad Kösen,RV,11.718274,51.130742,,,Central
8000021,SBKN,Bad Kreuznach,RV,7.866435,49.842399,,,West
8000718,RBKR,Bad Krozingen,FV,7.697632,47.919721,,,West
8003486,ELSP,Bad Laasphe,RV,8.42072,50.929312,,,Central
8003493,ENL,Bad Laasphe-Niederlaasphe,RV,8.442001,50.924324,,,Central
8010020,ULS,Bad Langensalza,RV,10.640671,51.101701,,,Central
8005324,HBLB,Bad Lauterberg im Harz Barbis,RV,10.414607,51.619024,,,Central
8011078,BBLW,Bad Liebenwerda,RV,13.40293,51.518401,,,East
8000721,TBLI,Bad Liebenzell,RV,8.734039,48.772578,,,South
8003829,AMAG,Bad Malente-Gremsmühlen,RV,10.55151,54.167014,,,North
8000724,TBMR,Bad Mergentheim,RV,9.771662,49.493647,,,Central
8000725,HMDD,Bad Münder(Deister),RV,9.468062,52.178192,,,Central
8000726,SBMS,Bad Münster a Stein,RV,7.846989,49.813426,,,West
8000727,KMUE,Bad Münstereifel,RV,6.764369,50.558914,,,West
8000601,KARL,Bad Münstereifel-Arloff,RV,6.786608,50.597676,,,West
8003104,KIV,Bad Münstereifel-Iversheim,RV,6.769162,50.583034,,,West
8000728,FBNA,Bad Nauheim,RV,8.749334,50.367904,,,Central
8000022,HNDF,Bad Nenndorf,RV,9.378603,52.343735,,,Central
8000729,KNEB,Bad Neuenahr,RV,7.144304,50.547765,,,West
8000730,NBNE,Bad Neustadt(Saale),RV,10.226134,50.328127,,,Central
8000731,TBN,Bad Niedernau,RV,8.896533,48.460766,,,South
8000732,HOY,Bad Oeynhausen,FV,8.796523,52.205398,,,Central
8000023,AO,Bad Oldesloe,RV,10.382832,53.805283,,,North
8000735,HPRT,Bad Pyrmont,RV,9.272719,51.974233,,,Central
8000736,RBRA,Bad Rappenau,RV,9.101529,49.237765,,,Central
8000777,RBPK,Bad Rappenau Kurpark,RV,9.113526,49.240371,,,Central
8000737,MBRL,Bad Reichenhall,FV,12.881825,47.731168,,,East
8000738,MBRK,Bad Reichenhall-Kirchberg,FV,12.874001,47.718538,,,East
8005183,RRO,Bad Rotenfels Bf,RV,8.3031,48.815822,,,South
8005186,RROG,Bad Rotenfels Schloss,RV,8.297131,48.819949,,,South
8005187,RROW,Bad Rotenfels Weinbrennerstraße,RV,8.312054,48.811515,,,South
8000739,HSCH,Bad Sachsa,RV,10.573211,51.581944,,,Central
8005255,RSAE,Bad Säckingen,RV,7.94863,47.555857,,,West
8000741,FBSH,Bad Salzhausen,RV,8.980381,50.418878,,,Central
8010021,USZ,Bad Salzungen,RV,10.23106,50.815185,,,Central
8000745,EBSA,Bad Sassendorf,RV,8.162439,51.587168,,,Central
8005301,TSL,Bad Saulgau,RV,9.501083,48.013593,,,South
8010022,DSA,Bad Schandau,FV,14.139322,50.918835,,,East
8012873,DSUB,Bad Schlema,RV,12.680229,50.618902,,,East
8004032,RBSK,Bad Schönborn-Kronau,RV,8.646821,49.219345,,,Central
8000746,TBSC,Bad Schussenried,RV,9.668497,47.994033,,,South
8000749,ASCH,Bad Schwartau,RV,10.702722,53.916276,,,North
8000752,FBSO,Bad Soden(Taunus),RV,8.504128,50.143406,,,Central
8005261,FBSS,Bad Soden-Salmünster,RV,9.372053,50.280742,,,Central
8000755,APO,Bad St Peter-Ording,RV,8.614736,54.317293,,,North
8005670,NSFN,Bad Staffelstein,RV,10.994239,50.108258,,,Central
8000757,TBT,Bad Teinach-Neubulach,RV,8.727148,48.67847,,,South
8006029,TUC,Bad Urach,RV,9.396483,48.491244,,,South
8006027,TUCK,Bad Urach Ermstalklinik,RV,9.386901,48.494155,,,South
8070680,TUCW,Bad Urach Wasserfall,RV,9.376401,48.499263,,,South
8000760,FVL,Bad Vilbel,RV,8.73946,50.188677,,,Central
8002382,FGRN,Bad Vilbel-Gronau,RV,8.783203,50.191529,,,Central
8000763,TBWA,Bad Waldsee,RV,9.752274,47.925244,,,South
8006431,TWB,Bad Wildbad Bf,RV,8.551089,48.755718,,,South
8070283,TWBK,Bad Wildbad Kurpark,RV,8.550459,48.748755,,,South
8070282,TWBU,Bad Wildbad Uhlandplatz,RV,8.549366,48.750837,,,South
8000764,FBWD,Bad Wildungen,RV,9.136091,51.119619,,,Central
8000765,RBWF,Bad Wimpfen,RV,9.167297,49.229744,,,Central
8000706,TBWT,Bad Wimpfen Im Tal,RV,9.187046,49.229848,,,Central
8000766,RBWH,Bad Wimpfen-Hohenstadt,RV,9.138753,49.242537,,,Central
8000767,NBWI,Bad Windsheim,RV,10.412942,49.5066,,,Central
8000768,MBWH,Bad Wörishofen,RV,10.597875,48.005711,,,South
8000769,TBW,Bad Wurzach,RV,9.889739,47.910258,,,South
8000770,HZWI,Bad Zwischenahn,FV,8.003123,53.182547,,,North
8000773,HBDV,Baden(Verden),RV,9.081261,53.007872,,,North
8000774,RBB,Baden-Baden,FV,8.190831,48.790327,,,South
8000771,RHEB,Baden-Baden Haueneberstein,RV,8.209021,48.811907,,,South
8000775,RBBL,Baden-Baden Rebland,RV,8.146572,48.733844,,,South
8007144,RBBR,Bahnbrücken,RV,8.764854,49.119447,,,Central
8011098,BBO,Bahnsdorf,RV,14.112288,51.581745,,,East
8000781,MBAB,Baierbrunn,RV,11.480027,48.018741,,,South
8000782,RBSN,Baiersbronn Bf,RV,8.371868,48.504104,,,South
8000789,RBSS,Baiersbronn Schule,RV,8.375858,48.51061,,,South
8000783,NBD,Baiersdorf,RV,11.036976,49.656147,,,Central
8011100,BBAI,Baitz,RV,12.685111,52.164149,,,East
8000785,MBDH,Baldham,RV,11.78678,48.099256,,,South
8000786,FBAD,Balduinstein,RV,7.968,50.34682,,,West
8011103,UBGS,Balgstädt,RV,11.738454,51.208295,,,Central
8000353,TBG,Balingen(Württ),RV,8.850307,48.278469,,,South
8011106,UBAS,Ballstädt(Gotha),RV,10.707666,51.04075,,,Central
8000792,SBAL,Baltersweiler,RV,7.166538,49.493785,,,West
8000793,EBAV,Balve,RV,7.863071,51.332594,,,West
8000025,NBA,Bamberg,FV,10.899489,49.900759,,,Central
8000794,RBAM,Bammental,RV,8.783685,49.359588,,,Central
8011108,WBAM,Bannemin-Mölschow,RV,13.836574,54.071397,,,North
8011109,WBN,Bansin Seebad,RV,14.129385,53.964389,,,North
8000797,HBTF,Bantorf,RV,9.417771,52.332253,,,Central
8000802,RBRT,Barbelroth,RV,8.070307,49.104118,,,Central
8011093,BBKL,Bärenklau,RV,13.143526,52.704043,,,North
8011094,DBS,Bärenstein(Annaberg),RV,13.746003,51.072597,,,East
8000804,ABAE,Bargteheide,RV,10.269104,53.7282,,,North
8011111,LBAR,Barleben,RV,11.620875,52.208945,,,Central
8011112,LBAS,Barleber See,RV,11.640852,52.214328,,,Central
8000807,HBNF,Barnstorf(Han),RV,8.510462,52.707587,,,North
8000808,HBNT,Barnten,RV,9.815279,52.195498,,,Central
8000810,HBAR,Barrien,RV,8.818506,52.946837,,,North
8000812,HBGH,Barsinghausen,RV,9.467112,52.30489,,,Central
8011116,BBA,Baruth(Mark),RV,13.511963,52.057916,,,East
8000026,RB,Basel Bad Bf,FV,7.607805,47.567288,,,West
8000354,HBAS,Bassum,RV,8.739924,52.847388,,,North
8000822,NBH,Batzhausen,RV,11.593033,49.191364,,,Central
8000823,RBBC,Bauerbach,RV,8.748153,49.073964,,,Central
8000778,MBHM,Bäumenheim,RV,10.809972,48.680333,,,South
8000140,FGTH,Baunatal-Guntershausen,RV,9.466997,51.229917,,,Central
8005039,FREH,Baunatal-Rengershausen,RV,9.468667,51.254922,,,Central
8000828,MBYB,Bayerbach,RV,13.134451,48.414412,,,East
8000831,MBGM,Bayerisch Gmain,FV,12.89507,47.720375,,,East
8000028,NBY,Bayreuth Hbf,RV,11.579985,49.949616,,,Central
8000029,FB,Bebra,FV,9.797788,50.969568,,,Central
8011121,UBET,Bechstedt-Trippstein,RV,11.168153,50.659733,,,Central
8000840,SBE,Beckingen(Saar),RV,6.688021,49.386881,,,West
8000030,KBE,Bedburg(Erft),RV,6.572615,50.987478,,,West
8013467,BBEL,Beelitz-Heilstätten,RV,12.926057,52.262345,,,East
8011125,WBES,Beetz-Sommerfeld,RV,13.022086,52.804259,,,North
8000850,NBEH,Behringersdorf,RV,11.198498,49.481574,,,Central
8000851,FBEI,Beienheim,RV,8.821022,50.359131,,,Central
8011131,LBEI,Beilrode,RV,13.064935,51.571005,,,East
8000858,TBS,Beimerstetten,RV,9.976835,48.480974,,,South
8000862,MBNB,Bellenberg,RV,10.09039,48.254645,,,South
8000861,RBLN,Bellheim Am Mühlbuckel,RV,8.297626,49.192639,,,Central
8000863,RBLH,Bellheim Bf,RV,8.29456,49.188303,,,Central
8000865,TBEM,Bempflingen,RV,9.273425,48.572364,,,South
8000869,MBEN,Benediktbeuern,RV,11.403051,47.709121,,,South
8000870,SBG,Bengel,RV,7.05803,50.010379,,,West
8000871,HBML,Bennemühlen,RV,9.726836,52.580993,,,North
8013362,LWZW,Bennewitz,RV,12.70843,51.355926,,,East
8000872,HBEN,Bennigsen,RV,9.666376,52.240733,,,Central
8000873,TBEN,Benningen(Neckar),RV,9.244504,48.943614,,,South
8000031,FBH,Bensheim,FV,8.616717,49.681329,,,Central
8000877,FBAU,Bensheim-Auerbach,RV,8.613366,49.701557,,,Central
8011140,WBE,Bentwisch,RV,12.210506,54.117193,,,North
8000882,NBE,Beratzhausen,RV,11.807853,49.092846,,,Central
8000885,MBG,Berchtesgaden Hbf,FV,12.999058,47.626688,,,East
8000890,RBRG,Berg(Pfalz),RV,8.212761,48.980676,,,South
8011144,UBGE,Berga(Elster),RV,12.158865,50.747189,,,East
8010033,WBG,Bergen auf Rügen,FV,13.417821,54.4205,,,North
8000889,TBER,Bergenweiler,RV,10.272879,48.576297,,,South
8080100,BBFE,Bergfelde(b Berlin),RV,13.320244,52.670303,,,North
8007864,RBGBS,Berghausen Am Stadion,RV,8.53601,49.002456,,,Central
8007863,RBGBP,Berghausen Pfinzbrücke,RV,8.52092,49.006467,,,Central
8000893,RBGB,Berghausen(Baden),RV,8.530169,49.00575,,,Central
8000894,RBGP,Berghausen(Pfalz),RV,8.406173,49.295449,,,Central
8000355,KBEE,Bergheim(Erft),RV,6.646302,50.951706,,,West
8000899,KBGG,Bergisch Gladbach,RV,7.124553,50.991461,,,West
8000902,NBHM,Bergtheim,RV,10.076473,49.8993,,,Central
8011150,LBWZ,Bergwitz,RV,12.576213,51.803696,,,East
8000903,RBE,Beringen Bad Bf,RV,8.574616,47.694897,,,South
8000901,RBEF,Beringerfeld,RV,8.592771,47.695308,,,South
8000904,EBRH,Beringhausen,RV,8.751414,51.407771,,,Central
8011154,BBKR,Berkenbrück,RV,14.165217,52.35719,,,East
8011155,BALE,Berlin Alexanderplatz,RV,13.410961,52.521481,,,North
8089001,BALX,Berlin Alexanderplatz (S),RV,13.411007,52.521642,,,North
8089103,BARF,Berlin Alt-Reinickendorf,RV,13.349617,52.578091,,,North
8089002,BAHU,Berlin Anhalter Bf,RV,13.381362,52.503486,,,North
8089003,BATS,Berlin Attilastr.,RV,13.360951,52.447681,,,East
8089004,BBW,Berlin Baumschulenweg,RV,13.490097,52.467244,,,East
8089005,BBEV,Berlin Bellevue,RV,13.348263,52.519955,,,North
8089006,BRB,Berlin Betriebsbf Rummelsburg,RV,13.497786,52.493827,,,East
8089007,BSCF,Berlin Betriebsbf Schöneweide,RV,13.52368,52.446905,,,East
8089118,BBEU,Berlin Beusselstraße,RV,13.329042,52.534354,,,North
8089008,BBOS,Berlin Bornholmer Str.,RV,13.397943,52.554491,,,North
8089009,BBGT,Berlin Botanischer Garten,RV,13.306766,52.447784,,,East
8089044,BTOR,Berlin Brandenburger Tor,RV,13.381815,52.516506,,,North
8089010,BBCH,Berlin Buckower Chaussee,RV,13.382912,52.410351,,,East
8089107,BBUP,Berlin Bundesplatz,RV,13.32959,52.477617,,,East
8089101,BEBD,Berlin Eichborndamm,RV,13.316835,52.577722,,,North
8089012,BFB,Berlin Feuerbachstr.,RV,13.332575,52.463546,,,East
8089013,BFAL,Berlin Frankfurter Allee,RV,13.47441,52.515168,,,North
8011306,BFRI,Berlin Friedrichstraße,RV,13.387314,52.520394,,,North
8089014,BGSE,Berlin Gehrenseestr.,RV,13.524834,52.556011,,,North
8011102,BGS,Berlin Gesundbrunnen,FV,13.388513,52.548963,,,North
8089015,BGB,Berlin Gesundbrunnen(S),RV,13.388513,52.548963,,,North
8089011,BGFB,Berlin Greifswalder Str,RV,13.439561,52.54002,,,North
8089016,BGBA,Berlin Grünbergallee,RV,13.542485,52.399411,,,East
8089017,BHKM,Berlin Hackescher Markt,RV,13.402364,52.522622,,,North
8011160,BLS,Berlin Hbf,FV,13.369545,52.525592,,,North
8098160,BL,Berlin Hbf (tief),FV,13.369545,52.525592,,,North
8089329,BHST,Berlin Heerstraße,RV,13.259379,52.508121,,,North
8089112,BHEI,Berlin Heidelberger Platz,RV,13.312018,52.479972,,,East
8089105,BHER,Berlin Hermannstraße,RV,13.431313,52.46751,,,East
8089108,BHO,Berlin Hohenzollerndamm,RV,13.300257,52.488556,,,East
8089018,BHUM,Berlin Humboldthain,RV,13.379277,52.544795,,,North
8089106,BIP,Berlin Innsbrucker Platz,RV,13.342197,52.478084,,,East
8089019,BJB,Berlin Jannowitzbrücke,RV,13.419347,52.51427,,,North
8089537,BJLB,Berlin Julius-Leber-Brücke,RV,13.361266,52.486519,,,East
8011167,BJUF,Berlin Jungfernheide,RV,13.299437,52.530276,,,North
8089100,BJUN,Berlin Jungfernheide (S),RV,13.299446,52.530375,,,North
8089102,BKBO,Berlin Karl-Bonhoeffer-Nervenklinik,RV,13.329176,52.578048,,,North
8089104,BKHD,Berlin Köllnische Heide,RV,13.467807,52.469653,,,East
8089020,BLST,Berlin Landsberger Allee,RV,13.454567,52.529593,,,North
8089022,BMEA,Berlin Mehrower Allee,RV,13.553699,52.557759,,,North
8089023,BMEX,Berlin Mexikoplatz,RV,13.232712,52.436937,,,East
8089026,BNPL,Berlin Nöldnerplatz,RV,13.484452,52.503497,,,North
8089330,BOLS,Berlin Olympiastadion,RV,13.242389,52.511166,,,North
8089027,BORS,Berlin Oranienburger Straße,RV,13.393052,52.52521,,,North
8089473,BOSS,Berlin Osdorfer Straße,RV,13.314288,52.418841,,,East
8089030,BPWA,Berlin Plänterwald,RV,13.473126,52.478542,,,East
8089031,BPOE,Berlin Poelchaustr.,RV,13.535189,52.535005,,,North
8011118,BPOF,Berlin Potsdamer Platz,RV,13.375988,52.509379,,,North
8089032,BPOP,Berlin Potsdamer Platz (S),RV,13.376649,52.509508,,,North
8089033,BPLA,Berlin Prenzlauer Allee,RV,13.426412,52.544615,,,North
8089034,BPRS,Berlin Priesterweg,RV,13.356281,52.459914,,,East
8089035,BRW,Berlin Raoul-Wallenberg-Str.,RV,13.54746,52.550681,,,North
8089037,BSAP,Berlin Savignyplatz,RV,13.319271,52.505093,,,North
8089038,BSC,Berlin Schichauweg,RV,13.389303,52.398837,,,East
8089039,BSAL,Berlin Schönhauser Allee,RV,13.41546,52.5492,,,North
8089327,BSO,Berlin Sonnenallee,RV,13.455851,52.473101,,,East
8089040,BSPH,Berlin Springpfuhl,RV,13.53674,52.526348,,,North
8089041,BSTO,Berlin Storkower Str,RV,13.464398,52.52391,,,North
8089042,BSDG,Berlin Sundgauer Str,RV,13.274377,52.436544,,,East
8089043,BTP,Berlin Treptower Park,RV,13.461441,52.493559,,,East
8010405,BWSS,Berlin Wannsee,FV,13.179336,52.421058,,,East
8089045,BWRS,Berlin Warschauer Straße,RV,13.451646,52.505976,,,North
8089048,BWOK,Berlin Wollankstraße,RV,13.391791,52.565482,,,North
8089049,BWT,Berlin Wuhletal,RV,13.575562,52.512472,,,North
8089051,BGGS,Berlin Yorckstr.(S1),RV,13.367797,52.492289,,,East
8089050,BYOR,Berlin Yorckstr.(S2),RV,13.372128,52.49117,,,East
8010406,BZOO,Berlin Zoologischer Garten,RV,13.331992,52.507277,,,North
8089052,BADL,Berlin-Adlershof,RV,13.541129,52.435031,,,East
8089054,BAGL,Berlin-Altglienicke,RV,13.558753,52.407299,,,East
8089055,BBDF,Berlin-Biesdorf,RV,13.555878,52.513097,,,North
8089056,BBLB,Berlin-Blankenburg,RV,13.44333,52.591164,,,North
8089057,BBU,Berlin-Buch,RV,13.492286,52.636162,,,North
8010403,BCHB,Berlin-Charlottenburg,RV,13.303524,52.504726,,,North
8089058,BFRU,Berlin-Friedenau,RV,13.341388,52.470586,,,East
8089060,BFRH,Berlin-Friedrichshagen,RV,13.6246,52.457247,,,East
8089061,BFOH,Berlin-Frohnau,RV,13.289934,52.632758,,,North
8089063,BGAS,Berlin-Grünau,RV,13.573497,52.413028,,,East
8089062,BGWD,Berlin-Grunewald,RV,13.26172,52.488693,,,East
8089109,BHAL,Berlin-Halensee,RV,13.290326,52.496254,,,East
8089025,BHLS,Berlin-Heiligensee,RV,13.229278,52.624586,,,North
8089064,BHED,Berlin-Hermsdorf,RV,13.30769,52.617782,,,North
8089065,BHI,Berlin-Hirschgarten,RV,13.602134,52.457968,,,East
8011901,BHSH,Berlin-Hohenschönhausen,RV,13.512565,52.566111,,,North
8010035,BKH,Berlin-Karlshorst,RV,13.526813,52.480681,,,East
8011046,BKRW,Berlin-Karow,RV,13.469204,52.614884,,,North
8089068,BKAD,Berlin-Kaulsdorf,RV,13.58894,52.512093,,,North
8089069,BKPK,Berlin-Köpenick,RV,13.580942,52.45861,,,East
8089114,BLAK,Berlin-Lankwitz,RV,13.341954,52.438749,,,East
8010036,BLO,Berlin-Lichtenberg,FV,13.496923,52.509896,,,North
8089070,BLRD,Berlin-Lichtenrade,RV,13.396175,52.387297,,,East
8089072,BMDF,Berlin-Mahlsdorf,RV,13.611071,52.512163,,,North
8089074,BMF,Berlin-Marienfelde,RV,13.375127,52.423634,,,East
8089075,BMAZ,Berlin-Marzahn,RV,13.541341,52.543608,,,North
8089077,BNKN,Berlin-Neukölln,RV,13.44306,52.46942,,,East
8089078,BNIS,Berlin-Nikolassee,RV,13.193643,52.431807,,,East
8089079,BOSP,Berlin-Oberspree,RV,13.538209,52.452466,,,East
8089080,BPKW,Berlin-Pankow,RV,13.41077,52.566477,,,North
8089081,BPHD,Berlin-Pankow-Heinersdorf,RV,13.429363,52.577963,,,North
8089331,BPIC,Berlin-Pichelsberg,RV,13.227134,52.510393,,,North
8089082,BRD,Berlin-Rahnsdorf,RV,13.690405,52.451536,,,East
8089084,BRH,Berlin-Rummelsburg,RV,13.478362,52.501309,,,North
8089085,BSLS,Berlin-Schlachtensee,RV,13.215025,52.439976,,,East
8089474,BSGR,Berlin-Schöneberg,RV,13.352068,52.479377,,,East
8010109,BFHS,Berlin-Schönefeld Flughafen,RV,13.51271,52.391062,,,East
8010041,BSWP,Berlin-Schöneweide,RV,13.509395,52.455127,,,East
8089168,BSW,Berlin-Schöneweide (S),RV,13.509115,52.454976,,,East
8089087,BSNH,Berlin-Schönholz,RV,13.381111,52.571422,,,North
8089000,BSZF,Berlin-Schulzendorf,RV,13.245929,52.613096,,,North
8010404,BSPD,Berlin-Spandau,FV,13.197534,52.534475,,,North
8089088,BSPF,Berlin-Spindlersfeld,RV,13.561448,52.447162,,,East
8013021,BSTAB,Berlin-Staaken,RV,13.141367,52.537693,,,North
8089053,BSRW,Berlin-Stresow,RV,13.209125,52.531976,,,North
8089089,BTG,Berlin-Tegel (S),RV,13.289781,52.587998,,,North
8089090,BTHF,Berlin-Tempelhof,RV,13.384547,52.470967,,,East
8089091,BTGN,Berlin-Tiergarten,RV,13.336392,52.514061,,,North
8089092,BWAI,Berlin-Waidmannslust,RV,13.320996,52.60648,,,North
8089093,BWAB,Berlin-Wartenberg,RV,13.503633,52.572989,,,North
8089131,BWED,Berlin-Wedding,RV,13.36817,52.543251,,,North
8089094,BWIG,Berlin-Wilhelmshagen,RV,13.722143,52.438711,,,East
8089095,BWM,Berlin-Wilhelmsruh,RV,13.362976,52.581447,,,North
8089096,BWIN,Berlin-Wittenau (Wilhelmsruher Damm),RV,13.334446,52.597044,,,North
8089097,BWHH,Berlin-Wuhlheide,RV,13.553202,52.46903,,,East
8089098,BZD,Berlin-Zehlendorf,RV,13.258659,52.431067,,,East
8000909,RBAH,Bermatingen-Ahausen,RV,9.345157,47.730488,,,South
8013470,BBRN,Bernau(b Berlin),FV,13.592293,52.675833,,,North
8089099,BBRF,Bernau-Friedenstal,RV,13.564578,52.668385,,,North
8010043,LBG,Bernburg,RV,11.751455,51.79612,,,Central
8011168,LBGF,Bernburg-Friedenshall,RV,11.768687,51.773623,,,Central
8011169,LBGS,Bernburg-Strenzfeld,RV,11.717645,51.819892,,,Central
8011170,LBGW,Bernburg-Waldau,RV,11.723312,51.805781,,,Central
8000918,MBER,Bernried,RV,11.283658,47.861387,,,South
8000923,SBS,Besch,RV,6.372303,49.504391,,,West
8000925,TBE,Besigheim,RV,9.136645,48.997723,,,South
8000926,SBES,Besseringen,RV,6.602559,49.475974,,,West
8011173,BBST,Bestensee,RV,13.63492,52.242129,,,East
8000927,EBWG,Bestwig,RV,8.397839,51.361913,,,Central
8000034,EBZ,Betzdorf(Sieg),RV,7.87005,50.789294,,,West
8010046,LBEU,Beucha,RV,12.573133,51.32362,,,East
8000932,RBEU,Beuggen,RV,7.810915,47.581906,,,West
8011177,LBEN,Beuna(Geiseltal),RV,11.962781,51.322765,,,Central
8011178,UBEU,Beuren,RV,10.279034,51.377127,,,Central
8000933,TBEU,Beuron,RV,8.97189,48.048791,,,South
8000934,TBTB,Beutelsbach,RV,9.386029,48.810293,,,South
8011179,BBE,Beutersitz,RV,13.360724,51.590359,,,East
8000941,SBX,Bexbach,RV,7.254456,49.345698,,,West
8000946,MBID,Bibelöd,RV,12.646681,47.771517,,,East
8000942,RBI,Biberach(Baden),RV,8.032762,48.338388,,,South
8000943,TBI,Biberach(Riß),FV,9.793127,48.101845,,,South
8000503,FBL,Biblis,RV,8.450413,49.688881,,,Central
8000945,MBIC,Bichl,RV,11.408769,47.723815,,,South
8000948,FBI,Bickenbach(Bergstr),RV,8.603415,49.759632,,,Central
8000951,FBBM,Biebesheim,RV,8.473978,49.781977,,,Central
8000952,FBIK,Biedenkopf,RV,8.529989,50.909113,,,Central
8010047,LBZ,Biederitz,RV,11.716466,52.15271,,,Central
8000036,EBIL,Bielefeld Hbf,FV,8.532722,52.029261,,,Central
8011184,LBF,Biendorf,RV,11.856411,51.756861,,,Central
8000357,SBI,Bierbach,RV,7.282011,49.26189,,,West
8000959,TBIE,Bieringen,RV,8.860915,48.449029,,,South
8011188,WBT,Biesenthal,RV,13.674665,52.755415,,,North
8000962,MBIH,Biessenhofen,RV,10.640467,47.829956,,,South
8000963,RBIE,Bietigheim(Baden),RV,8.258045,48.910587,,,South
8000038,TBM,Bietigheim-Bissingen,RV,9.137557,48.947933,,,South
8000965,RBGN,Bietingen,RV,8.738915,47.744017,,,South
8000966,EBIG,Bigge,RV,8.475253,51.358279,,,Central
8000967,SBDS,Bildstock,RV,7.094341,49.337325,,,West
8000968,TBIL,Bilfingen,RV,8.620498,48.948674,,,South
8000969,MBIN,Billenhausen,RV,10.358162,48.275562,,,South
8000970,EBB,Billerbeck,RV,7.297482,51.981341,,,West
8000973,RBIN,Binau,RV,9.083631,49.372589,,,Central
8011190,LBIF,Bindfelde,RV,11.898035,52.584561,,,North
8000974,NBI,Bindlach,RV,11.603442,49.98022,,,Central
8000039,FBGK,Bingen(Rhein) Hbf,FV,7.884263,49.968729,,,West
8000976,FBGN,Bingen(Rhein) Stadt,RV,7.902985,49.969746,,,West
8000978,EBIN,Binolen,RV,7.859433,51.371981,,,West
8000984,RBRK,Birkenau,RV,8.708359,49.561039,,,Central
8000985,FBBH,Birkenbringhausen,RV,8.747257,51.025045,,,Central
8000986,TBIR,Birkenfeld(Enz),RV,8.645263,48.874109,,,South
8080170,BBSH,Birkengrund,RV,13.27196,52.315563,,,East
8070002,BBIS,Birkenstein,RV,13.647774,52.515705,,,North
8080190,BBI,Birkenwerder(b Berlin),RV,13.288746,52.68798,,,North
8010048,UBKN,Birkungen,RV,10.330736,51.366312,,,Central
8000989,SBRB,Birresborn,RV,6.628884,50.176411,,,West
8000997,MBI,Bischofswiesen,FV,12.960141,47.65189,,,East
8000998,RBIS,Bischweier,RV,8.277543,48.832154,,,South
8000999,TBIS,Bisingen,RV,8.921035,48.31277,,,South
8001000,HBSS,Bissendorf,RV,9.748191,52.522705,,,North
8001828,SED,Bitburg-Erdorf,RV,6.570958,49.998685,,,West
8001002,TBIT,Bittelbronn,RV,8.589439,48.444404,,,South
8010050,LBT,Bitterfeld,FV,12.31685,51.622861,,,East
8001005,TBIF,Bitzfeld,RV,9.453222,49.187233,,,Central
8001004,MBLH,Blaichach(Allgäu),RV,10.258796,47.543741,,,South
8007282,FBLK,Blankenbach,RV,9.230064,50.065206,,,Central
8010051,WBL,Blankenberg(Meckl),RV,11.71529,53.772305,,,North
8001006,KBLB,Blankenberg(Sieg),RV,7.348499,50.768476,,,West
8010053,BBF,Blankenfelde(Teltow-Fläming),RV,13.415982,52.337213,,,East
8001008,KBLH,Blankenheim(Wald),RV,6.593504,50.441871,,,West
8001009,RBAN,Blankenloch,RV,8.464729,49.066528,,,Central
8011205,WBLS,Blankensee(Meckl),RV,13.262907,53.408174,,,North
8001013,TBL,Blaubeuren,RV,9.791979,48.403815,,,South
8001014,TBLF,Blaufelden,RV,9.96768,49.296236,,,Central
8001015,TBLS,Blaustein,RV,9.919326,48.414596,,,South
8001027,SBKL,Blieskastel-Lautzkirchen,RV,7.258191,49.249192,,,West
8011210,LBD,Blönsdorf,RV,12.895568,51.95541,,,East
8011212,DBLU,Blumenau,RV,13.291014,50.671241,,,East
8011213,WBLK,Blumenhagen,RV,13.87204,53.528329,,,North
8001030,EBKP,Blumenkamp,RV,6.613118,51.695217,,,West
8001032,RBOB,Bobenheim,RV,8.35032,49.588139,,,Central
8001033,MBOB,Bobingen,RV,10.837891,48.266373,,,South
8005979,TBB,Böbingen(Rems),RV,9.912807,48.822439,,,South
8011215,WBO,Bobitz,RV,11.3628,53.804534,,,North
8001055,TBO,Böblingen,FV,9.004128,48.687758,,,South
8001034,FBST,Bobstadt,RV,8.451786,49.663251,,,Central
8000040,EBCH,Bocholt,RV,6.620426,51.83412,,,West
8000041,EBO,Bochum Hbf,FV,7.224109,51.478648,,,West
8001038,EBDA,Bochum-Dahlhausen,RV,7.141385,51.426456,,,West
8001039,EBOE,Bochum-Ehrenfeld,RV,7.209718,51.472315,,,West
8000358,EBLA,Bochum-Langendreer,RV,7.32373,51.478029,,,West
8001043,RBOK,Bockenheim-Kindenheim,RV,8.188254,49.606872,,,Central
8070159,TBCS,Böckingen Sonnenbrunnen,RV,9.191198,49.140655,,,Central
8001045,EBCK,Bockum-Hövel,RV,7.774547,51.704809,,,West
8001046,MBOD,Bodelsberg,RV,10.411092,47.678113,,,South
8001050,HBOF,Bodenfelde,RV,9.561667,51.637209,,,Central
8000359,FBOD,Bodenheim,RV,8.312491,49.929585,,,Central
8011219,UBOD,Bodenrode,RV,10.20855,51.393528,,,Central
8001056,RBGH,Bödigheim,RV,9.317207,49.475929,,,Central
8001069,NBO,Bogen,RV,12.686141,48.910594,,,East
8011222,LBWE,Böhlen Werke,RV,12.384024,51.184702,,,East
8013471,LBO,Böhlen(Leipzig),RV,12.381991,51.203037,,,East
8001057,RBOE,Böhl-Iggelheim,RV,8.303602,49.379831,,,Central
8001071,HBOM,Bohmte,RV,8.307525,52.361632,,,Central
8001059,RBER,Böhringen-Rickelshausen,RV,8.926651,47.748732,,,South
8001072,KBOI,Boisheim,RV,6.274591,51.274323,,,West
8011230,WBZ,Boizenburg(Elbe),RV,10.754481,53.378069,,,North
8001080,TBD,Bondorf(b Herrenberg),RV,8.827662,48.523552,,,South
8001061,EBEO,Bönen,RV,7.757296,51.598015,,,West
8000044,KB,Bonn Hbf,FV,7.097136,50.732008,,,West
8001081,KBHH,Bonn Helmholtzstraße,RV,7.052615,50.721844,,,West
8001082,KBBG,Bonn-Bad Godesberg,RV,7.159555,50.683927,,,West
8001083,KBB,Bonn-Beuel,FV,7.127657,50.738476,,,West
8001084,KBD,Bonn-Duisdorf,RV,7.042548,50.716475,,,West
8001085,KBM,Bonn-Mehlem,RV,7.181342,50.669153,,,West
8001086,KBO,Bonn-Oberkassel,RV,7.1593,50.715073,,,West
8001090,TBP,Bopfingen,RV,10.351707,48.855153,,,South
8000045,KBOP,Boppard Hbf,FV,7.586102,50.231413,,,West
8000742,KSAL,Boppard-Bad Salzig,RV,7.635481,50.205251,,,West
8002861,KHIR,Boppard-Hirzenach,RV,7.648436,50.175075,,,West
8001092,ABRD,Bordesholm,RV,10.043711,54.174373,,,North
8001093,EBOR,Borgeln,RV,8.032033,51.598265,,,Central
8080200,BBOR,Borgsdorf,RV,13.27675,52.715252,,,North
8001098,FBOK,Borken(Hess),RV,9.277,51.050684,,,Central
8011238,BBK,Borkheide,RV,12.854413,52.230775,,,East
8011242,LBL,Borna(Leipzig),RV,12.486291,51.117926,,,East
8010059,LBOR,Borsdorf(Sachs),RV,12.541165,51.345705,,,East
8011228,LBOE,Bösdorf(Sachs-Anh),RV,11.064149,52.422099,,,Central
8001065,EBSL,Bösensell,RV,7.487687,51.90703,,,West
8001066,EBSP,Bösperde,RV,7.774233,51.45894,,,West
8000047,EBTHP,Bottrop Hbf,RV,6.936925,51.509536,,,West
8001107,EBTB,Bottrop-Boy,RV,6.967852,51.537003,,,West
8001110,SBO,Bous(Saar),RV,6.792639,49.275979,,,West
8001111,TBOX,Boxberg-Wölchingen,RV,9.640048,49.485596,,,Central
8001112,EBRB,Brachbach,RV,7.941492,50.821987,,,West
8001113,KBRC,Brachelen,RV,6.231463,51.007824,,,West
8000048,EBWE,Brackwede,RV,8.498426,51.997378,,,Central
8011248,WBRH,Brahlstorf,RV,10.951992,53.364421,,,North
8001118,EBRA,Brake(b Bielefeld),RV,8.604914,52.069653,,,Central
8001123,HBRA,Bramstedt(b Syke),RV,8.786024,52.871611,,,North
8011250,BBRA,Brand(Niederlausitz),RV,13.72149,52.029953,,,East
8010060,LB,Brandenburg Hbf,FV,12.566138,52.400554,,,East
8011255,LBS,Braunsbedra,RV,11.884594,51.288781,,,Central
8000049,HBS,Braunschweig Hbf,FV,10.540295,52.252218,,,Central
8001137,EBDL,Bredelar,RV,8.776566,51.41917,,,Central
8001136,ABRB,Bredenbek,RV,9.867004,54.315112,,,North
8011260,LBN,Brehna,RV,12.222163,51.554457,,,East
8011263,DBRE,Breitenbrunn(Erzg),RV,12.746053,50.477081,,,East
8001147,MBRN,Breitenbrunn(Schwab),RV,10.408505,48.138586,,,South
8001148,NBRE,Breitendiel,RV,9.225052,49.691382,,,Central
8001149,NBG,Breitengüßbach,RV,10.887135,49.96683,,,Central
8000050,HB,Bremen Hbf,FV,8.813834,53.083481,,,North
8001157,HBHM,Bremen-Hemelingen,RV,8.886759,53.054572,,,North
8001160,HBM,Bremen-Mahndorf,RV,8.944627,53.039762,,,North
8001164,HBSB,Bremen-Sebaldsbrück,RV,8.887383,53.061355,,,North
8000051,HBH,Bremerhaven Hbf,RV,8.599555,53.534912,,,North
8001168,HBHL,Bremerhaven-Lehe,RV,8.600657,53.566324,,,North
8011267,UBZ,Breternitz,RV,11.405863,50.616311,,,Central
8010061,UBR,Bretleben,RV,11.240839,51.340743,,,Central
8000053,RBT,Bretten,RV,8.693448,49.0369,,,Central
8070093,RBTK,Bretten Kupferhälde,RV,8.723679,49.036987,,,Central
8001138,RBTN,Bretten Rechberg,RV,8.701614,49.032596,,,Central
8079060,RBTW,Bretten Wannenweg,RV,8.709122,49.030466,,,Central
8001131,RBTI,Bretten-Ruit,RV,8.722058,49.009462,,,Central
8001177,SBRH,Bretzenheim(Nahe),RV,7.898692,49.874587,,,West
8001178,TBZ,Bretzfeld,RV,9.440302,49.172741,,,Central
8001180,KBRY,Breyell,RV,6.241174,51.294615,,,West
8013472,BBRI,Brieselang,RV,13.001394,52.582549,,,North
8011269,BBSN,Briesen(Mark),RV,14.280635,52.34653,,,East
8003339,RMBK,Brigachtal Kirchdorf,RV,8.467807,48.014343,,,South
8003336,RKLN,Brigachtal Klengen,RV,8.465779,48.007366,,,South
8001182,EBRS,Brilon Stadt,RV,8.575287,51.39906,,,Central
8000054,EBRW,Brilon Wald,RV,8.576073,51.349159,,,Central
8010064,WBR,Britz,RV,13.821106,52.873268,,,North
8011270,WBTF,Broderstorf,RV,12.262763,54.078916,,,North
8001190,ABRS,Brokstedt,RV,9.823806,53.990086,,,North
8070274,TPBS,Brötzingen Sandweg,RV,8.662347,48.88588,,,South
8070275,TPBW,Brötzingen Wohnlichstraße,RV,8.653987,48.882077,,,South
8001196,FBB,Bruchenbrücken,RV,8.788402,50.301965,,,Central
8001198,RBRH,Bruchhausen(b Ettlingen),RV,8.373975,48.923992,,,South
8001199,FBK,Bruchköbel,RV,8.919293,50.186189,,,Central
8001200,SBUM,Bruchmühlbach-Miesau,RV,7.443979,49.385343,,,West
8000055,RBR,Bruchsal,FV,8.589649,49.124622,,,Central
8001214,RBMT,Bruchsal Am Mantel,RV,8.56327,49.141181,,,Central
8070009,RBRF,Bruchsal Schlachthof,RV,8.609716,49.118928,,,Central
8085001,RBRD,Bruchsal Schloßgarten,RV,8.59406,49.131438,,,Central
8085002,RBRC,Bruchsal Stegwiesen,RV,8.598199,49.136435,,,Central
8070008,RBRE,Bruchsal Tunnelstr.,RV,8.594378,49.119549,,,Central
8079080,SBRW,Bruchweiler,RV,7.801957,49.114704,,,West
8001203,MBR,Bruckberg,RV,11.997782,48.515979,,,South
8001205,TBRU,Brucken,RV,9.453061,48.573918,,,South
8011271,BBRK,Brück(Mark),RV,12.758467,52.186795,,,East
8001215,KBR P,Brühl,RV,6.912718,50.829249,,,West
8011277,LBRP,Brunau-Packebusch,RV,11.484586,52.751274,,,North
8001221,SBB,Bubach,RV,6.94821,49.411024,,,West
8001223,NBTH,Bubenreuth,RV,11.011994,49.629542,,,Central
8001225,NBM,Buchbrunn-Mainstockheim,RV,10.145179,49.763284,,,Central
8001227,RBUN,Buchen(Odenw),RV,9.327179,49.523529,,,Central
8001228,FBNU,Buchenau(Lahn),RV,8.600525,50.870544,,,Central
8001229,MBAU,Buchenau(Oberbay),RV,11.224497,48.160277,,,South
8001231,MBHA,Buchenhain,RV,11.497442,48.031255,,,South
8011281,WBUH,Buchenhorst,RV,12.712682,54.268211,,,North
8000057,MBU,Buchloe,FV,10.716217,48.033723,,,South
8000058,ABCH,Büchen,FV,10.623298,53.474972,,,North
8001242,NBUE,Büchenbach,RV,11.074034,49.267744,,,Central
8001245,HBKB,Bückeburg,RV,9.047796,52.267637,,,Central
8001252,RBUE,Bühl(Baden),RV,8.129299,48.696676,,,South
8011290,LBZG,Bülzig,RV,12.752715,51.894894,,,East
8001256,FBRG,Bürgeln,RV,8.817194,50.85375,,,Central
8000360,FBUE,Bürstadt,RV,8.459072,49.645125,,,Central
8001261,KBUT,Büttgen,RV,6.605785,51.197208,,,West
8010066,WB,Bützow,FV,11.998194,53.837114,,,North
8010067,UBF,Bufleben,RV,10.709057,50.997681,,,Central
8001262,RBGG,Buggingen,RV,7.628161,47.855254,,,West
8001264,KBUH,Buir,RV,6.574514,50.862401,,,West
8001266,EBUD,Buldern,RV,7.370479,51.863054,,,West
8001267,SBY,Bullay(DB),RV,7.134584,50.05446,,,West
8079087,SBTR,Bundenthal-Rumbach,RV,7.806152,49.102353,,,West
8011293,WBSG,Burg Stargard(Meckl),RV,13.303225,53.49959,,,North
8011294,LBU,Burg(Magdeburg),RV,11.840356,52.274406,,,Central
8001276,MBGU,Burgau(Schwab),RV,10.427012,48.424797,,,South
8001277,NBUM,Burgbernheim,RV,10.320221,49.454322,,,Central
8001278,NBUW,Burgbernheim-Wildbad,RV,10.312317,49.443294,,,Central
8001279,HBGD,Burgdorf,RV,10.002837,52.448708,,,Central
8001283,FBUH,Burghaun(Hünfeld),RV,9.727953,50.70055,,,Central
8001284,MBUH,Burghausen,RV,12.828182,48.1742,,,East
8011296,LBGK,Burgkemnitz,RV,12.407167,51.688818,,,East
8001288,MBGK,Burgkirchen,RV,12.727783,48.166908,,,East
8001289,NBK,Burgkunstadt,RV,11.242723,50.137657,,,Central
8001290,NBUR,Burglauer,RV,10.184441,50.27434,,,Central
8001293,NBN,Burgsinn,RV,9.656067,50.150317,,,Central
8001296,TBU,Burgstall(Murr),RV,9.369932,48.928647,,,South
8001297,NBUT,Burgthann,RV,11.309307,49.342474,,,Central
8001281,TBUW,Burgweiler,RV,9.343805,47.922765,,,South
8011299,DBUF,Burkhardtsdorf,RV,12.932137,50.733196,,,East
8007000,RBUS,Busenbach,RV,8.450563,48.929311,,,South
8079118,SBNS,Busenberg-Schindhard,RV,7.799703,49.138868,,,West
8001310,NBT,Buttenheim,RV,11.013494,49.799667,,,Central
8011304,UBU,Buttstädt,RV,11.418412,51.126995,,,Central
8001312,FBZ,Butzbach,RV,8.669517,50.431156,,,Central
8001315,ABX,Buxtehude,RV,9.688314,53.470491,,,North
8001317,NCA,Cadolzburg,RV,10.863611,49.460649,,,Central
8011305,DCDF,Cainsdorf,RV,12.496565,50.686559,,,East
8010069,BC,Calau(Nl),RV,13.97982,51.738118,,,East
8011323,LCBS,Calbe(Saale) Stadt,RV,11.776342,51.913879,,,Central
8001319,FCLD,Caldern,RV,8.670244,50.85297,,,Central
8001320,TCA,Calmbach Bahnhof,RV,8.571132,48.776481,,,South
8000063,TCW,Calw,RV,8.741854,48.714682,,,South
8013474,UCB,Camburg(Saale),RV,11.70468,51.050857,,,Central
8011307,WCA,Cammin(Meckl),RV,13.299645,53.439035,,,North
8012957,BSIS,Caputh Schwielowsee,RV,12.980368,52.340976,,,East
8011308,BCAP,Caputh-Geltow,RV,12.98448,52.350139,,,East
8011311,WCW,Casekow,RV,14.208187,53.213614,,,North
8001327,ECA,Castrop-Rauxel Hbf,RV,7.304566,51.573696,,,West
8001329,ECME,Castrop-Rauxel-Merklinde,RV,7.324228,51.527904,,,West
8000064,HC,Celle,FV,10.062706,52.621175,,,North
8001330,NCH,Cham(Oberpf),FV,12.656832,49.221869,,,East
8011975,DCE,Chemnitz Erfenschlag,RV,12.950184,50.787603,,,East
8010184,DC,Chemnitz Hbf,RV,12.930877,50.839696,,,East
8011970,DCKI,Chemnitz Kinderwaldstätte,RV,12.953568,50.884211,,,East
8013450,DCHP,Chemnitz-Hilbersdorf,RV,12.953879,50.861934,,,East
8011978,DCRE,Chemnitz-Reichenhain,RV,12.935877,50.795077,,,East
8011979,DCC,Chemnitz-Schönau,RV,12.8765,50.818095,,,East
8011980,DCSI,Chemnitz-Siegmar,RV,12.84251,50.815561,,,East
8011314,WCOK,Chorin,RV,13.869714,52.90354,,,North
8001338,NC,Coburg,RV,10.95737,50.263097,,,Central
8001340,SCOC,Cochem(Mosel),RV,7.166738,50.153092,,,West
8000065,FCOE,Cölbe,RV,8.787365,50.848159,,,Central
8005028,NRF,Collenberg,RV,9.329719,49.771121,,,Central
8001341,SCN,Contwig,RV,7.427916,49.24528,,,West
8011319,BCO,Coschen,RV,14.718167,52.019844,,,East
8011320,DCB,Cossebaude,RV,13.631582,51.085143,,,East
8011322,LCW,Coswig(Anh),RV,12.457625,51.888002,,,East
8010072,DCW,Coswig(b Dresden),FV,13.579414,51.12281,,,East
8010073,BCS,Cottbus,FV,14.324162,51.750957,,,East
8012341,BMZDN,Cottbus-Merzdorf,RV,14.366669,51.76891,,,East
8011318,BCSO,Cottbus-Sandow,RV,14.353704,51.755177,,,East
8000067,TC,Crailsheim,FV,10.064326,49.137872,,,Central
8010074,DCR,Cranzahl,RV,12.993028,50.511248,,,East
8001347,NCR,Creidlitz,RV,10.982246,50.227174,,,Central
8001348,NCRE,Creußen(Oberfr),RV,11.628443,49.84947,,,Central
8011325,DCU,Crimmitschau,RV,12.392986,50.815068,,,East
8011332,UCF,Cursdorf,RV,11.132022,50.571871,,,Central
8011334,BDAB,Dabendorf,RV,13.43729,52.237332,,,East
8001354,MDA,Dachau Bahnhof,RV,11.44426,48.254652,,,South
8001355,MDAS,Dachau Stadt,RV,11.439761,48.266661,,,South
8011335,UDA,Dachrieden,RV,10.443166,51.269187,,,Central
8011336,UDW,Dachwig,RV,10.849686,51.072436,,,Central
8001357,EDHL,Dahl,RV,7.527861,51.303629,,,West
8001359,KDAM,Dahlem(Eifel),RV,6.550382,50.385752,,,West
8011339,LDA,Dahlen(Sachs),RV,12.984253,51.350972,,,East
8001362,EDAK,Dahlerbrück,RV,7.517001,51.25186,,,West
8011340,BDT,Dahlewitz,RV,13.419579,52.326618,,,East
8079085,SDA,Dahn,RV,7.771283,49.154556,,,West
8001365,KDAL,Dalheim,RV,6.178209,51.149008,,,West
8001366,RDL,Dallau,RV,9.18755,49.388078,,,Central
8080260,BDL,Dallgow-Döberitz,RV,13.059037,52.543554,,,North
8011344,WDWE,Dannenwalde(Gransee),RV,13.180801,53.079756,,,North
8000068,FD,Darmstadt Hbf,FV,8.629636,49.872503,,,Central
8001378,FDA,Darmstadt-Arheilgen,RV,8.645343,49.913014,,,Central
8001379,FDE,Darmstadt-Eberstadt,RV,8.62582,49.813922,,,Central
8001380,FDK,Darmstadt-Kranichstein,RV,8.679359,49.906826,,,Central
8006528,FWX,Darmstadt-Wixhausen,RV,8.647751,49.930248,,,Central
8001384,KDAT,Dattenfeld(Sieg),RV,7.546252,50.80916,,,West
8001388,SDF,Daufenbach,RV,6.639911,49.875969,,,West
8001389,FDSU,Dausenau,RV,7.758212,50.326866,,,West
8001393,HDED,Dedensen-Gümmer,RV,9.521252,52.407049,,,Central
8001394,EDED,Dedinghausen,RV,8.398281,51.672359,,,Central
8001399,RDM,Deidesheim,RV,8.192634,49.408349,,,Central
8001400,NDE,Deining(Oberpf),RV,11.515572,49.203996,,,Central
8001404,MDS,Deisenhofen,RV,11.583597,48.019539,,,South
8080280,LDLO,Delitzsch ob Bf,RV,12.34639,51.519703,,,East
8010076,LDL,Delitzsch unt Bf,RV,12.345218,51.525227,,,East
8001406,SDE,Dellfeld,RV,7.469169,49.227782,,,West
8001407,SDEO,Dellfeld Ort,RV,7.478162,49.238869,,,West
8000070,HD,Delmenhorst,FV,8.629758,53.052792,,,North
8011355,LDK,Demker,RV,11.854733,52.518178,,,North
8011356,WDM,Demmin,RV,13.053954,53.90114,,,North
8001414,SDBO,Densborn,RV,6.600406,50.123918,,,West
8001415,RDZ,Denzlingen,RV,7.881434,48.068625,,,West
8001416,KDEK,Derkum,RV,6.81683,50.704964,,,West
8001417,KDEA,Dernau,RV,7.041527,50.529648,,,West
8010077,LD,Dessau Hbf,FV,12.234945,51.839865,,,East
8011363,LDAL,Dessau-Alten,RV,12.19334,51.825541,,,East
8011364,LDMO,Dessau-Mosigkau,RV,12.148546,51.814077,,,East
8001421,NDEB,Dettelbach Bahnhof,RV,10.090359,49.788146,,,Central
8001424,TDTUF,Dettingen Freibad,RV,9.351257,48.523174,,,South
8001426,TDTUG,Dettingen Gsaidt,RV,9.35804,48.514061,,,South
8001422,TDTUL,Dettingen Lehen,RV,9.336896,48.529216,,,South
8001427,FDET,Dettingen(Main),RV,9.036807,50.042556,,,Central
8001428,TDT,Dettingen(Teck),RV,9.454878,48.616409,,,South
8001429,HDEM,Dettum,RV,10.660757,52.156721,,,Central
8010078,LDB,Deuben(Zeitz),RV,12.068913,51.11053,,,East
8001430,NDN,Deuerling,RV,11.914918,49.04164,,,Central
8011371,LDTZ,Deutzen,RV,12.419542,51.11443,,,East
8000362,FDI,Dieburg,RV,8.839795,49.90369,,,Central
8070012,RBTD,Diedelsheim,RV,8.674472,49.039347,,,Central
8001439,MDID,Diedorf(Schwab),RV,10.776823,48.35609,,,South
8001448,FDHM,Dienheim,RV,8.357103,49.841003,,,Central
8001443,HDIP,Diepholz,FV,8.380334,52.604771,,,North
8000363,KDI,Dieringhausen,RV,7.542483,50.98542,,,West
8011376,LDI,Dieskau,RV,12.052167,51.450325,,,East
8001450,NDT,Dietersheim,RV,10.543103,49.556882,,,Central
8001454,MDRD,Dietmannsried,RV,10.290481,47.812866,,,South
8001456,FDZ,Dietzenbach Bahnhof,RV,8.785541,50.008064,,,Central
8001459,FDZS,Dietzenbach-Steinberg,RV,8.792627,50.02524,,,Central
8001457,FDIZ,Diez,RV,8.01962,50.370127,,,Central
8000074,FDIL,Dillenburg,RV,8.294088,50.734883,,,Central
8000075,SDL,Dillingen(Saar),RV,6.72215,49.35271,,,West
8001465,EDGD,Dingden,RV,6.607911,51.770322,,,West
8001466,MDIF,Dingolfing,RV,12.48687,48.641606,,,East
8001468,MDKS,Dinkelscherben,RV,10.586675,48.342638,,,South
8001469,EDIN,Dinslaken,RV,6.73803,51.567458,,,West
8001470,SDIR,Dirmingen,RV,7.012377,49.415386,,,West
8001472,TDIH,Distelhausen,RV,9.683508,49.598233,,,Central
8011386,DDF,Dittersdorf,RV,12.978615,50.75139,,,East
8001474,TDM,Dittigheim,RV,9.674912,49.607964,,,Central
8001476,TDI,Ditzingen,RV,9.06705,48.823611,,,South
8010080,DDE,Döbeln Hbf,RV,13.094988,51.126568,,,East
8010079,BDKO,Doberlug-Kirchhain,RV,13.564241,51.620576,,,East
8011387,LDOB,Doberschütz,RV,12.745785,51.492237,,,East
8001491,RDRN,Dogern,RV,8.167356,47.608887,,,South
8001480,RDGN,Döggingen,RV,8.441107,47.893654,,,South
8001493,ADR,Dollern,RV,9.55808,53.545425,,,North
8001495,MDO,Dollnstein,RV,11.079009,48.871425,,,South
8010081,UDST,Döllstädt,RV,10.813398,51.084886,,,Central
8000365,NDB,Dombühl,RV,10.298523,49.25211,,,Central
8000077,RDO,Donaueschingen,FV,8.498919,47.947786,,,South
8001479,RDOA,Donaueschingen Allmendshofen,RV,8.50172,47.940563,,,South
8001482,RDOF,Donaueschingen Aufen,RV,8.47562,47.963356,,,South
8001483,RDOG,Donaueschingen Grüningen,RV,8.471824,47.983052,,,South
8000078,MDT,Donauwörth,FV,10.771443,48.714026,,,South
8012321,WMK,Dorf Mecklenburg,RV,11.471343,53.842932,,,North
8011405,DDCH,Dorfchemnitz,RV,12.839939,50.665997,,,East
8001499,MDFN,Dorfen Bahnhof,RV,12.159686,48.267048,,,East
8001484,NDOE,Dörfles-Esbach,RV,10.997756,50.282751,,,Central
8001503,NDP,Dorfprozelten,RV,9.38216,49.779377,,,Central
8001504,FDH,Dorheim(Wetterau),RV,8.79051,50.352702,,,Central
8001506,KDO,Dormagen,RV,6.814837,51.099495,,,West
8001507,KDBWN,Dormagen Chempark,RV,6.838171,51.077045,,,West
8001512,TDS,Dornstetten,RV,8.494955,48.472106,,,South
8006709,EDRN,Dorsten,RV,6.970903,51.658335,,,West
8001514,FDW,Dortelweil,RV,8.751145,50.207503,,,Central
8000080,EDO N,Dortmund Hbf,FV,7.45929,51.517896,,,West
8001517,EDKK,Dortmund Knappschaftskrankenhaus,RV,7.537458,51.518768,,,West
8001518,EDMB,Dortmund Möllerbrücke,RV,7.452197,51.507118,,,West
8001522,EDWH,Dortmund Signal Iduna Park,RV,7.457327,51.490743,,,West
8001520,EDST,Dortmund Stadthaus,RV,7.468764,51.507828,,,West
8001521,EDTP,Dortmund Tierpark,RV,7.462102,51.478014,,,West
8004419,EDUV,Dortmund Universität,RV,7.41764,51.492604,,,West
8001523,EDAP,Dortmund-Aplerbeck,RV,7.551286,51.490173,,,West
8001527,EDBA,Dortmund-Barop,RV,7.431322,51.477108,,,West
8001528,EDBH,Dortmund-Bövinghausen,RV,7.327409,51.519314,,,West
8001529,EDBK,Dortmund-Brackel,RV,7.550052,51.520802,,,West
8001530,EDD,Dortmund-Derne,RV,7.528553,51.567542,,,West
8000081,EDDP,Dortmund-Dorstfeld,RV,7.424864,51.509376,,,West
8001540,EDGM,Dortmund-Germania,RV,7.363434,51.497868,,,West
8000961,EDH,Dortmund-Hörde,RV,7.499229,51.488015,,,West
8001505,EDOH,Dortmund-Huckarde,RV,7.402353,51.532623,,,West
8001533,EDKD,Dortmund-Kirchderne,RV,7.510105,51.547075,,,West
8001534,EDKH,Dortmund-Kirchhörde,RV,7.457849,51.464305,,,West
8004269,EDK,Dortmund-Kley,RV,7.365373,51.489503,,,West
8001535,EDKO,Dortmund-Körne,RV,7.514958,51.513245,,,West
8001536,EDKR,Dortmund-Kruckel,RV,7.41516,51.458201,,,West
8001537,EDKU,Dortmund-Kurl,RV,7.585291,51.556979,,,West
8001538,EDLH,Dortmund-Löttringhausen,RV,7.447077,51.451887,,,West
8001516,EDLS,Dortmund-Lütgendortmund,RV,7.333968,51.500544,,,West
8001541,EDMR,Dortmund-Marten,RV,7.37425,51.514459,,,West
8001543,EDMG,Dortmund-Mengede,RV,7.374374,51.570345,,,West
8001519,EDOO,Dortmund-Nette/Oestrich,RV,7.377731,51.561495,,,West
8004288,EDOP,Dortmund-Oespel,RV,7.383854,51.488407,,,West
8001544,EDRA,Dortmund-Rahm,RV,7.395364,51.52581,,,West
8001515,EDSH,Dortmund-Scharnhorst,RV,7.536519,51.538427,,,West
8001545,EDSO,Dortmund-Sölde,RV,7.588494,51.495146,,,West
8001549,EDSM,Dortmund-Somborn,RV,7.349832,51.495791,,,West
8001546,EDWI,Dortmund-Wickede,RV,7.62466,51.53393,,,West
8001531,EDOL,Dortmund-Wischlingen,RV,7.412711,51.519108,,,West
8001489,HDVD,Dörverden,RV,9.246334,52.846407,,,North
8011408,WDOW,Dossow(Prign),RV,12.520886,53.121209,,,North
8001548,NDM,Dottenheim,RV,10.522573,49.547496,,,Central
8011409,BDF,Drahnsdorf,RV,13.58125,51.915391,,,East
8011414,BDR,Drebkau,RV,14.22313,51.655084,,,East
8001236,FBUSS,Dreieich-Buchschlag,RV,8.661204,50.022113,,,Central
8001554,FDCH,Dreieich-Dreieichenhain,RV,8.708693,49.998468,,,Central
8002315,FGOZ,Dreieich-Götzenhain,RV,8.731266,49.994502,,,Central
8004653,FOFF,Dreieich-Offenthal,RV,8.74964,49.981851,,,Central
8005636,FSPO,Dreieich-Sprendlingen,RV,8.68874,50.015201,,,Central
8079151,FWED,Dreieich-Weibelfeld,RV,8.700922,50.007084,,,Central
8011415,LDD,Dreileben-Drackenstedt,RV,11.341559,52.143852,,,Central
8001558,EDRS,Drensteinfurt,RV,7.733609,51.799158,,,West
8011416,DBPL,Dresden Bischofsplatz,RV,13.746003,51.072597,,,East
8011399,DKTF,Dresden Flughafen,RV,13.765993,51.124665,,,East
8011431,DHFR,Dresden Freiberger Straße,RV,13.71959,51.047977,,,East
8011417,DGRS,Dresden Grenzstraße,RV,13.777737,51.128298,,,East
8010085,DH,Dresden Hbf,FV,13.732035,51.040563,,,East
8011418,DIG,Dresden Industriegelände,RV,13.762772,51.087456,,,East
8011419,DCT,Dresden-Cotta,RV,13.683298,51.062157,,,East
8011420,DD,Dresden-Dobritz,RV,13.808477,51.011614,,,East
8013475,DF,Dresden-Friedrichstadt,RV,13.708151,51.056034,,,East
8011421,DKE,Dresden-Kemnitz,RV,13.668919,51.073084,,,East
8010088,DKT,Dresden-Klotzsche,RV,13.78911,51.114667,,,East
8010089,DN,Dresden-Neustadt,FV,13.740701,51.065899,,,East
8011422,DNSH,Dresden-Niedersedlitz,RV,13.828399,50.999654,,,East
8011423,DPS,Dresden-Pieschen,RV,13.725527,51.081859,,,East
8013476,DPL,Dresden-Plauen,RV,13.703559,51.030083,,,East
8011424,DRK,Dresden-Reick,RV,13.790514,51.021317,,,East
8011425,DSTT,Dresden-Stetzsch,RV,13.650869,51.080848,,,East
8011426,DSTH,Dresden-Strehlen,RV,13.761861,51.030677,,,East
8011427,DTR,Dresden-Trachau,RV,13.705948,51.089306,,,East
8011428,DZSW,Dresden-Zschachwitz,RV,13.84493,50.989652,,,East
8001561,HDRY,Dreye,RV,8.871103,53.018425,,,North
8011438,WDU,Ducherow,RV,13.796021,53.766135,,,North
8001566,KDUK,Duckterath,RV,7.103496,50.984815,,,West
8001570,SDUW,Dudweiler,RV,7.027351,49.277299,,,West
8001571,KDUL,Dülken,RV,6.33793,51.257149,,,West
8000083,EDULH,Dülmen,RV,7.295765,51.827676,,,West
8000084,KDN P,Düren,FV,6.482451,50.809517,,,West
8001576,RDBG,Dürrenbüchig,RV,8.648181,49.023952,,,Central
8001578,MDHR,Dürrnhaar,RV,11.736607,47.993954,,,South
8000082,KDFFH,Düsseldorf Flughafen,FV,6.786836,51.292009,,,West
8001580,KDF,Düsseldorf Flughafen Terminal,RV,6.766979,51.278517,,,West
8001579,KDFS,Düsseldorf Friedrichstadt,RV,6.78899,51.212115,,,West
8000085,KD,Düsseldorf Hbf,FV,6.794319,51.219962,,,West
8001603,KDVS,Düsseldorf Völklinger Str.,RV,6.760431,51.210208,,,West
8001581,KDV,Düsseldorf Volksgarten,RV,6.791978,51.210138,,,West
8001582,KDW,Düsseldorf Wehrhahn,RV,6.798173,51.228447,,,West
8001584,KDBE,Düsseldorf-Benrath,RV,6.878931,51.162293,,,West
8001585,KDBH,Düsseldorf-Bilk,RV,6.775578,51.207994,,,West
8001586,KDDH,Düsseldorf-Derendorf,RV,6.794512,51.247624,,,West
8001587,KDE,Düsseldorf-Eller,RV,6.851927,51.20267,,,West
8001598,KDFL,Düsseldorf-Flingern,RV,6.810179,51.226367,,,West
8001589,KDGA,Düsseldorf-Garath,RV,6.897675,51.143626,,,West
8001590,KDGE,Düsseldorf-Gerresheim,RV,6.863933,51.220361,,,West
8001597,KDHA,Düsseldorf-Hamm,RV,6.740335,51.21077,,,West
8004920,KDHL,Düsseldorf-Hellerhof,RV,6.908277,51.133036,,,West
8001591,KDOB,Düsseldorf-Oberbilk,RV,6.808678,51.208047,,,West
8001592,KDR,Düsseldorf-Rath,RV,6.821063,51.264124,,,West
8001594,KDRH,Düsseldorf-Reisholz,RV,6.860953,51.180782,,,West
8001595,KDU,Düsseldorf-Unterrath,RV,6.788783,51.276732,,,West
8001583,KDZ,Düsseldorf-Zoo,RV,6.796924,51.236962,,,West
8005272,EDWDE,Duisburg Entenfang,RV,6.813422,51.377123,,,West
8000086,EDG,Duisburg Hbf,FV,6.775903,51.429785,,,West
8001599,EDBI,Duisburg-Bissingheim,RV,6.808067,51.392175,,,West
8001600,EDBU,Duisburg-Buchholz,RV,6.775406,51.382919,,,West
8001602,EDGR,Duisburg-Großenbaum,RV,6.77747,51.364774,,,West
8001609,EDRM,Duisburg-Rahm,RV,6.779924,51.346835,,,West
8001596,EDSL,Duisburg-Schlenk,RV,6.773206,51.401781,,,West
8001612,EDWD,Duisburg-Wedau,RV,6.803575,51.399253,,,West
8001614,MDUH,Durach,RV,10.343797,47.696452,,,South
8001616,RDRM,Durmersheim,RV,8.272631,48.928904,,,South
8001618,FDTH,Dutenhofen(Wetzlar),RV,8.598905,50.56445,,,Central
8001619,NEE,Ebelsbach-Eltmann,RV,10.669614,49.982672,,,Central
8001620,NEBH,Ebenhausen(Unterfr),RV,10.13804,50.131305,,,Central
8001621,MEBS,Ebenhausen-Schäftlarn,RV,11.453608,47.978686,,,South
8001622,MEBH,Ebenhofen,RV,10.618479,47.814818,,,South
8001623,NED,Ebensfeld,RV,10.954725,50.068731,,,Central
8000369,REA,Eberbach,RV,8.984152,49.465768,,,Central
8001628,MEBM,Ebermergen,RV,10.71096,48.75621,,,South
8001632,TEC,Ebersbach(Fils),RV,9.526582,48.71612,,,South
8001634,MEG,Ebersberg(Oberbay),RV,11.970243,48.07497,,,South
8001636,NEC,Ebersdorf(b Coburg),RV,11.064643,50.224271,,,Central
8010093,WE,Eberswalde Hbf,FV,13.797062,52.834021,,,North
8001638,RET,Ebertsheim,RV,8.108237,49.564004,,,Central
8001640,NEG,Ebing,RV,10.913846,50.001535,,,Central
8001643,REBR,Ebringen,RV,7.76818,47.96036,,,West
8001646,AECH,Echem,RV,10.537198,53.337006,,,North
8001647,MEC,Eching,RV,11.616744,48.303046,,,South
8001650,TETD,Echterdingen,RV,9.169164,48.692152,,,South
8001648,FEZL,Echzell,RV,8.891312,50.390719,,,Central
8011449,UEK,Eckardtsleben,RV,10.682123,51.066093,,,Central
8011450,UEC,Eckartsberga(Thür),RV,11.55455,51.107837,,,Central
8001651,TEI,Eckartshausen-Ilshofen,RV,9.936645,49.152317,,,Central
8001654,AEC,Eckernförde,RV,9.835115,54.4676,,,North
8001655,NEMN,Eckersmühlen,RV,11.137947,49.215472,,,Central
8001659,FED,Eddersheim,RV,8.456741,50.039492,,,Central
8001660,TED,Edelfingen,RV,9.743113,49.513025,,,Central
8001663,REK,Edenkoben,RV,8.14062,49.282053,,,Central
8002374,FGRF,Edermünde-Grifte,RV,9.448855,51.209958,,,Central
8001665,REH,Edesheim(Pfalz),RV,8.139075,49.263736,,,Central
8001666,SEE,Ediger-Eller,RV,7.139598,50.104697,,,West
8001668,FEDI,Edingen(Wetzlar),RV,8.322823,50.632166,,,Central
8011451,DKR,Edle Krone,RV,13.583632,50.950015,,,East
8001669,MEDL,Edling,RV,12.163234,48.058479,,,East
8001671,REF,Efringen-Kirchen,RV,7.563918,47.655619,,,West
8001672,FEGB,Egelsbach,RV,8.653462,49.96917,,,Central
8001674,NEGE,Egersdorf,RV,10.887385,49.464638,,,Central
8001675,HEGT,Egestorf(Deister),RV,9.514485,52.278585,,,Central
8001677,MEGF,Eggenfelden,RV,12.748669,48.403956,,,East
8007173,REG,Eggenstein Bf,RV,8.397941,49.075671,,,Central
8011455,LEGD,Eggersdorf,RV,11.695948,51.975131,,,Central
8011456,WEGS,Eggesin,RV,14.073046,53.681825,,,North
8070866,RUEG,Eggingen,RV,8.396653,47.693731,,,South
8001678,MEGK,Egglkofen,RV,12.445956,48.395762,,,East
8001679,MEGM,Eggmühl,RV,12.182192,48.836497,,,East
8001680,NEO,Eggolsheim,RV,11.036662,49.77496,,,Central
8001682,MEGL,Eglharting,RV,11.864291,48.082348,,,South
8001684,TEH,Ehingen(Donau),RV,9.72434,48.285677,,,South
8001687,HELH,Ehlershausen,RV,10.029596,52.523609,,,North
8001689,TEHN,Ehningen(b Böblingen),RV,8.94426,48.662682,,,South
8000370,SEG,Ehrang,RV,6.685808,49.802029,,,West
8001688,SEGO,Ehrang Ort,RV,6.688261,49.809413,,,West
8001691,FEGN,Ehringen,RV,9.154619,51.379528,,,Central
8001692,EERI,Ehringhausen(Kr Lippstadt),RV,8.44926,51.662813,,,Central
8001694,FEHR,Ehringshausen(Kr Wetzlar),RV,8.383841,50.595066,,,Central
8001702,MEIC,Eichenau(Oberbay),RV,11.328277,48.179324,,,South
8000090,HEBG,Eichenberg,RV,9.921482,51.374823,,,Central
8001707,REM,Eicholzheim,RV,9.290317,49.432439,,,Central
8001708,MEB,Eichstätt Bahnhof,RV,11.16365,48.869879,,,South
8011460,LEST,Eichstedt(Altm),RV,11.854895,52.67485,,,North
8080340,BEIW,Eichwalde,RV,13.615398,52.371352,,,East
8011462,LEF,Eickendorf,RV,11.676878,51.946752,,,Central
8010095,LEG,Eilenburg,RV,12.637004,51.451966,,,East
8001712,KEIL,Eilendorf,RV,6.154367,50.785561,,,West
8010096,LEI,Eilsleben(b Magdeburg),RV,11.215214,52.150237,,,Central
8001713,HEIV,Eilvese,RV,9.428147,52.545215,,,North
8001715,REI,Eimeldingen,RV,7.5956,47.627948,,,West
8005264,HEB,Einbeck Salzderhelden,RV,9.922775,51.798169,,,Central
8001718,AEF,Einfeld,RV,9.997923,54.129373,,,North
8000371,SEI,Einöd(Saar),RV,7.321916,49.266663,,,West
8011466,DED,Einsiedel,RV,12.973014,50.772786,,,East
8011464,DEDH,Einsiedel Hp Gymnasium,RV,12.970611,50.782992,,,East
8001720,SEF,Einsiedlerhof,RV,7.662227,49.431002,,,West
8010097,UEI,Eisenach,FV,10.331986,50.976922,,,Central
8001725,MEZT,Eisenärzt,RV,12.638301,47.796273,,,East
8001727,SEMA,Eisenbach-Matzenbach,RV,7.456212,49.494721,,,West
8001728,REISO,Eisenberg(Pfalz),RV,8.070582,49.554483,,,Central
8011471,BEHS,Eisenhüttenstadt,RV,14.658435,52.14798,,,East
8001729,EEFD,Eiserfeld(Sieg),RV,7.987071,50.847299,,,West
8001731,TEF,Eislingen(Fils),RV,9.705147,48.696494,,,South
8001732,REIW,Eiswoog,RV,7.983562,49.516578,,,West
8001734,MEI,Eitensheim,RV,11.319259,48.815979,,,South
8001736,KEIT,Eitorf,RV,7.447326,50.773619,,,West
8001746,TBME,Ellental,RV,9.123744,48.955288,,,South
8001747,TELL,Ellhofen,RV,9.316035,49.149952,,,Central
8001749,NEL,Ellingen(Bay),RV,10.959693,49.066228,,,Central
8011480,UER,Ellrich,RV,10.669444,51.579804,,,Central
8001751,TEL,Ellwangen,FV,10.129681,48.964121,,,South
8001752,MELZ,Ellzee,RV,10.338371,48.34214,,,South
8011481,WELM,Elmenhorst,RV,13.074014,54.210202,,,North
8000092,AEL,Elmshorn,RV,9.659408,53.754025,,,North
8001754,TELP,Elpersheim,RV,9.873427,49.473094,,,Central
8011484,LEK,Elsnigk(Anh),RV,12.058518,51.790671,,,East
8080370,BETN,Elstal,RV,13.000114,52.54749,,,North
8011486,LELT,Elster(Elbe),RV,12.827705,51.832331,,,East
8011487,UELB,Elsterberg,RV,12.167487,50.613547,,,East
8010099,BEW,Elsterwerda,FV,13.516428,51.459677,,,East
8010100,BEB,Elsterwerda-Biehla,RV,13.519271,51.472227,,,East
8001762,NEF,Eltersdorf,RV,10.996381,49.553782,,,Central
8001763,FELT,Eltville,FV,8.12153,50.027562,,,Central
8011489,UEX,Elxleben,RV,10.946788,51.043183,,,Central
8000093,HELZ,Elze(Han),FV,9.746894,52.120147,,,Central
8001767,HEA,Emden Außenhafen,FV,7.186179,53.344469,,,North
8001768,HE,Emden Hbf,FV,7.195176,53.369036,,,North
8001771,REMM,Emmendingen,RV,7.847511,48.119454,,,West
8001773,EEM,Emmerich,RV,6.256042,51.834219,,,West
8001775,HEMK,Emmerke,RV,9.866201,52.162365,,,Central
8001777,HEMT,Emmerthal,RV,9.382856,52.046413,,,Central
8001781,HEMP,Empelde,RV,9.668982,52.340157,,,Central
8001780,EEMP,Empel-Rees,RV,6.417136,51.79816,,,West
8001782,EEDT,Emsdetten,RV,7.531528,52.17675,,,West
8001783,NEK,Emskirchen,RV,10.710412,49.55503,,,Central
8001785,TEN,Endersbach,RV,9.370228,48.813153,,,South
8011491,LE  H,Engelsdorf,RV,12.477634,51.343946,,,East
8001789,KENL,Engelskirchen,RV,7.407681,50.986719,,,West
8001790,RENG,Engen,RV,8.772786,47.856347,,,South
8000094,KENR,Engers,RV,7.546827,50.42598,,,West
8001792,MEGH,Engertsham,RV,13.358696,48.473918,,,East
8070456,TKL,Engstingen,RV,9.292419,48.392271,,,South
8000372,SENK,Enkenbach,RV,7.899501,49.489933,,,West
8001795,EENP,Ennepetal,RV,7.343285,51.304892,,,West
8001799,SEN,Ensdorf(Saar),RV,6.776015,49.302874,,,West
8001802,TENT,Entringen,RV,8.963007,48.552291,,,South
8001803,TEZ,Enzberg,RV,8.799804,48.933883,,,South
8001806,MENW,Enzisweiler,RV,9.665429,47.564142,,,South
8001812,SEP,Eppelborn,RV,6.967189,49.408657,,,West
8001813,FEPP,Eppelsheim(Rheinhess),RV,8.162882,49.700063,,,Central
8001814,FER,Eppertshausen,RV,8.84236,49.945368,,,Central
8000373,REP,Eppingen,RV,8.914663,49.136001,,,Central
8001815,FEP,Eppstein,RV,8.387643,50.139833,,,Central
8001816,FEPB,Eppstein-Bremthal,RV,8.364079,50.141396,,,Central
8001820,TER,Erbach(Württ),RV,9.894833,48.325902,,,South
8011496,LER,Erdeborn,RV,11.636965,51.468799,,,Central
8001825,MER,Erding,RV,11.912063,48.30346,,,South
8001827,TERD,Erdmannhausen,RV,9.299405,48.948229,,,South
8011497,DEA,Erdmannsdorf-Augustusburg,RV,13.08394,50.82115,,,East
8001829,MEWG,Erdweg,RV,11.303305,48.333744,,,South
8003671,KEST,Erftstadt,RV,6.832955,50.807093,,,West
8010101,UE  P,Erfurt Hbf,FV,11.038499,50.972551,,,Central
8011502,UEBI,Erfurt-Bischleben,RV,10.988439,50.933768,,,Central
8011503,UEGI,Erfurt-Gispersleben,RV,11.000277,51.022129,,,Central
8001833,TEG,Ergenzingen,RV,8.809857,48.489534,,,South
8001835,MERB,Ergoldsbach,RV,12.201874,48.693868,,,East
8001836,EERG,Ergste,RV,7.577534,51.424705,,,West
8001838,TEK,Eriskirch,RV,9.526672,47.628402,,,South
8001839,KERZ,Erkelenz,RV,6.32172,51.076564,,,West
8013477,BERK,Erkner,RV,13.751457,52.428359,,,East
8001841,KER,Erkrath,RV,6.902412,51.220458,,,West
8011505,DERA,Erla,RV,12.78694,50.519815,,,East
8011506,DERB,Erlabrunn(Erzgeb),RV,12.720499,50.470906,,,East
8001844,NER,Erlangen,FV,11.001908,49.595895,,,Central
8001846,NERS,Erlangen Paul-Gossen-Straße,RV,10.9994,49.579202,,,Central
8001845,NERB,Erlangen-Bruck,RV,10.997261,49.570665,,,Central
8011507,DER,Erlau(Sachs),RV,12.943035,51.00863,,,East
8001848,NERL,Erlenbach(Main),RV,9.154436,49.803633,,,Central
8001851,EEK,Erndtebrück,RV,8.255317,50.991234,,,Central
8001854,FERH,Ernsthausen,RV,8.731617,50.979301,,,Central
8001858,KERP,Erpel(Rhein),RV,7.241594,50.582064,,,West
8001860,RERO,Erpolzheim,RV,8.210697,49.488326,,,Central
8001861,TERS,Ersingen,RV,8.63856,48.930657,,,South
8001864,FEZS,Erzhausen,RV,8.650807,49.950731,,,Central
8001865,RERZ,Erzingen(Baden),RV,8.430123,47.659541,,,South
8001870,FES,Eschborn,RV,8.560971,50.143618,,,Central
8007443,RESN,Eschelbronn,RV,8.867796,49.323982,,,Central
8001874,TESU,Eschenau(b Heilbronn),RV,9.402735,49.143785,,,Central
8001877,NESB,Eschenbach(b Markt Erlbach),RV,10.671636,49.482234,,,Central
8001880,MECH,Eschenlohe,RV,11.187945,47.601745,,,South
8001883,FEN,Eschhofen,RV,8.10492,50.393586,,,Central
8001886,KE,Eschweiler Hbf,RV,6.251937,50.813532,,,West
8001888,KET,Eschweiler Talbahnhof,RV,6.263203,50.814759,,,West
8001889,KEN,Eschweiler-Nothberg,RV,6.293846,50.812827,,,West
8001917,KESJ,Eschweiler-St.Jöris,RV,6.201387,50.834502,,,West
8001893,KWEI,Eschweiler-Weisweiler,RV,6.320318,50.824174,,,West
8004060,FMHF,Espenau-Mönchehof,RV,9.455955,51.390674,,,Central
8000098,EE,Essen Hbf,FV,7.014793,51.451355,,,West
8001896,EESA,Essen Stadtwald,RV,7.023296,51.422853,,,West
8001900,EEAL,Essen-Altenessen,RV,7.007198,51.484306,,,West
8001901,EEBE,Essen-Bergeborbeck,RV,6.977782,51.480201,,,West
8001902,EEBB,Essen-Borbeck,RV,6.948795,51.472713,,,West
8001903,EEDL,Essen-Dellwig,RV,6.923068,51.488108,,,West
8001905,EEIB,Essen-Eiberg,RV,7.109691,51.441814,,,West
8001906,EEFO,Essen-Frohnhausen,RV,6.96515,51.455245,,,West
8001907,EEGE,Essen-Gerschede,RV,6.943515,51.482598,,,West
8006514,EEHH,Essen-Holthausen,RV,7.072649,51.417711,,,West
8006194,EEHT,Essen-Horst,RV,7.102741,51.431214,,,West
8001908,EEHU,Essen-Hügel,RV,7.008243,51.404501,,,West
8001912,EEKU,Essen-Kupferdreh,RV,7.080247,51.390945,,,West
8000099,EEST,Essen-Steele,RV,7.075552,51.450684,,,West
8001914,EEUE,Essen-Überruhr,RV,7.068716,51.428541,,,West
8001915,EEWD,Essen-Werden,RV,6.997845,51.386828,,,West
8001919,NEN,Eßleben,RV,10.085225,49.943101,,,Central
8001920,TE,Esslingen(Neckar),FV,9.30008,48.73881,,,South
8001921,TEME,Esslingen-Mettingen,RV,9.27583,48.747083,,,South
8006642,TEZL,Esslingen-Zell,RV,9.359389,48.724328,,,South
8001996,MESG,Esting,RV,11.317322,48.212196,,,South
8001924,HETL,Etelsen,RV,9.123745,52.999203,,,North
8001925,NET,Etterzhausen,RV,11.978031,49.030609,,,Central
8007007,RETT,Ettlingen Stadt,RV,8.409106,48.938617,,,South
8001928,EEZB,Etzbach,RV,7.690264,50.781282,,,West
8001929,NEW,Etzelwang,RV,11.586408,49.525525,,,Central
8001932,NEZ,Etzenricht,RV,12.098291,49.628817,,,East
8007008,RETZ,Etzenrot,RV,8.457623,48.914209,,,South
8011520,UET,Etzleben,RV,11.181128,51.258077,,,Central
8001933,TEU,Eubigheim,RV,9.538015,49.501732,,,Central
8000100,KEU,Euskirchen,RV,6.792193,50.65776,,,West
8006673,KZU,Euskirchen Zuckerfabrik,RV,6.813256,50.65687,,,West
8003440,KKRW,Euskirchen-Kreuzweingarten,RV,6.796055,50.613054,,,West
8003462,KKUH,Euskirchen-Kuchenheim,RV,6.834478,50.655602,,,West
8005748,KSTZ,Euskirchen-Stotzheim,RV,6.810773,50.633859,,,West
8001941,AEU,Eutin,RV,10.610123,54.135343,,,North
8000101,TET,Eutingen im Gäu,FV,8.782236,48.479952,,,South
8001942,TEB,Eutingen(Baden),RV,8.743772,48.909846,,,South
8001946,TEY,Eyach,RV,8.783101,48.446288,,,South
8001949,HETR,Eystrup,RV,9.23139,52.783369,,,North
8001950,FFAN,Fachingen(Lahn),RV,7.992566,50.361781,,,West
8011524,DFBE,Fährbrücke,RV,12.619722,50.650124,,,East
8001954,RFN,Fahrnau,RV,7.839425,47.66156,,,West
8011528,DFU,Falkenau(Sachs)Hp,RV,13.118402,50.854685,,,East
8010103,LF,Falkenberg(Elster),RV,13.247685,51.58362,,,East
8013479,BFKS,Falkensee,RV,13.089636,52.559772,,,North
8011533,BFS,Fangschleuse,RV,13.824926,52.406725,,,East
8001961,MFCH,Farchant,RV,11.11486,47.53097,,,South
8001963,MFP,Fasanenpark,RV,11.609378,48.079713,,,South
8001964,NFCH,Faulbach(Main),RV,9.437614,49.786932,,,Central
8001965,TFAU,Faurndau,RV,9.616047,48.710807,,,South
8001967,TFV,Favoritepark,RV,9.180233,48.909209,,,South
8001274,ABUF,Fehmarn-Burg,FV,11.18898,54.443591,,,North
8001969,NFZ,Feilitzsch,RV,11.934034,50.364324,,,Central
8001970,MFA,Feldafing,RV,11.290224,47.946938,,,South
8001971,RFB,Feldberg-Bärental,RV,8.098294,47.871444,,,South
8001977,AFEB,Felde,RV,9.947018,54.309847,,,North
8001972,EFEL,Feldhausen,RV,6.973083,51.615355,,,West
8001973,MFK,Feldkirchen(b München),RV,11.732103,48.151846,,,South
8001974,TFE,Fellbach,RV,9.269978,48.820049,,,South
8000520,FABL,Felsberg-Altenbrunslar,RV,9.445462,51.165227,,,Central
8002236,FGEF,Felsberg-Gensungen,RV,9.43563,51.131122,,,Central
8006546,FWON,Felsberg-Wolfershausen,RV,9.45006,51.186552,,,Central
8013480,BFLZ,Ferch-Lienewitz,RV,12.964073,52.303553,,,East
8011536,WFDF,Ferdinandshof,RV,13.881913,53.660087,,,North
8011537,LFMW,Fermerswalde,RV,13.173589,51.642998,,,East
8001978,NFT,Feucht,RV,11.204207,49.381947,,,Central
8002520,NFTM,Feucht-Moosbach,RV,11.260901,49.387913,,,Central
8001980,EFEU,Feudingen,RV,8.329337,50.940797,,,Central
8001982,TFI,Fichtenberg,RV,9.700763,48.987346,,,South
8001984,TFIL,Filderstadt,RV,9.217709,48.676493,,,South
8011540,BFIH,Finkenheerd,RV,14.569595,52.249419,,,East
8011541,BFIN,Finkenkrug,RV,13.051255,52.569663,,,North
8001985,MFNS,Finningerstraße,RV,10.026228,48.389993,,,South
8011542,BFW,Finsterwalde(Niederlausitz),RV,13.710388,51.637001,,,East
8001989,NFIH,Fischbach(Nürnberg),RV,11.17407,49.41334,,,Central
8001990,SFC,Fischbach-Camphausen,RV,7.031132,49.304744,,,West
8001995,MFN,Fischen,FV,10.271717,47.456591,,,South
8011544,LFG,Flechtingen,RV,11.261352,52.347968,,,Central
8011545,LFL,Fleetmark,RV,11.378693,52.790802,,,North
8002005,RFL,Flehingen,RV,8.782727,49.084595,,,Central
8000103,AF,Flensburg,FV,9.436526,54.774039,,,North
8002010,FFD,Flieden,RV,9.576616,50.421382,,,Central
8002011,AFT,Flintbek,RV,10.062913,54.243349,,,North
8010108,DFL,Flöha,RV,13.075152,50.854355,,,East
8010128,DFLP,Flöha-Plaue,RV,13.085007,50.844489,,,East
8002014,RFLO,Flomersheim,RV,8.333801,49.513958,,,Central
8002013,FFH,Flörsheim(Main),RV,8.431013,50.017211,,,Central
8011548,DFM,Floßmühle,RV,13.181082,50.758757,,,East
8002018,SFOE,Föhren,RV,6.767531,49.857099,,,West
8002022,RFCH,Forbach(Schwarzw),RV,8.361491,48.680399,,,South
8002019,NFOE,Förbau,RV,11.910685,50.207519,,,Central
8002023,RFM,Forchheim(b Karlsruhe),RV,8.338934,48.964785,,,South
8002024,NFO,Forchheim(Oberfr),RV,11.069859,49.71707,,,Central
8011549,LFD,Förderstedt,RV,11.633757,51.903517,,,Central
8002026,TFB,Fornsbach,RV,9.642498,48.975445,,,South
8010111,BFO,Forst(Lausitz),RV,14.637628,51.738882,,,East
8002027,KFOS,Forsthaus,RV,6.503498,51.303412,,,West
8002028,MFOS,Forsting,RV,12.091448,48.081864,,,East
8002029,NFH,Forth,RV,11.221457,49.591698,,,Central
8002020,NFDF,Förtschendorf,RV,11.350128,50.392901,,,Central
8000104,FFRK,Frankenberg(Eder),RV,8.789181,51.054565,,,Central
8002033,FFRG,Frankenberg-Goßberg,RV,8.799326,51.064998,,,Central
8006082,FVI,Frankenberg-Viermünden,RV,8.833922,51.102215,,,Central
8002036,RFST,Frankenstein(Pfalz),RV,7.969802,49.438867,,,West
8011556,DFRS,Frankenstein(Sachs),RV,13.228254,50.90252,,,East
8000332,RFT,Frankenthal Hbf,RV,8.349702,49.535567,,,Central
8002040,FSP,Frankfurt am Main - Stadion,RV,8.633247,50.068228,,,Central
8098105,FFT,Frankfurt Hbf (tief),RV,8.664137,50.107407,,,Central
8070003,FFLF,Frankfurt(M) Flughafen Fernbf,FV,8.570185,50.053167,,,Central
8070004,FFLU,Frankfurt(M) Flughafen Regionalbf,FV,8.571251,50.051219,,,Central
8006690,FFGA,Frankfurt(M)Galluswarte,RV,8.64472,50.10403,,,Central
8006692,FHAU,Frankfurt(M)Hauptwache,RV,8.678947,50.113926,,,Central
8004429,FKON,Frankfurt(M)Konstablerwache,RV,8.687098,50.114623,,,Central
8002038,FLBF,Frankfurt(M)Lokalbahnhof,RV,8.693025,50.102171,,,Central
8002034,FMUL,Frankfurt(M)Mühlberg,RV,8.701504,50.101609,,,Central
8002059,FSTL,Frankfurt(M)Stresemannallee,RV,8.671248,50.094438,,,Central
8006691,FFTA,Frankfurt(M)Taunusanlage,RV,8.668864,50.113565,,,Central
8000105,FF,Frankfurt(Main)Hbf,FV,8.663789,50.107145,,,Central
8079632,FFME,Frankfurt(Main)Messe,RV,8.643374,50.112004,,,Central
8010113,BFP,Frankfurt(Oder),FV,14.546496,52.336416,,,East
8011559,BFRS,Frankfurt(Oder)-Rosengarten,RV,14.472631,52.337769,,,East
8002043,FFBK,Frankfurt-Berkersheim,RV,8.697827,50.176486,,,Central
8002045,FFES,Frankfurt-Eschersheim,RV,8.655431,50.158583,,,Central
8002044,FFBS,Frankfurt-Frankfurter Berg,RV,8.676551,50.170266,,,Central
8002046,FGM,Frankfurt-Griesheim,RV,8.606394,50.094334,,,Central
8000106,FHOE,Frankfurt-Höchst,RV,8.54237,50.102634,,,Central
8002051,FFAW,Frankfurt-Höchst Farbwerke,RV,8.528732,50.098558,,,Central
8002047,FLS,Frankfurt-Louisa,RV,8.670369,50.083956,,,Central
8002048,FFMK,Frankfurt-Mainkur,RV,8.767437,50.134603,,,Central
8002049,FFND,Frankfurt-Nied,RV,8.570734,50.102519,,,Central
8002050,FNI S,Frankfurt-Niederrad,RV,8.637075,50.081283,,,Central
8002052,FRH,Frankfurt-Rödelheim,RV,8.607026,50.124615,,,Central
8002053,FSIN,Frankfurt-Sindlingen,RV,8.512259,50.087497,,,Central
8002055,FFZH,Frankfurt-Zeilsheim,RV,8.506011,50.090124,,,Central
8011560,LFA,Frankleben,RV,11.937582,51.309561,,,Central
8007010,RFS,Frauenalb-Schielberg,RV,8.440492,48.837294,,,South
8011563,BFR,Frauenhain,RV,13.503636,51.384223,,,East
8002389,KFKO,Frechen-Königsdorf,RV,6.777846,50.936501,,,West
8080440,BFD,Fredersdorf(b Berlin),RV,13.760628,52.526212,,,North
8002065,TFG,Freiberg(Neckar),RV,9.197796,48.930107,,,South
8010115,DFR,Freiberg(Sachs),RV,13.344141,50.908725,,,East
8000107,RF,Freiburg(Breisgau) Hbf,FV,7.84117,47.997697,,,West
8002067,RFHE,Freiburg-Herdern,RV,7.850973,48.008237,,,West
8002068,RFLT,Freiburg-Littenweiler,RV,7.895133,47.981672,,,West
8002069,RFSG,Freiburg-St Georgen,RV,7.803006,47.975496,,,West
8002070,RFWI,Freiburg-Wiehre,RV,7.854127,47.982413,,,West
8002071,RFZ,Freiburg-Zähringen,RV,7.863734,48.024363,,,West
8002073,EFRE,Freienohl,RV,8.169484,51.366422,,,Central
8002074,MFHD,Freihalden,RV,10.5022,48.384704,,,South
8002075,NFR,Freihöls,RV,12.020316,49.40137,,,East
8002076,NFRE,Freihung,RV,11.902879,49.627221,,,Central
8000108,MFL,Freilassing,FV,12.977193,47.836916,,,East
8002085,MFLH,Freilassing-Hofham,RV,12.968067,47.831449,,,East
8000340,FFRH,Freimersheim(Rheinh),RV,8.086608,49.710625,,,Central
8000374,RFHM,Freinsheim,RV,8.205192,49.501493,,,Central
8002078,MFR,Freising,FV,11.744539,48.395195,,,South
8011569,DFD,Freital-Deuben,RV,13.646432,50.999358,,,East
8010116,DFH,Freital-Hainsberg,RV,13.637938,50.988898,,,East
8013445,DPA,Freital-Potschappel,RV,13.662552,51.013894,,,East
8002080,HFST,Frellstedt,RV,10.909994,52.213749,,,Central
8002083,SFF,Fremersdorf,RV,6.647867,49.410083,,,West
8011571,LFZ,Frenz,RV,11.898933,51.749194,,,Central
8011572,WFD,Fretzdorf,RV,12.539885,53.069302,,,North
8002089,NFM,Freudenberg-Kirschfurt,RV,9.317981,49.743755,,,Central
8000110,TFS,Freudenstadt Hbf,RV,8.428803,48.460322,,,South
8002087,TFSI,Freudenstadt Industriegebiet,RV,8.434941,48.464967,,,South
8002091,TFSS,Freudenstadt Stadt,RV,8.410694,48.467566,,,South
8011573,UFB B,Freyburg(Unstrut),RV,11.767313,51.209079,,,Central
8002096,TFD,Fridingen(b Tuttlingen),RV,8.93606,48.031822,,,South
8002097,MFDF,Fridolfing,RV,12.799689,47.984203,,,East
8000111,FFG,Friedberg(Hess),FV,8.762056,50.332606,,,Central
8002100,FFN,Friedelhausen,RV,8.710961,50.671607,,,Central
8002101,FFRD,Friedensdorf(Lahn),RV,8.560747,50.857459,,,Central
8002102,HFRI,Friedland(Han),RV,9.914746,51.421562,,,Central
8002104,KFWH,Friedrich Wilhelmshütte,RV,7.159382,50.802044,,,West
8011578,UFR,Friedrichroda,RV,10.576685,50.862151,,,Central
8002108,FFRI,Friedrichsdorf(Taunus),RV,8.644776,50.25249,,,Central
8002109,EFFD,Friedrichsfeld(Niederrhein),RV,6.645499,51.628486,,,West
8002120,TFFL,Friedrichshafen Flughafen,RV,9.523714,47.672213,,,South
8002110,TFH,Friedrichshafen Hafen,RV,9.482819,47.651208,,,South
8002122,TFLA,Friedrichshafen Landratsamt,RV,9.451988,47.657146,,,South
8000112,TF,Friedrichshafen Stadt,FV,9.4739,47.653224,,,South
8002111,TFF,Friedrichshafen-Fischbach,RV,9.417383,47.672481,,,South
8003345,TKLU,Friedrichshafen-Kluftern,RV,9.409515,47.688149,,,South
8003850,TMAN,Friedrichshafen-Manzell,RV,9.429156,47.66432,,,South
8002113,AFRD,Friedrichsruh,RV,10.339671,53.528122,,,North
8002114,KFGN,Friedrichssegen,RV,7.65084,50.312619,,,West
8002126,RFRT,Friedrichstal b Freudenstadt,RV,8.376926,48.481805,,,South
8002116,RFTL,Friedrichstal(Baden),RV,8.474278,49.101299,,,Central
8002117,SFI,Friedrichsthal(Saar),RV,7.08913,49.320061,,,West
8002123,RFH,Friesenheim(Baden),RV,7.862948,48.381589,,,West
8002127,KFRI,Frimmersdorf,RV,6.566475,51.045701,,,West
8002129,FFZ,Fritzlar,RV,9.282089,51.125223,,,Central
8011588,LFB,Frohburg,RV,12.559288,51.069159,,,East
8002130,EFRM,Frömern,RV,7.735929,51.499263,,,West
8000113,EFOE,Fröndenberg,RV,7.762198,51.471254,,,West
8002134,FFRL,Fronhausen(Lahn),RV,8.698651,50.706333,,,Central
8010118,UFT,Fröttstädt,RV,10.573019,50.930357,,,Central
8010399,WF,Fürstenberg(Havel),RV,13.139273,53.186784,,,North
8002141,MFB,Fürstenfeldbruck,RV,11.262148,48.171656,,,South
8002145,FFNW,Fürstenwald,RV,9.359567,51.380359,,,Central
8010120,BFUW,Fürstenwalde(Spree),RV,14.05964,52.366858,,,East
8002146,MFZL,Fürstenzell,RV,13.333817,48.51318,,,East
8000114,NF,Fürth(Bay)Hbf,RV,10.989988,49.469707,,,Central
8002150,RFUE,Fürth(Odenw),RV,8.781003,49.648534,,,Central
8002152,NFBB,Fürth-Burgfarrnbach,RV,10.923627,49.491033,,,Central
8002153,NFDB,Fürth-Dambach,RV,10.970196,49.46074,,,Central
8002154,NFUB,Fürth-Unterfarrnbach,RV,10.967191,49.483188,,,Central
8002155,NFUF,Fürth-Unterfürberg,RV,10.957532,49.474914,,,Central
8002156,MFSN,Füssen,RV,10.697813,47.570497,,,South
8000115,FFU,Fulda,FV,9.683977,50.554723,,,Central
8003053,FIH,Fuldatal-Ihringshausen,RV,9.52607,51.348591,,,Central
8002159,NFW,Furth i Wald,FV,12.838811,49.309812,,,East
8002161,MFU,Furth(b Deisenhofen),RV,11.593281,48.035521,,,South
8002162,MGAL,Gablingen,RV,10.850752,48.463417,,,South
8002167,RGG,Gaggenau Bf,RV,8.319977,48.805772,,,South
8006733,RDAI,Gaggenau Mercedes-Benz Werk,RV,8.327476,48.798038,,,South
8002171,MGH,Gaimersheim,RV,11.36979,48.798789,,,South
8002175,SGSZ,Galgenschanze,RV,7.744124,49.43549,,,West
8002177,TGAM,Gamburg(Tauber),RV,9.59558,49.698297,,,Central
8011594,UGSM,Gangloffsömmern,RV,10.954856,51.191473,,,Central
8002180,EGAR,Garbeck,RV,7.839903,51.321459,,,West
8002184,MGA,Garching(Alz),RV,12.57299,48.130371,,,East
8011596,LGA,Gardelegen,RV,11.404536,52.518376,,,North
8002185,AGD,Garding,RV,8.783783,54.327014,,,North
8002187,MGP,Garmisch-Partenkirchen,FV,11.097013,47.491452,,,South
8002188,MGPH,Garmisch-Partenkirchen Hausberg,RV,11.092343,47.483487,,,South
8002189,MGS,Gars(Inn),RV,12.29855,48.14754,,,East
8002165,TGT,Gärtringen,RV,8.909113,48.641122,,,South
8000375,FGAL,Gau Algesheim,RV,8.016065,49.961432,,,Central
8002191,FGBM,Gau Bickelheim,RV,8.020291,49.840292,,,Central
8002195,TGRN,Gaubüttelbrunn,RV,9.854584,49.634319,,,Central
8002166,TGFD,Gäufelden,RV,8.850308,48.559661,,,South
8002197,RGBA,Gausbach,RV,8.362372,48.686753,,,South
8002198,MGT,Gauting,RV,11.376146,48.070658,,,South
8010121,LGG,Geestgottberg,RV,11.736957,52.955743,,,North
8011603,UGB,Gehlberg,RV,10.769351,50.683768,,,Central
8002206,KGKK,Geilenkirchen,FV,6.124518,50.961039,,,West
8002209,MGLG,Geiselhöring,RV,12.392077,48.822392,,,East
8002210,MGIB,Geisenbrunn,RV,11.324847,48.109157,,,South
8002211,MGHS,Geisenhausen,RV,12.248327,48.47396,,,East
8002214,RGSN,Geisingen,RV,8.653951,47.921342,,,South
8002218,TG,Geislingen(Steige),FV,9.841941,48.619358,,,South
8010122,LGH,Geithain,RV,12.697455,51.058217,,,East
8011611,WGE,Gelbensande,RV,12.304809,54.198696,,,North
8000117,FGEL,Gelnhausen,RV,9.189278,50.196343,,,Central
8000118,EG,Gelsenkirchen Hbf,FV,7.10258,51.505013,,,West
8002223,EGZO,Gelsenkirchen Zoo,RV,7.111424,51.537978,,,West
8002226,EGHS,Gelsenkirchen-Hassel,RV,7.066686,51.610859,,,West
8002227,EGRO,Gelsenkirchen-Rotthausen,RV,7.088936,51.49265,,,West
8000119,MGE,Geltendorf,RV,11.037736,48.105776,,,South
8002228,TGEM,Gemmingen,RV,8.984648,49.151295,,,Central
8000120,NGM,Gemünden(Main),RV,9.699894,50.050018,,,Central
8002234,MGND,Gendorf,RV,12.721098,48.179484,,,East
8002235,RGB,Gengenbach,RV,8.010192,48.404659,,,South
8002238,SGN,Gennweiler,RV,7.049984,49.369979,,,West
8000121,FGHO,Gensingen-Horrweiler,RV,7.938188,49.89826,,,West
8010123,LGN,Genthin,RV,12.157103,52.40322,,,East
8002237,NGE,Georgensgmünd,RV,11.016614,49.183836,,,Central
8010125,UG,Gera Hbf,RV,12.077092,50.883421,,,East
8002240,TGES,Geradstetten,RV,9.439753,48.805203,,,South
8011620,UGLW,Gera-Liebschwitz,RV,12.080791,50.838429,,,East
8002242,TGEH,Gerhausen,RV,9.806227,48.39972,,,South
8011626,LGE,Gerichshain,RV,12.587444,51.35388,,,East
8002243,TGLH,Gerlachsheim,RV,9.710612,49.580886,,,Central
8002244,MGLH,Gerlenhofen,RV,10.037282,48.351332,,,South
8006006,MUG,Germering-Unterpfaffenhofen,RV,11.364023,48.12887,,,South
8000376,RGE,Germersheim,RV,8.365282,49.225402,,,Central
8002247,MGLD,Gernlinden,RV,11.300378,48.212765,,,South
8002248,RGS,Gernsbach Bf,RV,8.336714,48.768307,,,South
8002249,FGHM,Gernsheim,RV,8.4902,49.753598,,,Central
8002251,TGN,Geroldshausen,RV,9.903994,49.686941,,,Central
8000123,SGR,Gerolstein,RV,6.660372,50.224006,,,West
8007075,TGSN,Gerstetten,RV,10.022662,48.624836,,,South
8002256,MGHF,Gersthofen,RV,10.861193,48.42302,,,South
8002259,FGTB,Gertenbach,RV,9.804709,51.379732,,,Central
8011630,LGWS,Gerwisch,RV,11.742095,52.177587,,,Central
8002262,EGK,Geseke,RV,8.510292,51.64523,,,Central
8002263,MGHN,Gessertshausen,RV,10.732382,48.333715,,,South
8002265,FGGB,Gettenau-Bingenheim,RV,8.885796,50.379191,,,Central
8002266,AGF,Gettorf,RV,9.978678,54.409893,,,North
8002267,EGVH,Gevelsberg Hbf,RV,7.339931,51.324437,,,West
8002509,KGVK,Gevelsberg-Kipp,RV,7.327172,51.31993,,,West
8001943,EGVA,Gevelsberg-Knapp,RV,7.377754,51.336989,,,West
8002272,TGB,Giengen(Brenz),RV,10.236994,48.620023,,,South
8011632,LGI,Giersleben,RV,11.568659,51.764836,,,Central
8000124,FG,Gießen,FV,8.661462,50.579059,,,Central
8002269,FGOG,Gießen Oswaldsgarten,RV,8.669138,50.588355,,,Central
8002275,MGCH,Gilching-Argelsried,RV,11.299598,48.105674,,,South
8002278,TGI,Gingen(Fils),RV,9.787826,48.661039,,,South
8002281,HGT,Gittelde/Bad Grund(Harz),RV,10.203025,51.787337,,,Central
8002284,EZK,Gladbeck-Zweckel,RV,6.984424,51.59027,,,West
8002286,SGM,Glan-Münchweiler,RV,7.444848,49.470176,,,West
8002287,NGLW,Glanzstoffwerke,RV,9.152194,49.828571,,,Central
8011637,DGLA,Glaubitz(Riesa),RV,13.365435,51.317562,,,East
8002288,FGBG,Glauburg-Glauberg,RV,8.996016,50.313752,,,Central
8000347,FSTM,Glauburg-Stockheim,RV,9.010123,50.327056,,,Central
8010129,DGL,Glauchau(Sachs),RV,12.548646,50.828524,,,East
8010130,DGLS,Glauchau-Schönbörnchen,RV,12.500671,50.821057,,,East
8002290,KGL,Glesch,RV,6.589633,50.971261,,,West
8011643,UGL,Glückauf,RV,10.828367,51.389701,,,Central
8010084,LGND,Gnadau,RV,11.78115,51.979599,,,Central
8011646,WGNV,Gnevkow,RV,13.17467,53.792896,,,North
8007143,RGOM,Gochsheim(Baden),RV,8.744695,49.109411,,,Central
8002300,RGOR,Godramstein,RV,8.076028,49.20685,,,Central
8005201,TGOL,Goldberg(Württ),RV,9.02043,48.69691,,,South
8000380,TGL,Goldshöfe,RV,10.128254,48.894221,,,South
8070257,FGLD,Göllheim-Dreisen,RV,8.016444,49.599376,,,Central
8011667,BGM,Gollmitz(Niederlausitz),RV,13.883834,51.703335,,,East
8013481,BGOL,Golm,RV,12.971864,52.409774,,,East
8002307,RGOE,Gölshausen,RV,8.724715,49.044904,,,Central
8002306,RGOI,Gölshausen Industriegebiet,RV,8.739879,49.051803,,,Central
8011668,BGO,Golßen(Niederlausitz),RV,13.574773,51.974272,,,East
8070400,TGOM,Gomadingen,RV,9.392136,48.399121,,,South
8011673,LGO,Gommern,RV,11.83878,52.074002,,,Central
8070011,RGOS,Gondelsheim Schloßstadion,RV,8.662867,49.065737,,,Central
8002326,RGO,Gondelsheim(Baden),RV,8.660281,49.059704,,,Central
8000127,TGO,Göppingen,FV,9.651969,48.700027,,,South
8010131,DG,Görlitz,RV,14.97908,51.146767,,,East
8000130,HGS,Goslar,RV,10.421436,51.911573,,,Central
8011676,DKH,Goßdorf-Kohlmühle,RV,14.164655,50.94117,,,East
8002332,FGOF,Goßfelden,RV,8.738249,50.868414,,,Central
8002333,NGOD,Goßmannsdorf,RV,10.025594,49.684959,,,Central
8010134,DGZ,Gößnitz,RV,12.429301,50.8932,,,East
8010136,UGO,Gotha,FV,10.712568,50.93907,,,Central
8000128,HG,Göttingen,FV,9.926072,51.536815,,,Central
8002337,RG,Gottmadingen,RV,8.77543,47.737401,,,South
8011662,LGOE,Götz,RV,12.725983,52.411224,,,East
8012583,WGM,Graal-Müritz,RV,12.245387,54.248777,,,North
8012584,WGMW,Graal-Müritz Koppelweg,RV,12.237167,54.24589,,,North
8002346,MGRL,Graben(Lechfeld)Gewerbepark,RV,10.852411,48.199148,,,South
8000131,RGN,Graben-Neudorf,RV,8.49063,49.161797,,,Central
8002339,MGFL,Gräfelfing,RV,11.425571,48.119774,,,South
8002343,MGRA,Grafenaschau,RV,11.1374,47.667029,,,South
8002340,NGFG,Gräfenberg,RV,11.250423,49.64156,,,Central
8011683,LG,Gräfenhainichen,RV,12.460037,51.724731,,,East
8010137,UGD,Gräfenroda,RV,10.833007,50.758894,,,Central
8011687,UGTA,Gräfentonna,RV,10.733617,51.089734,,,Central
8002347,MGB,Grafing Bahnhof,RV,11.940423,48.043226,,,South
8002348,MGRS,Grafing Stadt,RV,11.962758,48.047217,,,South
8002351,MGF,Grafrath,RV,11.153259,48.132096,,,South
8011689,WGR,Grambow,RV,14.347457,53.417381,,,North
8011691,WGRA,Gransee,RV,13.16712,53.001076,,,North
8002358,FGSN,Grebenstein,RV,9.420533,51.447238,,,Central
8010139,WGW,Greifswald,FV,13.370262,54.092923,,,North
8010140,UGR,Greiz,RV,12.194522,50.653287,,,East
8011697,UGRD,Greiz-Dölau,RV,12.184776,50.630029,,,East
8002365,RGRZ,Grenzach,RV,7.659506,47.5509,,,West
8011699,LGPN,Greppin,RV,12.297969,51.645358,,,East
8011700,UGN,Greußen,RV,10.941303,51.22934,,,Central
8002369,EGRV,Greven,RV,7.599341,52.089829,,,West
8000133,KGRB,Grevenbroich,RV,6.580447,51.093701,,,West
8010141,WGV,Grevesmühlen,RV,11.184712,53.857468,,,North
8011702,WGBN,Grieben(Meckl),RV,11.068569,53.851233,,,North
8011703,LGB,Griebo,RV,12.522977,51.880576,,,East
8084070,UGRI,Griefstedt,RV,11.136471,51.230229,,,Central
8017041,MGRI,Griesen(Oberbay),RV,10.94612,47.478217,,,South
8002373,RGSS,Grießen(Baden),RV,8.396003,47.628432,,,South
8011705,LGRI,Grimma ob Bf,RV,12.714131,51.230076,,,East
8011707,WGI,Grimmen,RV,13.034025,54.109739,,,North
8010142,UGM,Grimmenthal,RV,10.450512,50.532953,,,Central
8002377,MGRZ,Gröbenzell,RV,11.374107,48.194919,,,South
8011711,LGOH,Gröbers,RV,12.116826,51.432502,,,East
8011712,DGT,Gröditz(Riesa),RV,13.439542,51.411468,,,East
8002380,RGM,Grombach,RV,8.996902,49.226145,,,Central
8002383,MGDF,Gronsdorf,RV,11.698619,48.118401,,,South
8011714,LGRL,Groß Ammensleben,RV,11.525417,52.235646,,,Central
8000136,FGER,Groß Gerau,RV,8.486215,49.924934,,,Central
8002386,FDG,Groß Gerau-Dornberg,RV,8.494709,49.912279,,,Central
8001511,FDOH,Groß Gerau-Dornheim,RV,8.493656,49.877507,,,Central
8002388,FGKA,Groß Karben,RV,8.753528,50.23184,,,Central
8011723,WGKW,Groß Kiesow,RV,13.480617,54.013721,,,North
8013109,BTPI,Groß Köris,RV,13.650807,52.159607,,,East
8011725,LGZ,Groß Kreutz,RV,12.776335,52.410761,,,East
8011729,WGLI,Groß Lüsewitz,RV,12.339221,54.073407,,,North
8011730,WGP,Groß Pankow,RV,12.047421,53.123014,,,North
8002391,FGRO,Groß Rohrheim,RV,8.476857,49.714066,,,Central
8011735,WGS,Groß Schwaß,RV,12.04612,54.077026,,,North
8002400,FGAU,Großauheim(Kr Hanau),RV,8.943902,50.107054,,,Central
8011740,BGSBS,Großbeeren,RV,13.28477,52.350673,,,East
8010144,DGR,Großbothen,RV,12.759033,51.184455,,,East
8002402,KGBU,Großbüllesheim,RV,6.816188,50.686747,,,West
8011745,LGD,Großdeuben,RV,12.383193,51.232352,,,East
8002410,FGL,Großen Linden,RV,8.661998,50.527851,,,Central
8002411,AGRO,Großenbrode,RV,11.080779,54.36631,,,North
8011746,UGG,Großengottern,RV,10.556041,51.144503,,,Central
8011749,DGC,Großenhain Cottb Bf,RV,13.523916,51.291636,,,East
8011750,UGFA,Großfurra,RV,10.802815,51.398882,,,Central
8002416,NGRG,Großgeschaidt,RV,11.172204,49.565031,,,Central
8002420,MGHD,Großhelfendorf,RV,11.78126,47.94606,,,South
8010145,UGH,Großheringen,RV,11.657745,51.105981,,,Central
8002422,MGOI,Großhesselohe Isartalbf,RV,11.530945,48.071068,,,South
8010146,LGC,Großkorbetha,RV,12.022171,51.267318,,,East
8002425,FGK,Großkrotzenburg,RV,8.982792,50.087726,,,Central
8011752,LGKL,Großkugel,RV,12.164411,51.41872,,,East
8011754,UGNH,Großneuhausen,RV,11.286163,51.164516,,,Central
8011756,BGR,Großräschen,RV,14.014898,51.591488,,,East
8011759,UGRU,Großrudestedt,RV,11.091093,51.09565,,,Central
8011763,LGS,Großsteinberg,RV,12.637415,51.250586,,,East
8000381,RGZ,Grötzingen,RV,8.492941,49.005975,,,Central
8007861,RGZK,Grötzingen Krappmühlenweg,RV,8.512178,49.005782,,,Central
8079057,RGZO,Grötzingen Oberausstraße,RV,8.504049,49.00526,,,Central
8002434,NGUF,Grub am Forst,RV,11.025858,50.227523,,,Central
8002435,MGRB,Grub(Oberbay),RV,11.782559,48.164523,,,South
8011770,DGN,Grüna(Sachs)Hp,RV,12.798514,50.811417,,,East
8011776,WGRG,Grüneberg,RV,13.213023,52.8678,,,North
8011777,DGRB,Grünhainichen-Borstendorf,RV,13.163443,50.774622,,,East
8002447,TGRS,Grünsfeld,RV,9.745447,49.604933,,,Central
8000137,RGR,Grünstadt,RV,8.167962,49.564384,,,Central
8002445,TGRW,Grüntal-Wittlensweiler,RV,8.460747,48.475399,,,South
8000138,KGUI,Gruiten,RV,7.010546,51.214559,,,West
8002448,TGC,Grunbach,RV,9.420029,48.81036,,,South
8010357,BGU,Guben,RV,14.706775,51.957203,,,East
8070604,TGU,Gültstein,RV,8.881558,48.577494,,,South
8002457,MGKF,Gündlkofen,RV,12.033642,48.526159,,,East
8002458,MGNZ,Günzach,RV,10.439565,47.819599,,,South
8000139,MGZB,Günzburg,FV,10.278656,48.460335,,,South
8010151,LGSN,Güsen(b Genthin),RV,11.977862,52.33489,,,Central
8010152,LGT,Güsten,RV,11.601857,51.793384,,,Central
8010153,WG,Güstrow,RV,12.172836,53.800597,,,North
8010154,LGK,Güterglück,RV,11.986389,51.993474,,,Central
8002461,EGLO,Gütersloh Hbf,FV,8.385071,51.906941,,,Central
8002462,KGU,Gummersbach,RV,7.56631,51.023632,,,West
8002465,RGDN,Gundelfingen(Breisgau),RV,7.874185,48.044025,,,West
8002467,NGD,Gundelsdorf,RV,11.301455,50.279917,,,Central
8002470,RGUN,Gundelsheim(Neckar),RV,9.15787,49.282933,,,Central
8002473,FGUH,Gundersheim(Rheinhess),RV,8.196596,49.690167,,,Central
8002474,FGUB,Guntersblum,RV,8.351257,49.79198,,,Central
8000385,NGUN,Gunzenhausen,FV,10.755463,49.120444,,,Central
8007074,TGSS,Gussenstadt,RV,9.957623,48.639901,,,South
8002477,KGUS,Gustorf,RV,6.570011,51.067173,,,West
8011791,UGU,Guthmannshausen,RV,11.365703,51.132368,,,Central
8002484,FGX,Guxhagen,RV,9.482159,51.204322,,,Central
8002491,MHR,Haar,RV,11.73115,48.111413,,,South
8011792,UHSN,Haarhausen,RV,10.905715,50.867437,,,Central
8002504,AHAF,Haffkrug,FV,10.742682,54.054189,,,North
8011797,WHK,Hagebök,RV,11.614882,53.96126,,,North
8002506,NHA,Hagelstadt,RV,12.214829,48.895859,,,East
8000142,EHG,Hagen Hbf,FV,7.460249,51.362747,,,West
8002507,HHGH,Hagen(Han),RV,9.408946,52.57369,,,North
8002515,RHGB,Hagenbach,RV,8.253223,49.01628,,,Central
8002517,NHBU,Hagenbüchach,RV,10.767799,49.536347,,,Central
8002512,EHGI,Hagen-Heubing,RV,7.423087,51.352318,,,West
8002514,EHGO,Hagen-Oberhagen,RV,7.478792,51.351114,,,West
8010156,WHL,Hagenow Land,RV,11.215695,53.413582,,,North
8000977,EHGV,Hagen-Vorhalle,RV,7.433726,51.388224,,,West
8006712,EHGW,Hagen-Wehringhausen,RV,7.452767,51.353583,,,West
8002498,FHAE,Hähnlein-Alsbach,RV,8.606664,49.73935,,,Central
8002523,NHAG,Haidenaab-Göppmannsbühl,RV,11.820045,49.885777,,,Central
8070414,THKP,Haidkapelle,RV,9.261728,48.361157,,,South
8002526,FHME,Hailer-Meerholz,RV,9.150665,50.189671,,,Central
8002529,RHAI,Hainstadt(Baden),RV,9.326884,49.543058,,,Central
8002532,FHAI,Haitz-Höchst,RV,9.226821,50.208634,,,Central
8011805,BHB,Halbe,RV,13.701855,52.108384,,,East
8010158,LHL,Haldensleben,RV,11.406106,52.285034,,,Central
8002536,EHAD,Haldern(Rheinl),RV,6.456059,51.772391,,,West
8002534,MHMO,Hallbergmoos,RV,11.714334,48.309167,,,South
8080560,LDBR,Halle Dessauer Brücke,RV,11.982535,51.500123,,,Central
8010155,LHME,Halle Messe,RV,12.028041,51.45476,,,East
8080570,LRO,Halle Rosengarten,RV,11.982787,51.446863,,,Central
8080580,LSBR,Halle Steintorbrücke,RV,11.986893,51.490366,,,Central
8080610,LZO,Halle Zoo,RV,11.970346,51.503651,,,Central
8080620,LHNZ,Halle Zscherbener Straße,RV,11.921056,51.473314,,,Central
8010159,LH,Halle(Saale)Hbf,FV,11.987085,51.477509,,,Central
8010162,LHAD,Halle-Ammendorf,RV,11.987832,51.424182,,,Central
8010160,LHN,Halle-Neustadt,RV,11.920632,51.480056,,,Central
8011813,LHNI,Halle-Nietleben,RV,11.908451,51.487825,,,Central
8013448,LHSS,Halle-Silberhöhe,RV,11.966801,51.445546,,,Central
8011814,LHTS,Halle-Trotha,RV,11.96217,51.523898,,,Central
8002542,NHAL,Hallstadt(b Bamberg),RV,10.885454,49.929551,,,Central
8002545,AHKS,Halstenbek,RV,9.839092,53.630377,,,North
8000145,EHLT,Haltern am See,RV,7.184366,51.737668,,,West
8002546,RHL,Haltingen,RV,7.611683,47.612837,,,West
8002547,AAI,Hamburg Airport,RV,10.006646,53.63235,,,North
8000512,AAW,Hamburg Alte Wöhr,RV,10.035415,53.59793,,,North
8000908,ABTS,Hamburg Berliner Tor,RV,10.02463,53.55287,,,North
8000971,ABWM,Hamburg Billwerder-Moorfleet,RV,10.096658,53.515589,,,North
8002548,ADF,Hamburg Dammtor,FV,9.989566,53.560751,,,North
8001438,ADT,Hamburg Diebsteich,RV,9.93426,53.568569,,,North
8001739,AEGS,Hamburg Elbgaustraße,RV,9.893738,53.602575,,,North
8002106,AFBG,Hamburg Friedrichsberg,RV,10.057433,53.576328,,,North
8002628,AHSB,Hamburg Hasselbrook,RV,10.056129,53.564711,,,North
8002549,AH,Hamburg Hbf,FV,10.006909,53.552736,,,North
8002873,AHPS,Hamburg Hochkamp,RV,9.842076,53.56137,,,North
8002946,AHCH,Hamburg Hoheneichen,RV,10.067648,53.635478,,,North
8002550,AHST,Hamburg Holstenstraße,RV,9.949741,53.561762,,,North
8003137,AJUS,Hamburg Jungfernstieg,RV,9.993883,53.552194,,,North
8003312,AFB,Hamburg Klein Flottbek,RV,9.861122,53.558169,,,North
8006706,AKS,Hamburg Königstraße,RV,9.944088,53.547796,,,North
8003410,AKWS,Hamburg Kornweg(Klein Borstel),RV,10.053841,53.632381,,,North
8003518,ALAS,Hamburg Landungsbrücken,RV,9.971281,53.546132,,,North
8003519,ALAN,Hamburg Landwehr,RV,10.038021,53.561199,,,North
8004048,AML,Hamburg Mittlerer Landweg,RV,10.131122,53.498172,,,North
8006750,ANWS,Hamburg Neuwiedenthal,RV,9.877434,53.473059,,,North
8006705,ARES,Hamburg Reeperbahn,RV,9.957668,53.549668,,,North
8005207,ARP,Hamburg Rübenkamp,RV,10.033083,53.605968,,,North
8005663,ASHS,Hamburg Stadthausbrücke,RV,9.984804,53.549465,,,North
8006198,AWCH,Hamburg Wandsbeker Chaussee,RV,10.059975,53.569734,,,North
8000779,AALH,Hamburg-Allermöhe,RV,10.158735,53.490356,,,North
8002553,AA,Hamburg-Altona,FV,9.935175,53.552695,,,North
8098553,AAS,Hamburg-Altona(S),RV,9.934554,53.551855,,,North
8000780,ABAF,Hamburg-Bahrenfeld,RV,9.910778,53.56006,,,North
8000805,ABAP,Hamburg-Barmbek,RV,10.044164,53.587458,,,North
8002554,ABG,Hamburg-Bergedorf,FV,10.206171,53.489832,,,North
8001007,AB,Hamburg-Blankenese,RV,9.814607,53.564364,,,North
8002555,AE,Hamburg-Eidelstedt,RV,9.907097,53.595887,,,North
8002556,AFIB,Hamburg-Fischbek,RV,9.819561,53.474731,,,North
8004266,AHAB,Hamburg-Hammerbrook,RV,10.02361,53.54661,,,North
8000147,AHAR,Hamburg-Harburg,FV,9.991701,53.455908,,,North
8098147,AHRS,Hamburg-Harburg(S),RV,9.991454,53.45696,,,North
8006749,AHFS,Hamburg-Heimfeld,RV,9.963187,53.465481,,,North
8003088,AIS,Hamburg-Iserbrook,RV,9.814049,53.576606,,,North
8003541,ALST,Hamburg-Langenfelde,RV,9.93092,53.579692,,,North
8004241,ANTB,Hamburg-Nettelnburg,RV,10.181408,53.487888,,,North
8002557,ANR,Hamburg-Neugraben,RV,9.852048,53.474143,,,North
8004661,AOPS,Hamburg-Ohlsdorf,RV,10.031968,53.620873,,,North
8004719,AOH,Hamburg-Othmarschen,RV,9.885967,53.559233,,,North
8004862,APB,Hamburg-Poppenbüttel,RV,10.094034,53.652183,,,North
8002558,ARAL,Hamburg-Rahlstedt,RV,10.154396,53.604857,,,North
8005106,ARI,Hamburg-Rissen,RV,9.757057,53.583216,,,North
8005191,AHROO,Hamburg-Rothenburgsort,RV,10.043953,53.538476,,,North
8002559,ASTL,Hamburg-Stellingen,RV,9.918336,53.589843,,,North
8070146,ASST,Hamburg-Sternschanze,RV,9.967204,53.563719,,,North
8005785,ASDF,Hamburg-Sülldorf,RV,9.797519,53.581122,,,North
8005870,ATK,Hamburg-Tiefstack,RV,10.065591,53.531225,,,North
8006197,AOW,Hamburg-Tonndorf,RV,10.12305,53.586385,,,North
8006062,AVLS,Hamburg-Veddel,RV,10.013313,53.521703,,,North
8002560,AWN,Hamburg-Wandsbek,RV,10.077224,53.569971,,,North
8006319,AWBS,Hamburg-Wellingsbüttel,RV,10.082825,53.641327,,,North
8002561,AWFS,Hamburg-Wilhelmsburg,RV,10.007006,53.498936,,,North
8000148,HHM,Hameln,RV,9.375906,52.10185,,,Central
8002570,MHAU,Hammerau,FV,12.946134,47.795883,,,East
8002571,EHK,Hamminkeln,RV,6.601745,51.735104,,,West
8000150,FH  N,Hanau Hbf,FV,8.929,50.120953,,,Central
8002574,FHWB,Hanau-Wilhelmsbad,RV,8.88325,50.143872,,,Central
8011818,BHGB,Hangelsberg,RV,13.920916,52.400271,,,East
8006707,FHMD,Hann Münden,RV,9.658272,51.412582,,,Central
8000578,HAMI,Hannover Anderten-Misburg,RV,9.861109,52.369161,,,Central
8002580,HHBI,Hannover Bismarckstr.,RV,9.769728,52.356456,,,Central
8002589,HLGF,Hannover Flughafen,RV,9.699105,52.458725,,,Central
8000152,HH,Hannover Hbf,FV,9.741021,52.376761,,,Central
8070086,HKWA,Hannover Karl-Wiechert-Allee,RV,9.808116,52.374417,,,Central
8003487,HHML,Hannover Messe/Laatzen,FV,9.792863,52.316899,,,Central
8002581,HHBO,Hannover-Bornum,RV,9.679538,52.350246,,,Central
8002584,HKL,Hannover-Kleefeld,RV,9.79061,52.373607,,,Central
8079097,HLEG,Hannover-Ledeburg,RV,9.691117,52.408787,,,Central
8002585,HLEI,Hannover-Leinhausen,RV,9.6763,52.396853,,,Central
8002586,HLI R,Hannover-Linden/Fischerhof,RV,9.723114,52.352636,,,Central
8006089,HVIN,Hannover-Vinnhorst,RV,9.707729,52.424043,,,Central
8002578,NHAP,Happurg,RV,11.468355,49.500052,,,Central
8002592,AHA,Harblek,RV,8.962646,54.361971,,,North
8002593,MHRG,Harburg(Schwab),RV,10.698455,48.778898,,,South
8002594,HHRD,Hardegsen,RV,9.826032,51.65902,,,Central
8002596,NHHF,Hardhof,RV,10.784726,49.496925,,,Central
8002605,NH,Harsdorf,RV,11.566273,50.027762,,,Central
8002607,HHRS,Harsum,RV,9.965697,52.206496,,,Central
8011823,DHST,Hartenstein,RV,12.658653,50.651833,,,East
8002609,NHAR,Hartershofen,RV,10.242238,49.416762,,,Central
8002610,MHHS,Harthaus,RV,11.387867,48.133502,,,South
8002612,NHS,Hartmannshof,RV,11.554562,49.498858,,,Central
8070253,FHAX,Harxheim-Zell,RV,8.137885,49.64074,,,Central
8002621,RHS,Haslach,RV,8.087975,48.28004,,,South
8002622,NHCH,Hasloch(Main),RV,9.482125,49.789335,,,Central
8002623,MHMR,Haspelmoor,RV,11.098784,48.223263,,,South
8002625,SHSS,Hassel(Saar),RV,7.171309,49.263323,,,West
8002630,NHT,Haßfurt,RV,10.509998,50.033323,,,Central
8002632,RHLO,Haßloch(Pfalz),RV,8.253396,49.371956,,,Central
8002633,RHAS,Haßmersheim,RV,9.154129,49.30403,,,Central
8002634,HHAS,Haste,RV,9.389097,52.379656,,,Central
8002637,FHAS,Hattersheim(Main),RV,8.489638,50.067879,,,Central
8002639,EHAT,Hattingen(Ruhr),RV,7.169954,51.4012,,,West
8002641,HHTF,Hattorf,RV,10.235999,51.646223,,,Central
8002643,SHZ,Hatzenport,RV,7.413508,50.227678,,,West
8002649,SHAU,Hauenstein(Pfalz),RV,7.830252,49.20139,,,West
8004297,FNK,Haunetal-Neukirchen,RV,9.692546,50.770838,,,Central
8002651,MHPH,Haupeltshofen,RV,10.38243,48.180467,,,South
8002655,SHPT,Hauptstuhl,RV,7.490949,49.401974,,,West
8000333,RHA,Hausach,FV,8.181665,48.284924,,,South
8002656,THAT,Hausen i Tal,RV,9.027574,48.080408,,,South
8002664,MHNS,Hausen(Schwab),RV,10.482517,48.101004,,,South
8002666,RHSN,Hausen-Raitbach,RV,7.846041,47.67931,,,West
8002501,FHHF,Häuserhof,RV,8.939159,50.418594,,,Central
8002670,EHBK,Havixbeck,RV,7.407711,51.966713,,,West
8002671,MHEF,Hebertsfelden,RV,12.818533,48.416496,,,East
8006189,MHSN,Hebertshausen,RV,11.455487,48.291106,,,South
8002673,THCH,Hechingen,RV,8.968775,48.359601,,,South
8002430,RGCH,Heddesheim/Hirschberg,RV,8.633746,49.509408,,,Central
8002677,FHED,Hedemünden,RV,9.762144,51.392164,,,Central
8002678,NHED,Hedersdorf,RV,11.338705,49.569344,,,Central
8002680,EHE P,Heessen,RV,7.831551,51.709195,,,West
8002683,RHGN,Hegne,RV,9.099572,47.706037,,,South
8000155,AHI,Heide(Holst),FV,9.101029,54.193563,,,North
8000156,RH,Heidelberg Hbf,FV,8.675442,49.403567,,,Central
8002684,RHBO,Heidelberg Orthopädie,RV,8.774913,49.409995,,,Central
8002685,RHKA,Heidelberg-Altstadt,RV,8.720887,49.415237,,,Central
8002686,RHKM,Heidelberg-Kirchheim/Rohrbach,RV,8.675383,49.379389,,,Central
8002687,RHBP,Heidelberg-Pfaffengrund/Wieblingen,RV,8.64157,49.411929,,,Central
8005366,RSR,Heidelberg-Schlierbach/Ziegelhausen,RV,8.760564,49.415309,,,Central
8002688,RHI,Heidelsheim,RV,8.649483,49.10161,,,Central
8010163,DHD,Heidenau,RV,13.857887,50.981859,,,East
8011844,DHDG,Heidenau-Großsedlitz,RV,13.894877,50.960822,,,East
8002689,THD,Heidenheim,RV,10.156642,48.68017,,,South
8070005,THDV,Heidenheim Voithwerk,RV,10.156077,48.669482,,,South
8002690,THDM,Heidenheim-Mergelstetten,RV,10.160976,48.653279,,,South
8002691,THDS,Heidenheim-Schnaitheim,RV,10.15876,48.708281,,,South
8002696,NHEI,Heigenbrücken,RV,9.363943,50.027232,,,Central
8011849,UHT,Heilbad Heiligenstadt,RV,10.123845,51.377067,,,Central
8070791,TH  A,Heilbronn Finanzamt,RV,9.23501,49.140527,,,Central
8070792,TH  F,Heilbronn Friedensplatz,RV,9.228776,49.141313,,,Central
8072723,THSTR,Heilbronn Hans-Rießer-Straße,RV,9.219565,49.162603,,,Central
8070172,TH  H,Heilbronn Harmonie,RV,9.223006,49.141586,,,Central
8071172,TH  W,Heilbronn Harmonie/Hafenmarktpassage,RV,9.222436,49.142702,,,Central
8072172,TH  O,Heilbronn Harmonie/Kunsthalle,RV,9.222599,49.142486,,,Central
8070171,TH  B,Heilbronn Hauptbahnhof/Willy-Brandt-Pl.,RV,9.208356,49.142594,,,Central
8000157,TH,Heilbronn Hbf,RV,9.207715,49.143306,,,Central
8002723,THSTI,Heilbronn Industrieplatz,RV,9.217886,49.155321,,,Central
8002726,TNSK,Heilbronn Kaufland,RV,9.224687,49.170076,,,Central
8070174,TH  P,Heilbronn Neckar-Turm/K.-S.-Pl,RV,9.213758,49.142656,,,Central
8070793,TH  U,Heilbronn Pfühlpark,RV,9.241382,49.139956,,,Central
8002699,THST,Heilbronn Sülmertor,RV,9.220598,49.151601,,,Central
8002722,TH  T,Heilbronn Theater,RV,9.22215,49.146273,,,Central
8002700,TTPS,Heilbronn Trappensee,RV,9.25257,49.140282,,,Central
8011848,WHEG,Heiligengrabe,RV,12.340537,53.14968,,,North
8002703,MHEI,Heiligenstatt(Obb),RV,12.609585,48.213359,,,East
8002704,RHN,Heiligenstein(Pfalz),RV,8.393726,49.28566,,,Central
8002705,NHE,Heilsbronn,RV,10.791053,49.34595,,,Central
8002710,MHMK,Heimenkirch,RV,9.9021,47.628909,,,South
8002711,KHEH,Heimersheim,RV,7.174409,50.54745,,,West
8002715,MHEM,Heimstetten,RV,11.759659,48.158755,,,South
8002725,KHEBK,Heinsberg Kreishaus,RV,6.10894,51.061774,,,West
8002721,KHEB,Heinsberg(Rheinl),RV,6.098881,51.065037,,,West
8001557,KDRN,Heinsberg-Dremmen,RV,6.152515,51.045683,,,West
8002719,KHEBH,Heinsberg-Horst,RV,6.182303,51.028841,,,West
8004519,KOB,Heinsberg-Oberbruch,RV,6.135084,51.053072,,,West
8002720,KHEBP,Heinsberg-Porselen,RV,6.174482,51.040615,,,West
8002718,KHEBR,Heinsberg-Randerath,RV,6.182449,51.016244,,,West
8002724,SHZH,Heinzenhausen,RV,7.606902,49.625703,,,West
8002727,RHE,Heitersheim,RV,7.646194,47.879859,,,West
8011852,UHD,Heldrungen,RV,11.183186,51.302171,,,Central
8002734,RHSM,Helmsheim,RV,8.651336,49.08575,,,Central
8007444,RHM,Helmstadt(Baden),RV,8.97513,49.320089,,,Central
8000159,HHLM,Helmstedt,FV,11.010553,52.222086,,,Central
8002746,SHEM,Hemmersdorf(Saar),RV,6.614569,49.353998,,,West
8002748,RHCH,Hemsbach,RV,8.648722,49.590869,,,Central
8002751,NHD,Henfenfeld,RV,11.38655,49.501412,,,Central
8002775,KHES,Hennef im Siegbogen,RV,7.313288,50.773156,,,West
8002753,KHEN,Hennef(Sieg),RV,7.284592,50.773332,,,West
8002754,EHNE,Hennen,RV,7.646847,51.437155,,,West
8011856,DHRF,Hennersdorf(Sachs),RV,13.070919,50.791751,,,East
8013483,BHND,Hennigsdorf(b Berlin),RV,13.205454,52.638257,,,North
8002757,FHP,Heppenheim(Bergstr),FV,8.633379,49.641553,,,Central
8000160,THT,Herbertingen,RV,9.414604,48.063945,,,South
8002760,THTO,Herbertingen Ort,RV,9.433397,48.05357,,,South
8002761,MHEH,Herbertshofen,RV,10.848027,48.529528,,,South
8002762,RHRB,Herblingen,RV,8.664127,47.717003,,,South
8002763,RHZ,Herbolzheim(Breisg),RV,7.767638,48.223866,,,West
8002764,THZ,Herbolzheim(Jagst),RV,9.259824,49.281494,,,Central
8000161,FHRB,Herborn(Dillkr),RV,8.30814,50.684405,,,Central
8002766,THC,Herbrechtingen,RV,10.170334,48.625634,,,South
8002768,KHEC,Herchen,RV,7.521349,50.771269,,,West
8002769,EHCK,Herdecke,RV,7.432552,51.404661,,,West
8000162,EHFD,Herford,FV,8.663643,52.119609,,,Central
8000387,MHGZ,Hergatz,RV,9.827382,47.64681,,,South
8002773,FHER,Hergershausen,RV,8.916575,49.936802,,,Central
8087026,WHFN,Heringsdorf Neuhof,RV,14.148259,53.952765,,,North
8002776,THMA,Hermaringen,RV,10.258331,48.594584,,,South
8000164,EHER,Herne,RV,7.21783,51.543652,,,West
8002779,EHBO,Herne-Börnig,RV,7.26835,51.554789,,,West
8002782,NHER,Heroldsberg,RV,11.149914,49.528757,,,Central
8002784,KHER,Herrath,RV,6.367399,51.104316,,,West
8002785,THE,Herrenberg,RV,8.862662,48.593991,,,South
8002786,TZWE,Herrenberg Zwerchweg,RV,8.867661,48.584969,,,South
8002789,THL,Herrlingen,RV,9.89773,48.417731,,,South
8011864,WHB,Herrnburg,RV,10.760008,53.837707,,,North
8002792,MHI,Herrsching,RV,11.170571,47.998849,,,South
8002793,NHL,Hersbruck(l Pegnitz),RV,11.435143,49.500462,,,Central
8002794,NHR,Hersbruck(r Pegnitz),RV,11.423826,49.510073,,,Central
8002797,RHRT,Herten(Baden),RV,7.739663,47.549507,,,West
8002798,RHXB,Herxheim am Berg,RV,8.190044,49.509491,,,Central
8002800,HHBS,Herzberg Schloß,RV,10.332804,51.654495,,,Central
8011867,LHZW,Herzberg(Elster),RV,13.202786,51.679446,,,East
8000166,HHB,Herzberg(Harz),RV,10.329923,51.643861,,,Central
8002806,KHEZ,Herzogenrath,FV,6.094486,50.870916,,,West
8002804,KMKW,Herzogenrath-Alt-Merkstein,RV,6.100999,50.885434,,,West
8002816,KMK,Herzogenrath-August-Schmidt-Platz,RV,6.119504,50.886962,,,West
8002808,RHBA,Heselbach,RV,8.398967,48.536689,,,South
8010168,LHE,Hettstedt,RV,11.513231,51.636945,,,Central
8011870,DHZF,Hetzdorf(Flöhatal),RV,13.127695,50.840313,,,East
8002817,SHR,Hetzerath,RV,6.798385,49.878134,,,West
8002822,FHEU,Heusenstamm,RV,8.802202,50.060069,,,Central
8000388,KHI,Hilden,RV,6.922006,51.16702,,,West
8000169,HHI,Hildesheim Hbf,FV,9.953497,52.160626,,,Central
8002837,RHLT,Hilpertsau,RV,8.348683,48.739895,,,South
8002838,NHP,Hilpoltstein,RV,11.184146,49.188773,,,Central
8002844,RHIM,Himmelreich,RV,7.991356,47.958616,,,West
8002845,NHIS,Himmelstadt,RV,9.808214,49.923438,,,Central
8002847,SHWP,Hinterweidenthal,RV,7.747676,49.201568,,,West
8079088,SHWO,Hinterweidenthal Ort,RV,7.750568,49.197498,,,West
8002848,RHIZ,Hinterzarten,RV,8.106033,47.906278,,,South
8002852,THI,Hirsau,RV,8.73679,48.734059,,,South
8002853,NHI,Hirschaid,RV,10.991064,49.819595,,,Central
8002856,MHFN,Hirschfelden,RV,10.362265,48.289531,,,South
8002857,RHO,Hirschhorn(Neckar),RV,8.896055,49.442668,,,Central
8002858,SHIH,Hirschhorn(Pfalz),RV,7.681008,49.515588,,,West
8002868,KHO,Hochdahl,RV,6.944419,51.218832,,,West
8002869,KHOM,Hochdahl-Millrath,RV,6.966684,51.216501,,,West
8000389,THF,Hochdorf(b Horb),RV,8.724052,48.482485,,,South
8002871,THO,Hochhausen(Tauber),RV,9.633235,49.663812,,,Central
8002872,FHM,Hochheim(Main),RV,8.350398,50.004253,,,Central
8000390,KHOK,Hochneukirch,RV,6.466316,51.103293,,,West
8002875,SHY,Hochspeyer,RV,7.904244,49.443993,,,West
8002878,NHM,Hochstadt-Marktzeuln,RV,11.172594,50.153139,,,Central
8002879,SHST,Hochstätten(Pfalz),RV,7.829096,49.763342,,,West
8007201,RHOS,Hochstetten,RV,8.41577,49.133571,,,Central
8079042,RHOSG,Hochstetten Grenzstraße,RV,8.415723,49.12955,,,Central
8002881,MHWG,Hochwang,RV,10.298007,48.389121,,,South
8002883,RHK,Hockenheim,RV,8.537385,49.317414,,,Central
8002924,NHO,Hof Hbf,RV,11.923067,50.307743,,,Central
8002929,SHFD,Hofeld,RV,7.159755,49.511922,,,West
8002930,THOF,Hofen(b Aalen),RV,10.114407,48.872692,,,South
8002891,THOE,Höfen(Enz) Bf,RV,8.58104,48.79856,,,South
8002931,RHFF,Hoffenheim,RV,8.838411,49.272037,,,Central
8002932,KHOF,Hoffnungsthal,RV,7.196513,50.911363,,,West
8002933,FHFG,Hofgeismar,RV,9.395461,51.499186,,,Central
8003015,FHMM,Hofgeismar-Hümme,RV,9.401965,51.542923,,,Central
8002934,FHOR,Hofheim (Ried),RV,8.40897,49.659467,,,Central
8002935,FHF,Hofheim(Taunus),RV,8.443842,50.084471,,,Central
8002892,THFG,Höfingen,RV,9.025315,48.814986,,,South
8080720,BHN,Hohen Neuendorf(b Berlin),RV,13.287091,52.669072,,,North
8002940,MHOB,Hohenbrunn,RV,11.698872,48.046572,,,South
8011891,UHOO,Hohenebra Ort,RV,10.809172,51.306146,,,Central
8011892,DHOF,Hohenfichte,RV,13.133981,50.822064,,,East
8002894,MHSB,Höhenkirchen-Siegertsbrunn,RV,11.719226,48.018465,,,South
8011894,BHL,Hohenleipisch,RV,13.574848,51.499232,,,East
8011900,LHRA,Hohenroda,RV,12.421434,51.499026,,,East
8002955,MHSL,Hohenschäftlarn,RV,11.457513,47.991299,,,South
8011904,DHO,Hohenstein-Ernstthal,RV,12.706564,50.798548,,,East
8002958,FHSU,Hohensülzen,RV,8.214173,49.621788,,,Central
8011905,LHM,Hohenthurm,RV,12.097881,51.512359,,,East
8010172,LHWU,Hohenwulsch,RV,11.595136,52.667319,,,North
8002895,SHMB,Höhmühlbach,RV,7.526028,49.243893,,,West
8002899,MHRK,Höllriegelskreuth,RV,11.509752,48.043452,,,South
8002969,HHOL,Holtensen/Linderte,RV,9.653221,52.271953,,,Central
8010173,WHO,Holthusen,RV,11.364809,53.555831,,,North
8011909,LHZ,Holzdorf(Elster),RV,13.114137,51.780291,,,East
8002979,KHOZ,Holzheim(b Neuss),RV,6.664626,51.165653,,,West
8002980,MHO,Holzkirchen,RV,11.697234,47.884384,,,South
8000392,EHZW,Holzwickede,RV,7.619647,51.504767,,,West
8000176,SHO,Homburg(Saar)Hbf,FV,7.337035,49.328082,,,West
8002988,KHOR,Honrath,RV,7.252882,50.910589,,,West
8002908,MHPF,Höpfling,RV,12.651162,47.811226,,,East
8002992,EHOP,Hoppecke,RV,8.640059,51.378059,,,Central
8080750,BHPG,Hoppegarten(Mark),RV,13.672956,52.518122,,,North
8002994,MHOP,Hoppingen,RV,10.653198,48.803817,,,South
8000177,THB,Horb,FV,8.688982,48.441471,,,South
8002998,THBH,Horb-Heiligenfeld,RV,8.660151,48.467796,,,South
8002910,RHOR,Hörden,RV,8.34519,48.781523,,,South
8002912,MHLK,Hörlkofen,RV,11.942341,48.242591,,,South
8003001,RHBG,Hornberg(Schwarzw),FV,8.23294,48.211895,,,South
8003002,AHOG,Horneburg,RV,9.57655,53.508677,,,North
8010176,WHOR,Hornstorf,RV,11.534673,53.906688,,,North
8002914,MHPD,Hörpolding,RV,12.568261,47.964138,,,East
8000178,KHR,Horrem,RV,6.713497,50.916249,,,West
8087061,UHOS,Hörselgau,RV,10.577866,50.923383,,,Central
8002918,NHOE,Hösbach,RV,9.229008,49.999713,,,Central
8002919,EHOS,Hösel,RV,6.893231,51.341521,,,West
8010171,BHC,Hosena,RV,14.016105,51.454706,,,East
8010177,BHW,Hoyerswerda,RV,14.231407,51.432788,,,East
8011924,WHU,Huckstorf,RV,12.116026,53.98448,,,North
8000522,HHUD,Hude,FV,8.460956,53.109429,,,North
8000677,KBA,Hückelhoven-Baal,RV,6.274149,51.033457,,,West
8007439,RHFH,Hüffenhardt,RV,9.086804,49.291132,,,Central
8003016,FHUE,Hünfeld,FV,9.762453,50.673271,,,Central
8003160,KKAS,Hürth-Kalscheuren,RV,6.910223,50.875671,,,West
8070219,THTT,Hütten,RV,9.642462,48.370998,,,South
8003021,SHT,Hüttingen,RV,6.585008,49.967418,,,West
8003023,MHUF,Hufschlag,RV,12.664941,47.875599,,,East
8003024,MHUG,Huglfing,RV,11.140552,47.776736,,,South
8003022,THUB,Hulb,RV,8.982644,48.679267,,,South
8070020,RHUM,Hummelberg,RV,8.526807,49.00981,,,Central
8003032,AY,Husby,RV,9.575505,54.764372,,,North
8000181,AHM,Husum,FV,9.055026,54.472271,,,North
8003033,RHTT,Huttenheim,RV,8.472636,49.197162,,,Central
8003034,RHUB,Huzenbach,RV,8.391276,48.582625,,,South
8003036,HI,Ibbenbüren,FV,7.721486,52.276867,,,West
8003038,MIHN,Ichenhausen,RV,10.302138,48.370187,,,South
8003039,MIC,Icking,RV,11.436647,47.953249,,,South
8003041,FIST,Idstein(Taunus),RV,8.257264,50.21599,,,Central
8005672,MSTA,Iffeldorf,RV,11.329019,47.782064,,,South
8003042,SIG,Igel,RV,6.550679,49.70737,,,West
8003044,NIDF,Igensdorf,RV,11.23453,49.620122,,,Central
8003045,TIH,Igersheim,RV,9.812535,49.493425,,,Central
8011929,LIB,Ilberstedt,RV,11.650922,51.806862,,,Central
8003057,MILT,Illertissen,RV,10.099942,48.222828,,,South
8003058,NILL,Illesheim,RV,10.382648,49.479731,,,Central
8003059,SILG,Illingen(Saar),RV,7.048966,49.376422,,,West
8003060,TIL,Illingen(Württ),RV,8.921162,48.956588,,,South
8011934,UIM,Immelborn,RV,10.280415,50.793235,,,Central
8000182,RIM,Immendingen,FV,8.729536,47.936007,,,South
8003062,FIM,Immenhausen,RV,9.464397,51.426902,,,Central
8003063,NIM,Immenreuth,RV,11.86966,49.911344,,,Central
8003065,MIMS,Immenstadt,FV,10.213999,47.559203,,,South
8003070,SIM,Imsweiler,RV,7.807976,49.597656,,,West
8003075,FIL,Ingelheim,RV,8.053716,49.976277,,,Central
8000183,MIH,Ingolstadt Hbf,FV,11.437337,48.744541,,,South
8003079,MINI,Inningen,RV,10.868876,48.311336,,,South
8012296,WIM,Inselstadt Malchow,RV,12.423808,53.48201,,,North
8003080,RIN,Insheim,RV,8.152132,49.157624,,,Central
8003081,NI,Iphofen,RV,10.255622,49.696603,,,Central
8003083,NIP,Ipsheim,RV,10.485764,49.5255,,,Central
8003086,NIR,Irrenlohe,RV,12.101376,49.362776,,,East
8000186,EIL,Iserlohn,RV,7.691608,51.373294,,,West
8003090,EILH,Iserlohnerheide,RV,7.69221,51.399861,,,West
8003092,MIS,Ismaning,RV,11.679489,48.226012,,,South
8003094,TIP,Ispringen,RV,8.67222,48.914427,,,South
8003096,EIAV,Isselhorst-Avenwedde,RV,8.438524,51.939976,,,Central
8003098,RIT,Istein,RV,7.542943,47.660889,,,West
8007014,RITB,Ittersbach Bahnhof,RV,8.511045,48.869154,,,South
8003100,NIL,Ittling,RV,12.637998,48.884909,,,East
8003101,RITL,Ittlingen,RV,8.93458,49.187119,,,Central
8003102,AIZ,Itzehoe,FV,9.510287,53.923873,,,North
8003103,TIT,Itzelberg,RV,10.1363,48.730681,,,South
8011939,WJAB,Jabel(Meckl),RV,12.547559,53.545263,,,North
8011940,BJF,Jacobsdorf(Mark),RV,14.355037,52.332626,,,East
8003106,MJGS,Jägerhaus,RV,11.087702,47.666782,,,South
8003108,SJF,Jägersfreude,RV,7.00497,49.265758,,,West
8003111,TJZ,Jagstzell,RV,10.098819,49.031239,,,Central
8011944,BJW,Jänschwalde,RV,14.500761,51.866273,,,East
8010179,WJK,Jatznick,RV,13.937671,53.603062,,,North
8011946,LJV,Jävenitz,RV,11.493067,52.519664,,,North
8011952,LJEB,Jeber-Bergfrieden,RV,12.349699,51.984637,,,East
8011953,WJER,Jeeser,RV,13.258802,54.164548,,,North
8011956,UJP,Jena Paradies,FV,11.587461,50.924856,,,Central
8011058,UJS,Jena Saalbf,RV,11.593783,50.93692,,,Central
8010133,UGW,Jena-Göschwitz,FV,11.593537,50.883942,,,Central
8011959,LJES,Jesewitz(Leipzig),RV,12.545014,51.419886,,,East
8011960,LJN,Jessen(Elster),RV,12.954722,51.792787,,,East
8011961,LJZ,Jeßnitz(Anh),RV,12.277353,51.682552,,,East
8003122,MJEB,Jettenbach,RV,12.36682,48.171428,,,East
8003123,MJET,Jettingen,RV,10.445473,48.399126,,,South
8003125,RJO,Jockgrim Bf,RV,8.272272,49.092289,,,Central
8011967,DJ,Johanngeorgenstadt,RV,12.728736,50.437596,,,East
8003127,RJLB,Jöhlingen,RV,8.575224,49.02818,,,Central
8003129,NJS,Jossa,RV,9.604178,50.232506,,,Central
8000334,AJ,Jübek,RV,9.405438,54.558782,,,North
8003130,KJUC,Jüchen,RV,6.500923,51.097113,,,West
8003135,KJU,Jünkerath,RV,6.580939,50.344769,,,West
8010182,BJUE,Jüterbog,RV,13.054353,51.997509,,,East
8003136,MJUL,Julbach,RV,12.958025,48.250895,,,East
8070164,FKLPK,Kahl Kopp/Heide,RV,9.01577,50.079145,,,Central
8003143,FKLM,Kahl(Main),RV,9.005468,50.07687,,,Central
8011985,UKA,Kahla(Thür),RV,11.589104,50.808926,,,Central
8003146,MKAI,Kainzenbad,RV,11.116723,47.482981,,,South
8003148,SKAI,Kaisersesch,RV,7.129573,50.232102,,,West
8000189,SKL,Kaiserslautern Hbf,FV,7.768716,49.436137,,,West
8003150,SKLP,Kaiserslautern Pfaffwerk,RV,7.751248,49.434714,,,West
8007276,FKAE,Kälberau,RV,9.091445,50.090911,,,Central
8003154,NKAL,Kalchreuth,RV,11.139993,49.558442,,,Central
8000190,KKAK,Kaldenkirchen,RV,6.203225,51.327184,,,West
8003158,KKAL,Kall,RV,6.557283,50.538493,,,West
8011995,WKAR,Kalsow,RV,11.57835,53.925699,,,North
8003166,EKAL,Kalthof(Kr Iserlohn),RV,7.672364,51.425059,,,West
8003168,EKAM,Kamen,RV,7.661,51.585224,,,West
8003169,EKME,Kamen-Methler,RV,7.613056,51.567379,,,West
8011983,LKF,Kämmereiforst,RV,12.540793,51.4763,,,East
8003172,RKD,Kandel,RV,8.198025,49.07914,,,Central
8003173,SKAZ,Kanzem,RV,6.573666,49.669359,,,West
8003175,RKPD,Kapellen-Drusweiler,RV,8.030754,49.105621,,,Central
8003174,KKAW,Kapellen-Wevelinghoven,RV,6.621061,51.129795,,,West
8007859,RKPW,Kapsweyer,RV,8.022177,49.038878,,,Central
8003181,RKF,Karlsdorf,RV,8.547872,49.144484,,,Central
8079045,RKAB,Karlsruhe Albtalbf,RV,8.39611,48.993707,,,South
8079041,RKV,Karlsruhe Bahnhofsvorplatz,RV,8.399587,48.994346,,,South
8079125,RKDT,Karlsruhe Durlacher Tor,RV,8.41788,49.008815,,,Central
8079126,RKEF,Karlsruhe Entenfang,RV,8.359504,49.010666,,,Central
8000191,RK,Karlsruhe Hbf,FV,8.402181,48.993515,,,South
8079035,RKMAK,Karlsruhe Marktplatz (Kaiserstraße),RV,8.404555,49.009554,,,Central
8079144,RKMT,Karlsruhe Mühlburger Tor,RV,8.386728,49.010457,,,Central
8003184,RKDU,Karlsruhe-Durlach,FV,8.462822,49.002328,,,Central
8003185,RKHA,Karlsruhe-Hagsfeld,RV,8.453645,49.025938,,,Central
8079128,RKSR,Karlsruhe-Kniel. Rheinbergstr.,RV,8.336613,49.035015,,,Central
8003186,RKIN,Karlsruhe-Knielingen,RV,8.341171,49.026695,,,Central
8003187,RKMG,Karlsruhe-Mühlburg,RV,8.351126,49.014557,,,Central
8079047,RKNEK,Karlsruhe-Neureut Kirchfeld,RV,8.388835,49.052912,,,Central
8003189,NKA,Karlstadt(Main),RV,9.768148,49.962899,,,Central
8003191,MKH,Karpfham,RV,13.187394,48.40799,,,East
8011993,UKF B,Karsdorf,RV,11.655766,51.280688,,,Central
8000402,SKU,Karthaus,RV,6.596854,49.71034,,,West
8000193,FK,Kassel Hbf,RV,9.489501,51.31826,,,Central
8098193,FKKVG,Kassel Hbf (tief),RV,9.489787,51.318196,,,Central
8003196,FKH,Kassel-Harleshausen,RV,9.45225,51.332178,,,Central
8003197,FKJK,Kassel-Jungfernkopf,RV,9.462869,51.338918,,,Central
8003198,FKKD,Kassel-Kirchditmold,RV,9.452204,51.324561,,,Central
8003199,FKOZ,Kassel-Oberzwehren,RV,9.454028,51.276348,,,Central
8003200,FKW,Kassel-Wilhelmshöhe,FV,9.446898,51.313114,,,Central
8003205,MKAT,Kastl(Oberbay),RV,12.712856,48.192327,,,East
8003207,AKAD,Katharinenheerd,RV,8.830489,54.334163,,,North
8003208,AKTO,Kating,RV,8.872281,54.32603,,,North
8003209,HKAT,Katlenburg,RV,10.09974,51.686158,,,Central
8003211,SKTS,Kattenes,RV,7.439211,50.254327,,,West
8003213,FKFT,Katzenfurt,RV,8.343189,50.615947,,,Central
8011999,UKH,Katzhütte,RV,11.06111,50.561065,,,Central
8003214,NKG,Katzwang,RV,11.042543,49.355372,,,Central
8003215,SKW,Katzweiler,RV,7.700935,49.500082,,,West
8000194,MKFB,Kaufbeuren,FV,10.629496,47.875432,,,South
8000195,MKFG,Kaufering,RV,10.854595,48.080835,,,South
8012000,UKL,Kaulsdorf(Saale),RV,11.433642,50.611341,,,Central
8003220,TKEH,Kehlen,RV,9.548184,47.683031,,,South
8003222,AKI,Keitum,RV,8.368969,54.888814,,,North
8003227,MKMZ,Kellmünz,RV,10.124616,48.120286,,,South
8003228,FKCH,Kelsterbach,RV,8.529479,50.06249,,,Central
8000197,MKP,Kempten(Allgäu)Hbf,FV,10.31761,47.711745,,,South
8012004,DKAU,Kemtau,RV,12.953921,50.742944,,,East
8003232,SKEN,Kennelgarten,RV,7.733013,49.440998,,,West
8003233,RKN,Kenzingen,RV,7.764094,48.194451,,,West
8012006,BKE,Kerkwitz,RV,14.627567,51.909578,,,East
8003238,NKCH,Kersbach,RV,11.059544,49.684987,,,Central
8000198,EKG,Kettwig,RV,6.953747,51.363375,,,West
8003245,EKGS,Kettwig Stausee,RV,6.939145,51.356608,,,West
8003248,TKBI,Kiebingen,RV,8.973745,48.479369,,,South
8012007,UKIE,Kiebitzhöhe,RV,11.203555,51.181028,,,Central
8000199,AK,Kiel Hbf,FV,10.131976,54.314985,,,North
8003251,AKSL,Kiel Schulen am Langsee,RV,10.156965,54.307205,,,North
8003477,AKE,Kiel-Elmschenhagen,RV,10.180414,54.287142,,,North
8003474,AKH,Kiel-Hassee CITTI-PARK,RV,10.098596,54.310569,,,North
8003253,AKRU,Kiel-Russee,RV,10.070212,54.31004,,,North
8003252,KKIE,Kierberg,RV,6.888375,50.838197,,,West
8003256,MKIG,Kinding(Altmühltal),RV,11.377501,48.992694,,,South
8003257,SKIB,Kindsbach,RV,7.612836,49.419371,,,West
8003262,FKGS,Kirch Göns,RV,8.666869,50.473373,,,Central
8003263,MKAG,Kirchanschöring,RV,12.831517,47.953415,,,East
8003266,TKIM,Kirchberg(Murr),RV,9.329056,48.939161,,,South
8003267,HKDF,Kirchdorf(Deister),RV,9.491936,52.289852,,,Central
8000427,EKIR,Kirchen,RV,7.880509,50.806576,,,West
8000201,NKL,Kirchenlaibach,RV,11.776325,49.869904,,,Central
8003272,TKI,Kirchentellinsfurt,RV,9.13948,48.528749,,,South
8000435,FKIH,Kirchhain(Bz Kassel),RV,8.921399,50.823779,,,Central
8003278,TKM,Kirchheim(Neckar),RV,9.150903,49.037646,,,Central
8003280,TKT,Kirchheim(Teck),RV,9.443927,48.644258,,,South
8003282,TKTO,Kirchheim(Teck)-Ötlingen,RV,9.416291,48.657764,,,South
8003284,TKU,Kirchheim(Unterfr),RV,9.857713,49.656749,,,Central
8003285,RKH,Kirchheim(Weinstr),RV,8.181452,49.537163,,,Central
8000652,FKIR,Kirchheimbolanden,RV,8.016526,49.668545,,,Central
8003286,HKHN,Kirchhorsten,RV,9.119783,52.307875,,,Central
8012009,WKJ,Kirch-Jesar,RV,11.263321,53.448596,,,North
8012011,LKIM,Kirchmöser,RV,12.422206,52.375235,,,East
8012012,UKI,Kirchscheidungen,RV,11.66257,51.2447,,,Central
8003290,MKO H,Kirchseeon,RV,11.887255,48.0709,,,South
8084066,MKW,Kirchweidach,RV,12.648475,48.092999,,,East
8003292,HKI,Kirchweyhe,RV,8.847236,52.983765,,,North
8003293,RKZ,Kirchzarten,RV,7.959132,47.967936,,,West
8003294,SKI,Kirkel,RV,7.226601,49.286245,,,West
8003289,RKBV,Kirschbaumwasen,RV,8.355684,48.623055,,,South
8003299,MKIS,Kissing,RV,10.959553,48.300922,,,South
8000203,TKG,Kißlegg,RV,9.881921,47.793533,,,South
8000479,NKN,Kitzingen,RV,10.155214,49.732497,,,Central
8012014,LKD H,Kläden(Stendal),RV,11.654836,52.637814,,,North
8003302,MKLA,Klais,RV,11.238589,47.483032,,,South
8003303,AKX,Klanxbüll,RV,8.676454,54.861997,,,North
8012016,BKDF,Klasdorf Glashütte,RV,13.543711,52.021383,,,East
8012021,WKB,Klein Bünzow,RV,13.62244,53.923657,,,North
8003313,FKGE,Klein Gerau,RV,8.51674,49.919849,,,Central
8003317,MKHN,Kleinberghofen,RV,11.275478,48.354045,,,South
8003321,KKLE,Kleinenbroich,RV,6.551972,51.195662,,,West
8012033,UKFA,Kleinfurra,RV,10.763196,51.417407,,,Central
8003324,NKLH,Kleinheubach,RV,9.207476,49.721423,,,Central
8012034,UKJ,Kleinjena,RV,11.781279,51.180265,,,Central
8003325,RKES,Kleinkems,RV,7.524662,47.686129,,,West
8003326,MKKZ,Kleinkötz,RV,10.288497,48.411659,,,South
8012037,DKMA,Kleinschirma,RV,13.281817,50.902581,,,East
8003331,RKBA,Kleinsteinbach,RV,8.5549,48.966745,,,South
8003334,NKT,Kleinwallstadt,RV,9.168168,49.87491,,,Central
8012040,LKK,Klieken,RV,12.371778,51.89453,,,East
8003337,NKM,Klingenberg(Main),RV,9.176549,49.781419,,,Central
8012044,DKC,Klingenberg-Colmnitz,RV,13.501014,50.92597,,,East
8012046,LKLM,Klitschmar,RV,12.228895,51.508306,,,East
8003344,SKT,Klotten,RV,7.203262,50.165328,,,West
8003332,TKNK,Knittlingen-Kleinvillars,RV,8.744536,48.993444,,,South
8003349,RKG,Knöringen-Essingen,RV,8.148265,49.23817,,,Central
8003350,SKG,Kobern-Gondorf,RV,7.46075,50.300718,,,West
8000206,KKO,Koblenz Hbf,FV,7.588345,50.350929,,,West
8003351,KKOE,Koblenz-Ehrenbreitstein,RV,7.610202,50.361746,,,West
8002454,SGS,Koblenz-Güls,RV,7.549171,50.340305,,,West
8003352,KKOL,Koblenz-Lützel,RV,7.591607,50.367487,,,West
8003354,SKOW,Koblenz-Moselweiß,RV,7.560646,50.349463,,,West
8003355,MKCH,Kochel,RV,11.370987,47.66065,,,South
8003357,NKOE,Köfering,RV,12.20875,48.931716,,,East
8003395,KKOS,Kohlscheid,RV,6.074485,50.831728,,,West
8070458,TKOS,Kohlstetten,RV,9.332438,48.400763,,,South
8012064,UKOE,Kölleda,RV,11.244906,51.180274,,,Central
8003398,RKLR,Kollmarsreute,RV,7.887074,48.098271,,,West
8003370,KBP,Köln Airport-Businesspark,RV,7.044451,50.910282,,,West
8003358,KKFS,Köln Frankfurter Straße,RV,7.051262,50.915219,,,West
8003360,KKP,Köln Geldernstr./Parkgürtel,RV,6.941413,50.968551,,,West
8003392,KKHR,Köln Hansaring,RV,6.952565,50.949131,,,West
8000207,KK,Köln Hbf,FV,6.958729,50.94303,,,West
8003368,KKDZ,Köln Messe/Deutz,FV,6.975001,50.940874,,,West
8083368,KKDZB,Köln Messe/Deutz Gl. 9-10,RV,6.974641,50.941299,,,West
8073368,KKDT,Köln Messe/Deutz Gl.11-12,FV,6.974067,50.941721,,,West
8003379,KSTP,Köln Steinstraße,RV,7.057173,50.895558,,,West
8003320,KKTR,Köln Trimbornstr,RV,6.996734,50.935857,,,West
8003362,KKV,Köln Volkhovener Weg,RV,6.893241,51.014251,,,West
8003330,KFKB,Köln/Bonn Flughafen,FV,7.119302,50.878901,,,West
8079140,KKBL,Köln-Blumenberg,RV,6.881921,51.037414,,,West
8003364,KKBH,Köln-Buchforst,RV,7.004327,50.953487,,,West
8003365,KKC,Köln-Chorweiler,RV,6.897824,51.021126,,,West
8003367,KKDB,Köln-Dellbrück,RV,7.070124,50.981437,,,West
8000208,KKER,Köln-Ehrenfeld,RV,6.917276,50.951533,,,West
8003369,KKH,Köln-Holweide,RV,7.041235,50.97627,,,West
8003371,KKL,Köln-Longerich,RV,6.901557,50.997736,,,West
8000209,KKM,Köln-Mülheim,RV,7.013295,50.957986,,,West
8003375,KKMT,Köln-Müngersdorf Technologiepark,RV,6.888201,50.948394,,,West
8003372,KKN,Köln-Nippes,RV,6.941605,50.958666,,,West
8003310,KKSH,Köln-Stammheim,RV,7.002095,50.99007,,,West
8003373,KKWO,Köln-Worringen,RV,6.851719,51.052378,,,West
8012065,WKP,Kölpinsee,RV,14.022905,54.03529,,,North
8003374,RKOE,Köndringen,RV,7.802925,48.137458,,,West
8010193,BKW,Königs Wusterhausen,FV,13.631472,52.296635,,,East
8003376,TKB,Königsbach(Baden),RV,8.608931,48.962584,,,South
8012066,LKB,Königsborn,RV,11.756268,52.134011,,,Central
8003378,TKS,Königsbronn,RV,10.116135,48.739518,,,South
8003381,TKF,Königshofen(Baden),RV,9.724669,49.546022,,,Central
8007281,FKHN,Königshofen(Kahl),RV,9.205986,50.058847,,,Central
8003382,HKOL,Königslutter,RV,10.812489,52.257166,,,Central
8012072,DKOH,Königstein(Sächs Schw),RV,14.078899,50.919445,,,East
8003386,KKOW,Königswinter,RV,7.193592,50.678638,,,West
8003400,RKO,Konstanz,FV,9.177312,47.658754,,,South
8003404,RKOF,Konstanz-Fürstenberg,RV,9.162847,47.677479,,,South
8003401,RKOP,Konstanz-Petershausen,RV,9.173468,47.674092,,,South
8003416,RKOW,Konstanz-Wollmatingen,RV,9.147331,47.682453,,,South
8003402,SKZ,Konz,RV,6.573294,49.695388,,,West
8000210,FKOB,Korbach,RV,8.873229,51.278712,,,Central
8003407,SKDL,Kordel,RV,6.634933,49.836367,,,West
8003388,FKRL,Körle,RV,9.513137,51.171588,,,Central
8003409,TKO,Korntal,RV,9.121168,48.826416,,,South
8003412,KKOI,Korschenbroich,RV,6.511886,51.19565,,,West
8012086,WKO,Koserow,RV,13.999275,54.045335,,,North
8010195,LK,Köthen,FV,11.989358,51.751929,,,Central
8003413,NKMG,Kothmaißling,RV,12.729367,49.242912,,,East
8003415,KKOH,Kottenheim,RV,7.248906,50.348974,,,West
8012089,BFIK,Kraftwerk Finkenheerd,RV,14.575654,52.263228,,,East
8012093,WKG,Kratzeburg,RV,12.941627,53.427803,,,North
8000211,KKR,Krefeld Hbf,FV,6.569885,51.325717,,,West
8002941,KHB,Krefeld-Hohenbudberg Chempark,RV,6.66446,51.373529,,,West
8003426,KKRL,Krefeld-Linn,RV,6.629668,51.337305,,,West
8000212,KKRO,Krefeld-Oppum,RV,6.61009,51.329749,,,West
8003427,KKRX,Krefeld-Uerdingen,RV,6.645778,51.357278,,,West
8000213,HK,Kreiensen,FV,9.967798,51.851423,,,Central
8003429,SKRB,Kreimbach-Kaulbach,RV,7.631296,49.55149,,,West
8012096,BKRM,Kremmen,RV,13.040231,52.753347,,,North
8012097,LKNZ,Krensitz,RV,12.46197,51.490449,,,East
8003432,TKN,Kressbronn,RV,9.598854,47.594239,,,South
8003434,SKK,Kreuz Konz,RV,6.576866,49.703798,,,West
8003436,KKRZ,Kreuzberg(Ahr),RV,6.978557,50.506442,,,West
8003438,MKZ,Kreuzstraße,RV,11.759014,47.916494,,,South
8003442,FKRI,Kriftel,RV,8.475448,50.08228,,,Central
8012105,DKRP,Krippen,RV,14.160425,50.913082,,,East
8003446,NK,Kronach,RV,11.320115,50.239612,,,Central
8003447,FKRO,Kronberg(Taunus),RV,8.516874,50.179919,,,Central
8003479,AKRH,Kronshagen,RV,10.083155,54.331211,,,North
8012109,WKRP,Kronskamp,RV,12.315387,53.933556,,,North
8012108,WKR,Kröpelin,RV,11.791573,54.069137,,,North
8003455,KKRF,Kruft,RV,7.338598,50.390541,,,West
8001179,MKRS,Krumbach(Schw)Schule,RV,10.361165,48.23542,,,South
8003457,MKRB,Krumbach(Schwab),RV,10.358619,48.24759,,,South
8012114,LKRP,Krumpa,RV,11.854636,51.289437,,,Central
8003460,AKRS,Krupunder,RV,9.867762,53.615823,,,North
8003461,TKUC,Kuchen,RV,9.8034,48.640523,,,South
8010198,UKU,Kühnhausen,RV,10.978069,51.036371,,,Central
8012117,LKUH,Kühren,RV,12.833196,51.349341,,,East
8003467,FKWB,Külte-Wetterburg,RV,9.071138,51.396821,,,Central
8003470,EKNT,Küntrop,RV,7.814796,51.293399,,,West
8003472,NKUE,Küps,RV,11.268337,50.195886,,,Central
8003476,NKU,Kulmbach,RV,11.451889,50.109822,,,Central
8003478,AKUP,Kupfermühle,RV,10.326795,53.762446,,,North
8003480,RKU,Kuppenheim,RV,8.256112,48.834128,,,South
8012138,DRAT,Kurort Rathen,RV,14.075341,50.956816,,,East
8003481,SKUS,Kusel,RV,7.410329,49.538282,,,West
8003483,MKUN,Kutzenhausen,RV,10.696338,48.334775,,,South
8012141,LKYA,Kyhna,RV,12.265928,51.511018,,,East
8003484,SKY,Kyllburg,RV,6.597027,50.04193,,,West
8003485,NLB,Laaber,RV,11.884056,49.070022,,,Central
8012143,WLA,Laage(Meckl),RV,12.339608,53.919599,,,North
8003488,MLBW,Laberweinting,RV,12.315237,48.796839,,,East
8003489,RLD,Ladenburg,RV,8.602803,49.474242,,,Central
8003490,MLLF,Lagerlechfeld,RV,10.84437,48.183373,,,South
8003494,RLSW,Lahr(Schwarzw),FV,7.834734,48.340436,,,West
8010199,WLD,Lalendorf,RV,12.386421,53.755004,,,North
8003497,RLBP,Lambrecht(Pfalz),RV,8.074391,49.373336,,,Central
8003498,RLSH,Lambsheim,RV,8.283476,49.511863,,,Central
8003503,FLP,Lampertheim,RV,8.478489,49.598215,,,Central
8003504,SLAO,Lampertsmühle-Otterbach,RV,7.729408,49.483662,,,West
8012145,BLW,Lampertswalde,RV,13.680379,51.308473,,,East
8012146,WLAK,Lancken,RV,13.607885,54.518032,,,North
8003506,MLDI,Landau(Isar),RV,12.695062,48.68289,,,East
8000216,RLA,Landau(Pfalz)Hbf,RV,8.126204,49.197741,,,Central
8012147,LLBG,Landsberg(b. Halle/Saale),RV,12.166712,51.532899,,,East
8005389,MLLS,Landsberg(L)Schule,RV,10.869641,48.054179,,,South
8003512,MLL,Landsberg(Lech),RV,10.871701,48.047274,,,South
8000217,MLA,Landshut(Bay)Hbf,FV,12.13593,48.547492,,,East
8003515,SLD,Landstuhl,FV,7.565931,49.416287,,,West
8003516,SLWR,Landsweiler-Reden,RV,7.119316,49.352246,,,West
8003520,FLGS,Lang Göns,RV,8.667091,50.497939,,,Central
8003522,HLNG,Langelsheim,RV,10.343173,51.93012,,,Central
8003523,FLG,Langen(Hess),RV,8.656787,49.993612,,,Central
8003524,TLR,Langenargen,RV,9.544837,47.599491,,,South
8003525,TLL,Langenau(Württ),RV,10.125988,48.493333,,,South
8003528,MLB,Langenbach(Oberbay),RV,11.852854,48.438097,,,South
8003532,RLBD,Langenbrand,RV,8.355473,48.702272,,,South
8012155,ULF,Langendorf,RV,11.959322,51.181451,,,Central
8012156,LLGS,Langeneichstädt,RV,11.755805,51.347286,,,Central
8003540,KLA,Langenfeld(Rhld),RV,6.938278,51.102677,,,West
8003539,KLAB,Langenfeld(Rhld)-Berghausen,RV,6.923684,51.11751,,,West
8003526,FLGF,Langen-Flugsicherung,RV,8.658671,50.00523,,,Central
8003542,HLGH,Langenhagen Pferdemarkt,RV,9.735882,52.450993,,,Central
8003165,HKAW,Langenhagen-Kaltenweide,RV,9.736342,52.480085,,,Central
8000585,SLN,Langenlonsheim,RV,7.899887,49.901372,,,West
8003548,NLP,Langenprozelten,RV,9.661384,50.061572,,,Central
8003550,FSLB,Langenselbold,RV,9.057682,50.162068,,,Central
8007013,RLSB,Langensteinbach Bahnhof,RV,8.50312,48.915256,,,South
8003551,MLNW,Langenwang(Schwab),RV,10.276032,47.436588,,,South
8003552,NLZ,Langenzenn,RV,10.801856,49.496943,,,Central
8003553,KLAW,Langerwehe,RV,6.353467,50.817909,,,West
8010201,WLG,Langhagen,RV,12.425217,53.680936,,,North
8003554,NLGU,Langlau,RV,10.859352,49.118743,,,Central
8000586,HLGW,Langwedel,RV,9.194981,52.977881,,,North
8003560,MLAW,Langweid(Lech),RV,10.847966,48.490447,,,South
8003567,NLDF,Laubendorf,RV,10.752696,49.494365,,,Central
8003568,SLAU,Laubenheim(Nahe),RV,7.897215,49.918799,,,West
8012167,ULCH,Laucha(Unstrut),RV,11.678442,51.222058,,,Central
8012169,BLH,Lauchhammer,RV,13.743242,51.474569,,,East
8003569,TLH,Lauchheim,RV,10.236563,48.868885,,,South
8004552,RLAU,Lauchringen,RV,8.322193,47.629088,,,South
8000221,TL,Lauda,RV,9.709512,49.565385,,,Central
8003573,NLK,Laudenbach am Main,RV,9.179126,49.742528,,,Central
8003571,RLCH,Laudenbach(Bergstr),RV,8.644539,49.612076,,,Central
8003572,TLC,Laudenbach(Württ),RV,9.9231,49.455421,,,Central
8003577,ALAU,Lauenburg(Elbe),RV,10.567586,53.369555,,,North
8003580,NLL,Lauf(links Pegnitz),RV,11.285976,49.507097,,,Central
8003581,NLR,Lauf(rechts Pegnitz),RV,11.277832,49.512552,,,Central
8003582,NLA,Laufach,RV,9.277692,50.01067,,,Central
8003584,MLF,Laufen(Oberbay),RV,12.922363,47.933653,,,East
8003585,RLFG,Laufenburg(Baden),RV,8.058312,47.563408,,,South
8003588,TLN,Lauffen(Neckar),RV,9.146136,49.076514,,,Central
8003591,TLM,Laupheim Stadt,RV,9.878394,48.233304,,,South
8003593,FLBG,Laurenburg(Lahn),RV,7.905766,50.329552,,,West
8012175,BLA,Lauta(Nl),RV,14.093147,51.447233,,,East
8012176,DLR,Lauter(Sachs),RV,12.749028,50.568051,,,East
8000547,SLKG,Lauterecken-Grumbach,RV,7.59071,49.653709,,,West
8000563,SLCH,Lebach,RV,6.907231,49.408332,,,West
8007868,SLCJ,Lebach-Jabach,RV,6.891561,49.407169,,,West
8000335,HLST,Leese-Stolzenau,RV,9.110127,52.509469,,,North
8003608,ELGD,Legden,RV,7.088505,52.034933,,,West
8003611,SLE,Lehmen,RV,7.45523,50.284746,,,West
8010202,DLH,Lehndorf(Altenburg),RV,12.425806,50.937827,,,East
8081722,BLEN,Lehnitz,RV,13.263224,52.741702,,,North
8000226,HLER,Lehrte,RV,9.974599,52.376722,,,Central
8003621,ELEI,Leimstruth,RV,8.312789,50.990658,,,Central
8010203,UL,Leinefelde,RV,10.329296,51.388752,,,Central
8003622,TLF,Leinfelden,RV,9.142866,48.696506,,,South
8003623,TLG,Leingarten,RV,9.121967,49.145032,,,Central
8003627,MLEH,Leipheim,RV,10.215369,48.450171,,,South
8013070,LSTG,Leipzig Allee-Center,RV,12.291748,51.319158,,,East
8010008,LACF,Leipzig Anger-Crottendorf,RV,12.419467,51.334534,,,East
8012184,LLB,Leipzig Bayerischer Bahnhof,RV,12.381658,51.329267,,,East
8080840,LCZ,Leipzig Coppiplatz,RV,12.366024,51.367074,,,East
8011771,LGRA,Leipzig Grünauer Allee,RV,12.303006,51.320905,,,East
8010205,LL,Leipzig Hbf,FV,12.383336,51.346549,,,East
8098205,LL  T,Leipzig Hbf (tief),RV,12.380428,51.345696,,,East
8010186,LKRS,Leipzig Karlsruher Str,RV,12.278868,51.317221,,,East
8012186,LLMK,Leipzig Markt,RV,12.374612,51.34064,,,East
8012187,LMDR,Leipzig MDR,RV,12.386318,51.320067,,,East
8012478,LNW,Leipzig Messe,RV,12.389278,51.396145,,,East
8012344,LMIA,Leipzig Miltitzer Allee,RV,12.267345,51.315353,,,East
8012181,LSEL,Leipzig Olbrichtstraße,RV,12.3535,51.369887,,,East
8012204,LSVS,Leipzig Slevogtstraße,RV,12.344416,51.372944,,,East
8012343,LLVD,Leipzig Völkerschlachtdenkmal,RV,12.40644,51.318813,,,East
8012202,LLWP,Leipzig Wilhelm-Leuschner-Platz,RV,12.375394,51.335396,,,East
8012183,LFLU,Leipzig/Halle Flughafen,FV,12.223426,51.423338,,,East
8010206,LLC,Leipzig-Connewitz,RV,12.385791,51.300258,,,East
8012188,LLG,Leipzig-Gohlis,RV,12.374533,51.362861,,,East
8012190,LLH,Leipzig-Heiterblick,RV,12.459979,51.369339,,,East
8010207,LLEL,Leipzig-Leutzsch,RV,12.303337,51.353772,,,East
8012236,LLIN,Leipzig-Lindenau,RV,12.321483,51.333756,,,East
8012285,LLA,Leipzig-Lützschena,RV,12.293091,51.390057,,,East
8012193,LLMH,Leipzig-Möckern,RV,12.352271,51.364431,,,East
8010208,LLPD,Leipzig-Paunsdorf,RV,12.444338,51.3443,,,East
8010209,LLP,Leipzig-Plagwitz,RV,12.32208,51.32804,,,East
8080930,LSEH,Leipzig-Sellerhausen,RV,12.424666,51.345178,,,East
8012194,LLST,Leipzig-Stötteritz,RV,12.411428,51.324512,,,East
8012195,LLT,Leipzig-Thekla,RV,12.430945,51.371545,,,East
8012197,LLW H,Leipzig-Wahren,RV,12.321669,51.38067,,,East
8012198,DLS,Leisnig,RV,12.938389,51.160325,,,East
8003632,HLMF,Lemförde,RV,8.36161,52.460163,,,Central
8003635,HLEM,Lemmie,RV,9.608572,52.285104,,,Central
8003638,ELSN,Lendringsen,RV,7.826617,51.410398,,,West
8012201,DRAU,Lengefeld-Rauenstein,RV,13.202676,50.730583,,,East
8003639,MLWG,Lengenwang,RV,10.601214,47.697399,,,South
8003649,ALS,Lensahn,RV,10.890451,54.21931,,,North
8003652,TLE,Leonberg,RV,9.003853,48.799646,,,South
8007174,RLEO,Leopoldshafen Leopoldstr.,RV,8.401099,49.097193,,,Central
8003658,ELET,Lette(Kr Coesfeld),RV,7.186998,51.892495,,,West
8003659,HLT,Letter,RV,9.63948,52.393898,,,Central
8012207,ULBN,Leubingen,RV,11.15332,51.205099,,,Central
8003660,KLEU,Leubsdorf(Rhein),RV,7.28635,50.547039,,,West
8012208,DLEU,Leubsdorf(Sachs),RV,13.14131,50.80185,,,East
8003663,MLSH,Leuterschach,RV,10.581221,47.745641,,,South
8003665,KLET,Leutesdorf(Rhein),RV,7.392067,50.447682,,,West
8012215,BLE,Leuthen(Cottbus),RV,14.256108,51.695079,,,East
8000336,TLK,Leutkirch,RV,10.015836,47.826167,,,South
8000832,KBAY,Leverkusen Chempark,RV,6.996675,51.011409,,,West
8003668,KLK,Leverkusen-Küppersteg,RV,6.988119,51.045822,,,West
8003672,KLRH,Leverkusen-Rheindorf,RV,6.963464,51.064265,,,West
8000228,NLF,Lichtenfels,FV,11.059472,50.146452,,,Central
8012222,ULIH,Lichtenhain(a d Bergbahn),RV,11.132371,50.592084,,,Central
8012224,DLI,Lichtentanne(Sachs),RV,12.419664,50.69935,,,East
8012226,WLBT,Liebenthal(Prignitz),RV,12.393594,53.151313,,,North
8010210,WLI,Lietzow(Rügen),RV,13.510002,54.480965,,,North
8003684,SLB,"Limbach(b Homburg,Saar)",RV,7.279127,49.312148,,,West
8000229,FL,Limburg(Lahn),RV,8.062342,50.384119,,,Central
8003687,RLI,Limburgerhof,RV,8.390747,49.424273,,,Central
8012232,DLM,Limmritz(Sachs),RV,13.049744,51.117885,,,East
8012233,LLI,Linda(Elster),RV,13.085176,51.853056,,,East
8003690,RLID,Lindach,RV,9.00646,49.416918,,,Central
8000230,MLI,Lindau Hbf,FV,9.680469,47.544341,,,South
8003692,MLIA,Lindau-Aeschach,RV,9.68466,47.55962,,,South
8003696,FLHN,Lindenholzhausen,RV,8.133372,50.377565,,,Central
8003697,KLD,Lindern,RV,6.207467,50.996842,,,West
8003699,HLH,Lindhorst(Schaumb-Lippe),RV,9.288867,52.35432,,,Central
8003701,HLIG,Lingen(Ems),FV,7.321731,52.519867,,,North
8003702,RLF,Lingenfeld,RV,8.349523,49.252584,,,Central
8003705,HLBU,Linsburg,RV,9.325638,52.600966,,,North
8003708,KLI,Linz(Rhein),RV,7.276032,50.569335,,,West
8000571,ELPP,Lippstadt,FV,8.348785,51.670687,,,Central
8003713,KLIS,Lissendorf,RV,6.615158,50.318489,,,West
8012241,LLO,Lobstädt,RV,12.448732,51.135997,,,East
8003720,MLCH,Lochham,RV,11.43089,48.128247,,,South
8010213,WLK,Löcknitz,RV,14.215417,53.4561,,,North
8003723,SLF,Löf,RV,7.443512,50.230569,,,West
8003724,RLGN,Löffingen,RV,8.3418,47.883434,,,South
8003734,NLOR,Lohgarten-Roth,RV,11.09595,49.243567,,,Central
8003735,MLH,Lohhof,RV,11.580813,48.287937,,,South
8003739,SLOH,Lohnweiler,RV,7.59967,49.635799,,,West
8003740,NLO,Lohr Bahnhof,RV,9.580715,50.004409,,,Central
8000234,FLOL,Lollar,RV,8.70174,50.647936,,,Central
8003748,TLON,Lonsee,RV,9.917377,48.544967,,,South
8003749,MLOH,Loppenhausen,RV,10.390907,48.162511,,,South
8003752,TLO,Lorch(Württ),RV,9.695761,48.797906,,,South
8003729,RLR,Lörrach Hbf,RV,7.66542,47.614053,,,West
8003737,RLRS,Lörrach Museum/Burghof,RV,7.661196,47.607961,,,West
8003743,RLRW,Lörrach Schwarzwaldstraße,RV,7.672569,47.624683,,,West
8001191,RBRM,Lörrach-Brombach/Hauingen,RV,7.695207,47.637611,,,West
8002489,RHAG,Lörrach-Haagen/Messe,RV,7.680893,47.633233,,,West
8003730,RLST,Lörrach-Stetten,RV,7.659032,47.601418,,,West
8003754,FLB,Lorsbach,RV,8.422853,50.11489,,,Central
8003755,FLO,Lorsch,RV,8.566262,49.659093,,,Central
8003731,RLFB,Lörzenbach-Fahrenbach,RV,8.764441,49.638678,,,Central
8012245,DLN,Lößnitz ob Bf,RV,12.748769,50.624873,,,East
8012246,DLNU,Lößnitz unt Bf,RV,12.72446,50.611108,,,East
8003732,KLO,Lövenich,RV,6.83444,50.942932,,,West
8010214,WLO,Löwenberg(Mark),RV,13.190055,52.896801,,,North
8003733,TLOE,Löwental,RV,9.499241,47.661398,,,South
8012257,BLU,Lubolz,RV,13.821351,51.962416,,,East
8012897,BSNZ,Luckaitztal,RV,14.001704,51.685047,,,East
8010353,BUK,Luckau-Uckro,RV,13.60784,51.852121,,,East
8012259,LLUC,Luckenau,RV,12.077902,51.093993,,,East
8012260,BLD,Luckenwalde,RV,13.160409,52.09059,,,East
8003762,NLHM,Ludersheim,RV,11.323856,49.392166,,,Central
8002103,FFL,Ludwigsau-Friedlos,RV,9.743325,50.896879,,,Central
8000235,TLU,Ludwigsburg,FV,9.18542,48.891862,,,South
8003763,NLS,Ludwigschorgast,RV,11.557252,50.121624,,,Central
8010215,BLF,Ludwigsfelde,RV,13.267319,52.298098,,,East
8012253,BSTH,Ludwigsfelde-Struveshof,RV,13.232152,52.317181,,,East
8003764,RLU,Ludwigshafen(Bodensee),RV,9.053193,47.815651,,,South
8000236,RL,Ludwigshafen(Rh)Hbf,FV,8.433402,49.477987,,,Central
8003765,RLUM,Ludwigshafen-Mundenheim,RV,8.421092,49.461572,,,Central
8003766,RLO,Ludwigshafen-Oggersheim,RV,8.381523,49.493188,,,Central
8003767,RLUR,Ludwigshafen-Rheingönheim,RV,8.409493,49.447471,,,Central
8003768,NLUD,Ludwigshöhe,RV,11.248783,49.499569,,,Central
8010216,WL,Ludwigslust,FV,11.494491,53.334671,,,North
8003770,NLUS,Ludwigsstadt,RV,11.382989,50.486583,,,Central
8010217,BLB,Lübben(Spreewald),FV,13.877182,51.939737,,,East
8010220,BLN,Lübbenau(Spreewald),FV,13.9609,51.862169,,,East
8003781,ALB,Lübeck Flughafen,RV,10.697484,53.804129,,,North
8000237,AL,Lübeck Hbf,FV,10.669821,53.867547,,,North
8003785,ALHS,Lübeck Hochschulstadtteil,RV,10.688902,53.830983,,,North
8003774,ALSJ,Lübeck St Jürgen,RV,10.702942,53.842321,,,North
8003786,ALD A,Lübeck-Dänischburg IKEA,RV,10.735581,53.911202,,,North
8003776,ALKR,Lübeck-Kücknitz,RV,10.81889,53.924952,,,North
8006704,ALTK,Lübeck-Travem. Skandinavienkai,RV,10.854029,53.950787,,,North
8003777,ALTH,Lübeck-Travemünde Hafen,RV,10.865587,53.958759,,,North
8003778,ALTS,Lübeck-Travemünde Strand,RV,10.875604,53.964795,,,North
8012262,WLOW,Lüblow(Meckl),RV,11.464346,53.411042,,,North
8012263,LLBS,Lübs(Magdeburg),RV,11.93517,52.020211,,,Central
8012264,WLST,Lübstorf,RV,11.411316,53.728881,,,North
8003782,ELS,Lüdenscheid,RV,7.628717,51.220352,,,West
8012268,WLF,Lüdersdorf(Meckl),RV,10.815143,53.832924,,,North
8003783,ELDH,Lüdinghausen,RV,7.431312,51.762386,,,West
8003784,HLUE,Lügde,RV,9.25083,51.959294,,,Central
8000238,ALBG,Lüneburg,FV,10.41989,53.249656,,,North
8000239,ELUE,Lünen Hbf,RV,7.529485,51.617129,,,West
8012269,WLW,Lüssow(Meckl),RV,12.13786,53.843724,,,North
8003796,SLU,Luisenthal(Saar),RV,6.904214,49.249595,,,West
8012279,LEL,Lutherstadt Eisleben,RV,11.550799,51.518194,,,Central
8012280,LWET,Lutherstadt Wittenb. Altstadt,RV,12.641431,51.863767,,,East
8010222,LW,Lutherstadt Wittenberg,FV,12.662285,51.867811,,,East
8013275,LWND,Lutherstadt Wittenberg-Labetz,RV,12.694192,51.871456,,,East
8012282,LWP,Lutherstadt Wittenb-Piesteritz,RV,12.596775,51.871862,,,East
8003804,ELUT,Lutum,RV,7.227015,51.982668,,,West
8012284,LMAC,Machern(Sachs),RV,12.627757,51.357628,,,East
8080660,LMGH,Magdeburg Hasselbachplatz,RV,11.625322,52.122395,,,Central
8010224,LM,Magdeburg Hbf,FV,11.626891,52.130349,,,Central
8013455,LMHR,Magdeburg Herrenkrug,RV,11.676379,52.14545,,,Central
8013485,LMTW,Magdeburg SKET Industriepark,RV,11.638277,52.097545,,,Central
8013456,LMB,Magdeburg-Buckau,RV,11.63004,52.109204,,,Central
8012289,LMGE,Magdeburg-Eichenweiler,RV,11.657982,52.166448,,,Central
8010226,LMN,Magdeburg-Neustadt,RV,11.641703,52.148843,,,Central
8010086,LMRH,Magdeburg-Rothensee,RV,11.647915,52.186756,,,Central
8012291,LMSA,Magdeburg-Salbke,RV,11.656447,52.080745,,,Central
8012292,LMS,Magdeburg-Sudenburg,RV,11.597136,52.120426,,,Central
8003807,TMAG,Magstadt,RV,8.965454,48.736106,,,South
8080970,BMAH,Mahlow,RV,13.407932,52.36054,,,East
8012295,LMW,Mahlwinkel,RV,11.788824,52.39373,,,Central
8003808,TMAI,Maichingen,RV,8.969921,48.722331,,,South
8003809,RMKI,Maikammer-Kirrweiler,RV,8.147177,49.30558,,,Central
8003810,FMAS,Mainaschaff,RV,9.085739,49.982405,,,Central
8003813,NML,Mainleus,RV,11.379525,50.099812,,,Central
8000240,FMZ,Mainz Hbf,FV,8.25872,50.001117,,,Central
8003816,FMS,Mainz Römisches Theater,RV,8.277565,49.993465,,,Central
8000241,FMB,Mainz-Bischofsheim,RV,8.358117,49.992818,,,Central
8003818,FMG,Mainz-Gustavsburg,RV,8.314197,49.994319,,,Central
8000615,FMK,Mainz-Kastel,RV,8.283174,50.00658,,,Central
8003819,FML,Mainz-Laubenheim,RV,8.314183,49.961233,,,Central
8003824,MMA,Maisach,RV,11.256393,48.214147,,,South
8010227,WMA,Malchin,RV,12.761041,53.743417,,,North
8003828,MMAG,Malching(Oberbay),RV,11.219064,48.21545,,,South
8003830,MMD,Mallersdorf,RV,12.256898,48.768098,,,East
8003831,TMAL,Malmsheim,RV,8.904505,48.771755,,,South
8003832,RMS,Malsch,RV,8.323585,48.889506,,,South
8004204,MMAM,Mammendorf,RV,11.174618,48.216826,,,South
8003836,FMAN,Mandern,RV,9.206155,51.125543,,,Central
8003841,RMSM,Mannheim ARENA/Maimarkt,RV,8.516358,49.459786,,,Central
8006508,RMHH,Mannheim Handelshafen,RV,8.453917,49.492623,,,Central
8000244,RM,Mannheim Hbf,FV,8.468921,49.479354,,,Central
8000631,RMF,Mannheim-Friedrichsfeld,RV,8.580125,49.44867,,,Central
8003843,RMKL,Mannheim-Käfertal,RV,8.503772,49.501558,,,Central
8006509,RMLB,Mannheim-Luzenberg,RV,8.477775,49.517201,,,Central
8003844,RMN,Mannheim-Neckarau,RV,8.494792,49.455545,,,Central
8006511,RMNS,Mannheim-Neckarstadt,RV,8.459566,49.503633,,,Central
8003845,RMA,Mannheim-Rheinau,RV,8.534944,49.424091,,,Central
8003847,RMSE,Mannheim-Seckenheim,RV,8.538107,49.450962,,,Central
8003848,RMW,Mannheim-Waldhof,RV,8.482603,49.525661,,,Central
8070481,TMBM,Marbach(b Münsingen),RV,9.422304,48.383716,,,South
8003853,TMB,Marbach(Neckar),RV,9.264452,48.943685,,,South
8003851,TGRA,Marbach-Grafeneck,RV,9.431171,48.395856,,,South
8000337,FMBG,Marburg(Lahn),FV,8.775014,50.819272,,,Central
8003859,MMRN,Maria Rain,RV,10.480275,47.632552,,,South
8012302,LMBN,Marienborn,RV,11.123269,52.197904,,,Central
8003866,HMAR,Marienhafe,FV,7.270731,53.520893,,,North
8070483,KMAH,Marienheide,RV,7.531982,51.081123,,,West
8003871,RMAD,Markdorf(Baden),RV,9.38864,47.716816,,,South
8012305,LMAR,Marke,RV,12.257028,51.7411,,,East
8003872,RMAR,Markelfingen,RV,9.002772,47.739364,,,South
8003873,TMA,Markelsheim,RV,9.835418,49.478264,,,Central
8012308,LMA,Markkleeberg,RV,12.372615,51.279029,,,East
8011598,LGW,Markkleeberg-Gaschwitz,RV,12.37922,51.250076,,,East
8010228,LMAG,Markkleeberg-Großstädteln,RV,12.376129,51.262219,,,East
8003876,NMB,Markt Bibart,RV,10.425466,49.646089,,,Central
8003878,NMER,Markt Erlbach,RV,10.658449,49.492675,,,Central
8003072,MIDR,Markt Indersdorf,RV,11.378446,48.352391,,,South
8003879,MSB,Markt Schwaben,RV,11.862093,48.193606,,,South
8003881,NMT,Marktbreit,RV,10.146092,49.663804,,,Central
8003883,MMK,Marktl,RV,12.852478,48.256695,,,East
8003884,NMH,Marktleuthen,RV,12.01317,50.130803,,,East
8003885,MMO,Marktoberdorf,RV,10.61423,47.779215,,,South
8003877,MMOS,Marktoberdorf Schule,RV,10.609997,47.774099,,,South
8000247,NMR,Marktredwitz,RV,12.082583,50.004596,,,East
8003887,NMSG,Marktschorgast,RV,11.65353,50.090794,,,Central
8003890,EMHM,Marl-Hamm,RV,7.1311,51.682706,,,West
8003891,EMSI,Marl-Sinsen,RV,7.173058,51.667859,,,West
8003893,FMHM,Marnheim,RV,8.039141,49.623021,,,Central
8012315,BMQU,Marquardt,RV,12.971627,52.458881,,,East
8003896,EMAR,Marsberg,RV,8.854904,51.462889,,,Central
8003897,TMAR,Marstetten-Aitrach,RV,10.080166,47.943939,,,South
8012316,WMTF,Martensdorf,RV,12.930252,54.300918,,,North
8003901,MMSZ,Martinszell(Allgäu),RV,10.273777,47.629207,,,South
8007009,RMX,Marxzell,RV,8.447351,48.863328,,,South
8003905,MMZG,Marzling,RV,11.800108,48.410401,,,South
8003909,EMAN,Massen,RV,7.643711,51.541776,,,West
8003910,MMSG,Massing,RV,12.608166,48.394006,,,East
8003912,MMTZ,Matzing,RV,12.59239,47.935527,,,East
8003913,TMAU,Maubach,RV,9.41999,48.926132,,,South
8003915,RMAU,Mauer(b Heidelberg),RV,8.795545,49.335802,,,Central
8003920,RMLG,Maulburg,RV,7.780662,47.644374,,,West
8003921,NMSM,Mausheim,RV,11.766209,49.121587,,,Central
8084068,RMAX,Maxau,RV,8.307736,49.035966,,,Central
8003922,NMXH,Maxhütte-Haidhof,RV,12.107818,49.198019,,,East
8003923,RMAL,Maximiliansau Eisenbahnstraße,RV,8.298814,49.037143,,,Central
8003911,RMAI,Maximiliansau-Im Rüsten,RV,8.279421,49.03488,,,Central
8003926,KMAY,Mayschoß,RV,7.020463,50.517233,,,West
8003927,KMCH,Mechernich,RV,6.642296,50.591367,,,West
8012320,UME,Mechterstädt,RV,10.521367,50.943778,,,Central
8003930,TMK,Meckenbeuren,FV,9.558393,47.69976,,,South
8003937,KMCP,Meckenheim Industriepark,RV,7.027224,50.643917,,,West
8003414,KKOF,Meckenheim Kottenforst,RV,7.022683,50.662412,,,West
8003931,KMCK,Meckenheim(Bz Köln),RV,7.014757,50.627446,,,West
8003932,RMK,Meckesheim,RV,8.812836,49.320658,,,Central
8012322,BMZ,Medewitz(Mark),RV,12.391829,52.060706,,,East
8012323,DMA,Meerane,RV,12.457247,50.850975,,,East
8003943,EMHO,Mehrhoog,RV,6.51825,51.738965,,,West
8012324,DMS,Meinersdorf(Erzgeb),RV,12.888175,50.723006,,,East
8003950,EMZH,Meinerzhagen,RV,7.634116,51.108144,,,West
8010230,UM,Meiningen,RV,10.421205,50.57407,,,Central
8010231,LMEI,Meinsdorf,RV,12.256369,51.903191,,,East
8012326,DME,Meißen,RV,13.482522,51.162957,,,East
8012318,DMEA,Meißen Altstadt,RV,13.473401,51.159303,,,East
8012327,DMT,Meißen Triebischtal,RV,13.462529,51.152472,,,East
8003952,MMEI,Meitingen,RV,10.84805,48.545997,,,South
8012328,LME,Meitzendorf,RV,11.558967,52.209394,,,Central
8012329,WMCH,Melchow,RV,13.694375,52.774871,,,North
8012330,UMEL,Mellenbach-Glasbach,RV,11.110281,50.60325,,,Central
8003957,HMDF,Mellendorf,RV,9.744501,52.548199,,,North
8003959,NME,Mellrichstadt Bf,RV,10.307039,50.424782,,,Central
8003960,AME,Melsdorf,RV,10.03083,54.312754,,,North
8003961,FMLS,Melsungen,RV,9.546079,51.126002,,,Central
8003971,FMBB,Melsungen Bartenwetzerbrücke,RV,9.548839,51.132177,,,Central
8005125,FRFHW,Melsungen-Röhrenfurth,RV,9.548372,51.154377,,,Central
8000249,MM,Memmingen,FV,10.186853,47.985581,,,South
8003966,KMD,Menden(Rheinl),RV,7.149549,50.779917,,,West
8003967,EMED,Menden(Sauerland),RV,7.792084,51.435271,,,West
8004393,KNME,Mendig,RV,7.291007,50.369658,,,West
8003969,TMG,Mengen,RV,9.336547,48.053701,,,South
8003970,FMGH,Mengeringhausen,RV,8.989763,51.360204,,,Central
8007145,RMZN,Menzingen(Baden),RV,8.775067,49.136233,,,Central
8003978,HMEP,Meppen,FV,7.298015,52.696021,,,North
8003980,SMER,Merchweiler,RV,7.065547,49.356029,,,West
8003982,MMR,Mering,RV,10.988291,48.262698,,,South
8004008,MSAF,Mering-St Afra,RV,10.971202,48.274282,,,South
8010232,LMG,Merseburg,RV,11.990551,51.356889,,,Central
8012339,LMGB,Merseburg Bergmannsring,RV,11.989651,51.337371,,,Central
8003987,KMES,Merten(Sieg),RV,7.385657,50.77048,,,West
8003988,RME,Mertesheim,RV,8.133923,49.569195,,,Central
8003989,MMTG,Mertingen Bahnhof,RV,10.82518,48.660485,,,South
8003990,KMEZ,Merzenich,RV,6.518051,50.840032,,,West
8003992,SMZG,Merzig(Saar),RV,6.634192,49.436419,,,West
8003993,EMSD,Meschede,RV,8.279053,51.349603,,,Central
8012342,LMF,Meßdorf,RV,11.546771,52.709899,,,North
8003996,FMES,Messel,RV,8.745969,49.921718,,,Central
8003998,EMSN,Messinghausen,RV,8.679775,51.393192,,,Central
8004001,EMTE,Metelen Land,RV,7.254173,52.162494,,,West
8004003,FMET,Mettenheim,RV,8.334166,49.739906,,,Central
8004004,SMT,Mettlach,RV,6.598315,49.495476,,,West
8004009,TME,Metzingen(Württ),FV,9.290156,48.539725,,,South
8070678,TNHU,Metzingen-Neuhausen,RV,9.307106,48.532647,,,South
8012346,UMEU,Meuselbach-Schwarzmühle,RV,11.079214,50.581412,,,Central
8004011,NMI,Michelau(Oberfr),RV,11.116245,50.15498,,,Central
8007277,FMIC,Michelbach(Unterfr),RV,9.104496,50.099814,,,Central
8070165,FMICH,Michelbach(Unterfr) Herrnmühle,RV,9.118298,50.099783,,,Central
8010233,BMIP,Michendorf,RV,13.030688,52.316344,,,East
8007482,SRAM,Miesenbach,RV,7.548373,49.456368,,,West
8004020,KMIE,Miesenheim,RV,7.407598,50.404043,,,West
8012351,LMST,Mieste,RV,11.204771,52.48375,,,Central
8012352,LMT,Miesterhorst,RV,11.120178,52.466251,,,Central
8004024,EMIL,Millingen(b Rees),RV,6.399635,51.80971,,,West
8000640,NM,Miltenberg,RV,9.248467,49.706481,,,Central
8012354,LMI,Miltern,RV,11.936624,52.563344,,,North
8012358,WMI,Miltzow,RV,13.201008,54.199263,,,North
8004028,NMIM,Mimberg,RV,11.274564,49.352814,,,Central
8004030,MMAH,Mindelaltheim,RV,10.407905,48.455978,,,South
8000338,MMH,Mindelheim,RV,10.501626,48.044917,,,South
8012362,WMIS,Mistorf,RV,12.123044,53.880497,,,North
8012369,DMW,Mittweida,RV,12.959863,50.987545,,,East
8004049,TMO,Mochenwangen,RV,9.637901,47.872571,,,South
8004050,TML,Möckmühl,RV,9.357979,49.321107,,,Central
8012371,LMRN,Mockrehna,RV,12.819504,51.505606,,,East
8004053,TMOE,Mögglingen(Gmünd),RV,9.960316,48.825289,,,South
8012384,WMOI,Moidentin,RV,11.481918,53.806071,,,North
8004057,AMLN,Mölln(Lauenb),RV,10.683209,53.624414,,,North
8012376,WMOE,Mölln(Meckl),RV,13.084507,53.585939,,,North
8007279,FMOE,Mömbris-Mensengesäß,RV,9.166218,50.070309,,,Central
8070166,FMOES,Mömbris-Strötzbach,RV,9.156228,50.079471,,,Central
8004077,TMON,Monbach-Neuhausen,RV,8.728328,48.799166,,,South
8000253,KM,Mönchengladbach Hbf,FV,6.446111,51.196583,,,West
8004061,KMGE,Mönchengladbach-Genhausen,RV,6.32904,51.148081,,,West
8001745,KML,Mönchengladbach-Lürrip,RV,6.472428,51.199625,,,West
8004063,KMR,Mönchengladbach-Rheindahlen,RV,6.357894,51.150712,,,West
8012377,WMN,Mönchhagen,RV,12.225336,54.14357,,,North
8004064,NMOE,Mönchröden,RV,11.057613,50.302227,,,Central
8004078,SML,Monreal,RV,7.153055,50.296357,,,West
8000663,FMSH,Monsheim,RV,8.208162,49.633666,,,Central
8000667,FMTN,Montabaur,FV,7.825333,50.444834,,,West
8079265,SMBT,Moosbachtal,RV,7.754959,49.165954,,,West
8004084,MMB,Moosburg,RV,11.930382,48.47033,,,South
8004065,FMF,Mörfelden,RV,8.565384,49.979,,,Central
8012378,LMGN,Möringen(Altm),RV,11.748849,52.581661,,,North
8004066,RMOE,Mörlenbach,RV,8.730987,49.597299,,,Central
8004093,AMM,Morsum,RV,8.432464,54.872142,,,North
8004094,RMO,Mosbach(Baden),RV,9.143655,49.35256,,,Central
8000264,RNZ,Mosbach-Neckarelz,RV,9.113093,49.348484,,,Central
8012388,DML,Mosel,RV,12.481399,50.783598,,,East
8004096,SMK,Moselkern,RV,7.371357,50.195483,,,West
8012381,LMOS,Möser,RV,11.78462,52.218981,,,Central
8004070,TMS,Mössingen,RV,9.04653,48.404309,,,South
8004071,MMTN,Möttingen,RV,10.597832,48.806806,,,South
8012390,LMCH,Mücheln(Geiseltal),RV,11.804437,51.307641,,,Central
8012392,LMCZ,Mücheln(Geiseltal) Stadt,RV,11.813771,51.303855,,,Central
8004101,SMD,Müden(Mosel),RV,7.339393,50.18486,,,West
8000339,TM,Mühlacker,FV,8.846101,48.953192,,,South
8004103,TMRO,Mühlacker Rößlesweg,RV,8.860143,48.95634,,,South
8012393,LMUA,Mühlanger,RV,12.748212,51.855712,,,East
8000258,MMF,Mühldorf(Oberbay),RV,12.519638,48.248208,,,East
8004104,TMUE,Mühlen(b Horb),RV,8.726802,48.449941,,,South
8080980,BMM,Mühlenbeck-Mönchmühle,RV,13.386844,52.654605,,,North
8004107,RMH,Mühlhausen(b Engen),RV,8.804391,47.813658,,,South
8010235,UMH,Mühlhausen(Thür),RV,10.474041,51.209193,,,Central
8004112,FMH,Mühlheim(Main),RV,8.837646,50.119277,,,Central
8070088,FMHD,Mühlheim(Main)-Dietesheim,RV,8.857998,50.120519,,,Central
8004115,NMST,Mühlstetten,RV,11.00796,49.151491,,,Central
8000259,EMLR,Mülheim(Ruhr)Hbf,FV,6.88651,51.431342,,,West
8000687,EMRY,Mülheim(Ruhr)Styrum,RV,6.852636,51.449203,,,West
8004124,RML,Müllheim(Baden),FV,7.599332,47.809743,,,West
8004126,NMBG,Münchberg,RV,11.790667,50.189043,,,Central
8004127,HMHZ,Münchehof(Harz),RV,10.188654,51.848306,,,Central
8004128,MMDN,München Donnersbergerbrücke,RV,11.536537,48.142623,,,South
8004167,MFHB,München Flughafen Besucherpark,RV,11.764185,48.352095,,,South
8004168,MFHM,München Flughafen Terminal,RV,11.78597,48.353728,,,South
8004129,MHAB,München Hackerbrücke,RV,11.548543,48.141915,,,South
8004130,MHAR,München Harras,RV,11.536311,48.117747,,,South
8000261,MH,München Hbf,FV,11.558335,48.140232,,,South
8098263,MHT,München Hbf (tief),RV,11.560493,48.141172,,,South
8098261,MH  N,München Hbf Gl.27-36,FV,11.556708,48.141529,,,South
8098262,MH  S,München Hbf Gl.5-10,FV,11.555371,48.140094,,,South
8005419,MHPW,München Heimeranplatz,RV,11.5315,48.132961,,,South
8004179,MMHG,München Hirschgarten,RV,11.519245,48.14354,,,South
8004131,MIT,München Isartor,RV,11.583234,48.134202,,,South
8004132,MKA,München Karlsplatz,RV,11.565619,48.139452,,,South
8004133,MLEF,München Leienfelsstr.,RV,11.428524,48.154538,,,South
8004134,MLEU,München Leuchtenbergring,RV,11.615986,48.13425,,,South
8004135,MMP,München Marienplatz,RV,11.575386,48.137048,,,South
8004136,MRP,München Rosenheimer Platz,RV,11.593049,48.129168,,,South
8004137,MSW,München Siemenswerke,RV,11.532799,48.094503,,,South
8004138,MMAR,München St.Martin-Str.,RV,11.595785,48.118543,,,South
8004140,MMAL,München-Allach,RV,11.468036,48.189932,,,South
8004141,MMAU,München-Aubing,RV,11.413309,48.155968,,,South
8004142,MBAL,München-Berg am Laim,RV,11.633482,48.133979,,,South
8004143,MDFG,München-Daglfing,RV,11.64933,48.149622,,,South
8004144,MEGS,München-Englschalking,RV,11.648335,48.156915,,,South
8004145,MFAS,München-Fasanerie,RV,11.525924,48.197811,,,South
8004146,MFG,München-Fasangarten,RV,11.606009,48.092746,,,South
8004147,MFE,München-Feldmoching,RV,11.541318,48.213813,,,South
8004181,MFHH,München-Freiham,RV,11.409369,48.139917,,,South
8004148,MGI,München-Giesing,RV,11.596346,48.110803,,,South
8004149,MJK,München-Johanneskirchen,RV,11.646058,48.167638,,,South
8004150,MKFS,München-Karlsfeld,RV,11.459568,48.211179,,,South
8004151,ML,München-Laim,RV,11.503669,48.144371,,,South
8004152,MLW,München-Langwied,RV,11.432508,48.163112,,,South
8004153,MLO,München-Lochhausen,RV,11.407895,48.176505,,,South
8004155,MMCH,München-Moosach,RV,11.506237,48.180258,,,South
8004156,MNA,München-Neuaubing,RV,11.422197,48.141706,,,South
8004157,MOZ,München-Obermenzing,RV,11.478117,48.164223,,,South
8004158,MP,München-Pasing,FV,11.461485,48.149896,,,South
8004159,MPER,München-Perlach,RV,11.631208,48.093426,,,South
8004160,MRI P,München-Riem,RV,11.678049,48.143983,,,South
8004161,MSN,München-Solln,RV,11.526954,48.079921,,,South
8004162,MTR,München-Trudering,RV,11.663375,48.126066,,,South
8004139,MAUG,München-Untermenzing,RV,11.472792,48.177673,,,South
8004164,FMHN,Münchhausen,RV,8.718671,50.964196,,,Central
8087062,SMUE,Münchweiler(Alsenz),RV,7.887939,49.550606,,,West
8004166,SMR,Münchweiler(Rodalb),RV,7.700417,49.221355,,,West
8004169,NMUE,Münnerstadt,RV,10.188634,50.250078,,,Central
8070495,TMN,Münsingen,RV,9.490432,48.409637,,,South
8004171,FMTR,Münster(b Dieburg),RV,8.853885,49.923678,,,Central
8000462,EABT,Münster-Albachten,RV,7.528197,51.914576,,,West
8004426,ENBE,Münster-Häger,RV,7.562341,52.022062,,,West
8002841,EHIT,Münster-Hiltrup,RV,7.654281,51.904755,,,West
8004190,EMSR,Münster-Roxel,RV,7.526126,51.946411,,,West
8004172,SMSA,Münster-Sarmsheim,RV,7.898033,49.947388,,,West
8005635,ESPR,Münster-Sprakel,RV,7.619982,52.041513,,,West
8007142,RMZH,Münzesheim,RV,8.716007,49.12608,,,Central
8004174,SMLB,Mürlenbach,RV,6.601548,50.148782,,,West
8004177,AMUE,Müssen,RV,10.561128,53.499464,,,North
8004178,RMU,Muggensturm,RV,8.274293,48.876805,,,South
8004192,RMU B,Muggensturm Badesee,RV,8.286613,48.879996,,,South
8000534,NMS,Muhr a See,RV,10.720493,49.15436,,,Central
8012408,DMH,Muldenhütten,RV,13.388908,50.905594,,,East
8012409,LMD,Muldenstein,RV,12.354047,51.667787,,,East
8004182,TMU,Munderkingen,RV,9.645671,48.237872,,,South
8004184,RMRG,Murg(Baden),RV,8.018725,47.553452,,,South
8004185,MMU,Murnau,FV,11.192628,47.682266,,,South
8004186,MUO,Murnau Ort,RV,11.19566,47.678834,,,South
8004188,TMT,Murrhardt,RV,9.57777,48.982757,,,South
8004189,RMCH,Mußbach,RV,8.168529,49.37196,,,Central
8004193,FNAC,Nackenheim,RV,8.341885,49.919106,,,Central
8004196,TNA,Nagold,RV,8.727774,48.555644,,,South
8004202,TNAI,Nagold-Iselshausen,RV,8.72589,48.53154,,,South
8004195,TNAS,Nagold-Steinberg,RV,8.732643,48.542015,,,South
8004199,SNAB,Namborn,RV,7.146277,49.523922,,,West
8004206,FNAS,Nassau(Lahn),RV,7.800691,50.31148,,,West
8004207,MNBN,Nassenbeuren,RV,10.503797,48.078066,,,South
8012413,WNAS,Nassenheide,RV,13.239198,52.816919,,,North
8010239,BNAU,Nauen,RV,12.885559,52.612696,,,North
8004210,FNU,Nauheim(b Gr.Gerau),RV,8.449929,49.942137,,,Central
8010240,UNM,Naumburg(Saale)Hbf,FV,11.796984,51.163071,,,Central
8012429,UNRO,Naumburg-Roßbach,RV,11.77953,51.170649,,,Central
8012416,LNH,Naunhof,RV,12.594242,51.277086,,,East
8012417,UNE,Nebra,RV,11.570126,51.28344,,,Central
8012418,WNL,Nechlin,RV,13.90288,53.440927,,,North
8007435,RNBH,Neckarbischofsheim Helmhof,RV,8.995621,49.278376,,,Central
8007434,RNHS,Neckarbischofsheim Stadt,RV,8.963686,49.296035,,,Central
8004215,RNB,Neckarburken,RV,9.163721,49.378383,,,Central
8000265,RNM,Neckargemünd,RV,8.788425,49.393678,,,Central
8004217,RNMA,Neckargemünd Altstadt,RV,8.802954,49.392391,,,Central
8004216,RNA,Neckargerach,RV,9.074704,49.397906,,,Central
8004218,RNH,Neckarhausen bei Neckarsteinach,RV,8.879703,49.416954,,,Central
8004219,RNT,Neckarsteinach,RV,8.841429,49.404909,,,Central
8004220,TN,Neckarsulm,RV,9.220068,49.188973,,,Central
8004222,RNEZ,Neckarzimmern,RV,9.137577,49.316563,,,Central
8004223,SNF,Neef,RV,7.139418,50.091053,,,West
8012421,WNA,Neetzka,RV,13.500838,53.533518,,,North
8004228,ENHH,Neheim-Hüsten,RV,7.970066,51.438003,,,West
8079146,RNFL,Neidenfels,RV,8.045236,49.386201,,,Central
8007441,RNST,Neidenstein,RV,8.890152,49.320237,,,Central
8004233,TNL,Nellmersbach,RV,9.415401,48.903368,,,South
8012424,LNDG,Nemsdorf-Göhrendorf,RV,11.659227,51.358381,,,Central
8004236,SNE,Nennig,RV,6.375851,49.538738,,,West
8012426,DNGM,Nennigmühle,RV,13.253168,50.691091,,,East
8004239,MNSG,Nersingen,RV,10.118003,48.430141,,,South
8004240,MNEW,Nesselwang,RV,10.504419,47.623944,,,South
8004242,KNEH,Nettersheim,RV,6.629376,50.490398,,,West
8012428,WNED,Netzeband,RV,12.628103,52.995556,,,North
8004246,FNIU,Neu Isenburg,RV,8.665609,50.053052,,,Central
8012436,WNWO,Neu Wokern,RV,12.500916,53.760033,,,North
8004247,ANWF,Neu Wulmstorf,RV,9.788432,53.473046,,,North
8004250,NNAE,Neubäu,RV,12.436474,49.239861,,,East
8004251,ENBM,Neubeckum,RV,8.02136,51.801951,,,Central
8004252,MNB,Neubiberg,RV,11.660222,48.075847,,,South
8010241,WN,Neubrandenburg,RV,13.261465,53.561831,,,North
8004253,SNBR,Neubrücke(Nahe),RV,7.172701,49.606066,,,West
8012438,WNB,Neubukow,RV,11.677763,54.030779,,,North
8004256,MNBK,Neuburg(Kammel),RV,10.365536,48.302557,,,South
8004257,RNBU,Neuburg(Rhein),RV,8.238217,48.992129,,,South
8004258,TND,Neudenau,RV,9.27082,49.288367,,,Central
8010242,UND,Neudietendorf,RV,10.909685,50.913898,,,Central
8004265,TNE,Neuenbürg(Enz),RV,8.600857,48.849147,,,South
8070278,TNEE,Neuenbürg(Enz) Eyachbrücke,RV,8.577871,48.8172,,,South
8070276,TNEB,Neuenbürg(Enz) Freibad,RV,8.59033,48.836942,,,South
8089119,RNBG,Neuenburg(Baden),RV,7.562756,47.811483,,,West
8004268,NNDU,Neuendettelsau,RV,10.782372,49.282675,,,Central
8081020,BNG,Neuenhagen(b Berlin),RV,13.700494,52.520453,,,North
8000267,NNE,Neuenmarkt-Wirsberg,RV,11.581061,50.093676,,,Central
8004273,ENRA,Neuenrade,RV,7.79439,51.284773,,,West
8004276,TNN,Neuenstein,RV,9.585454,49.205945,,,Central
8004279,MNF,Neufahrn(b Freising),RV,11.661261,48.321636,,,South
8000688,MNFR,Neufahrn(Niederbay),FV,12.19046,48.729884,,,East
8004249,MNGH,Neugilching,RV,11.288666,48.098966,,,South
8004284,NNP,Neuhaus(Pegnitz),RV,11.551709,49.626653,,,Central
8004289,RNHN,Neuhausen Bad Bf,RV,8.612186,47.682615,,,South
8012458,BNE,Neuhof(b Zossen),RV,13.479582,52.139674,,,East
8004295,FNF,Neuhof(Kr Fulda),RV,9.620224,50.454818,,,Central
8010243,LNK,Neukieritzsch,RV,12.412836,51.150774,,,East
8000269,NNS,Neukirchen(b Sulzb),RV,11.61954,49.524326,,,Central
8004298,MNK,Neukirchen(Inn),RV,13.370103,48.517679,,,East
8012463,LNWY,Neukirchen-Wyhra,RV,12.533536,51.087846,,,East
8004304,RNL,Neulußheim,RV,8.530075,49.292199,,,Central
8004305,NNT,Neumarkt(Oberpf),FV,11.456987,49.273221,,,Central
8000720,MNR,Neumarkt-St Veit,RV,12.503075,48.361318,,,East
8012465,UNME,Neumühle(Elster),RV,12.170331,50.702223,,,East
8000271,AN,Neumünster,FV,9.979816,54.075752,,,North
8012467,LN,Neundorf(Anh),RV,11.59376,51.824698,,,Central
8004308,RNK,Neunkirch,RV,8.495384,47.689151,,,South
8004310,NNKS,Neunkirchen a Sand,RV,11.32205,49.520405,,,Central
8000272,SNK,Neunkirchen(Saar)Hbf,RV,7.176655,49.353291,,,West
8004312,SNKW,Neunkirchen(Saar)-Wellesweiler,RV,7.226787,49.34956,,,West
8004315,MNN,Neuötting,RV,12.690432,48.261158,,,East
8012469,BNP,Neupetershain,RV,14.161703,51.606324,,,East
8010175,WNRR,Neuruppin Rheinsberger Tor,RV,12.810799,52.92957,,,North
8004318,MNES,Neusäß,RV,10.83352,48.394392,,,South
8004319,NNEU,Neuses(b Kronach),RV,11.306843,50.217153,,,Central
8004321,NNSG,Neusorg,RV,11.971987,49.933844,,,Central
8012471,DNZ,Neusörnewitz,RV,13.552767,51.147553,,,East
8004335,KNAL,Neuss Allerheiligen,RV,6.756793,51.142466,,,West
8004320,KNAK,Neuss Am Kaiser,RV,6.697529,51.220352,,,West
8000274,KN,Neuss Hbf,FV,6.684527,51.204351,,,West
8004316,KNRC,Neuss Rheinparkcenter,RV,6.717153,51.206175,,,West
8004322,HNRU,Neustadt am Rübenberge,RV,9.455277,52.503325,,,North
8004323,NNA,Neustadt(Aisch)Bahnhof,RV,10.588032,49.576876,,,Central
8004325,NNU,Neustadt(b Coburg),RV,11.121391,50.332813,,,Central
8004327,ANT,Neustadt(Holst),RV,10.80849,54.104002,,,North
8099507,ANN,Neustadt(Holst)Gbf,RV,10.795431,54.096228,,,North
8004328,FNSM,Neustadt(Kr Marburg),RV,9.120643,50.850447,,,Central
8004331,RNSS,Neustadt(Schwarzw),RV,8.210883,47.910198,,,South
8004332,NNW,Neustadt(Waldnaab),RV,12.168337,49.725918,,,East
8000275,RN,Neustadt(Weinstr)Hbf,FV,8.140757,49.349553,,,Central
8004489,RNBO,Neustadt-Böbig,RV,8.158313,49.354245,,,Central
8004333,TNHO,Neustadt-Hohenacker,RV,9.324715,48.859312,,,South
8084074,NNSP,Neustift(b Passau),RV,13.394415,48.566815,,,East
8010250,WNT,Neustrelitz Hbf,FV,13.074603,53.359255,,,North
8006730,MNM,Neu-Ulm,FV,10.004823,48.393039,,,South
8000276,KNE,Neuwied,RV,7.473132,50.431466,,,West
8004338,TNW,Neuwirtshaus(Porscheplatz),RV,9.152505,48.833824,,,South
8012479,BNZ,Neuzelle,RV,14.648866,52.098797,,,East
8000277,FND,Nidda,RV,8.998881,50.411449,,,Central
8000158,FHWD,Nidderau,RV,8.880233,50.230826,,,Central
8001701,FECH,Nidderau-Eichen,RV,8.917491,50.255947,,,Central
8006465,FWIN,Nidderau-Windecken,RV,8.876069,50.225056,,,Central
8004343,ANB,Niebüll,FV,8.834572,54.789605,,,North
8004344,SNID,Niedaltdorf,RV,6.594053,49.343539,,,West
8004345,FNFD,Nieder Flörsheim-Dalsheim,RV,8.204274,49.656901,,,Central
8004353,FNRW,Nieder Wöllstadt,RV,8.767357,50.280291,,,Central
8012482,DNDR,Niederau,RV,13.560474,51.176333,,,East
8004363,TNB,Niederbiegen,RV,9.620958,47.830626,,,South
8012483,DNBO,Niederbobritzsch,RV,13.440637,50.901389,,,East
8004364,FNCH,Niederbrechen,RV,8.159856,50.359598,,,Central
8004366,KND,Niederdollendorf,RV,7.180977,50.695078,,,West
8004367,FNIE,Niederdorfelden,RV,8.809034,50.193166,,,Central
8012487,LNF,Niedergörsdorf,RV,12.978931,51.96793,,,East
8004379,FNDH,Niederheimbach,RV,7.805505,50.036013,,,West
8004380,FNH,Niederhöchstadt,RV,8.547237,50.154198,,,Central
8004381,ENDV,Niederhövels,RV,7.788525,50.786291,,,West
8004382,FNJ,Niederjosbach,RV,8.351017,50.149807,,,Central
8000278,KNL,Niederlahnstein,RV,7.599503,50.31639,,,West
8004391,MNLH,Niederlindhart,RV,12.237846,48.762512,,,East
8004392,SNDL,Niederlinxweiler,RV,7.160695,49.432201,,,West
8004395,FNMI,Niedermittlau,RV,9.109264,50.178609,,,Central
8004396,SNDM,Niedermohr,RV,7.471588,49.458429,,,West
8012490,LNR,Niederndodeleben,RV,11.502663,52.129976,,,Central
8004400,FNSD,Niedernhausen(Taunus),RV,8.312879,50.159697,,,Central
8004401,MNRU,Niederraunau,RV,10.374503,48.221344,,,South
8004404,MNRO,Niederroth,RV,11.390041,48.320935,,,South
8012494,UNIW,Niedersachswerfen,RV,10.76389,51.545067,,,Central
8004406,ENDN,Niederschelden,RV,7.965509,50.839248,,,West
8004409,FNS,Niederselters,RV,8.230084,50.332676,,,Central
8012500,UNI,Niederspier,RV,10.848231,51.290103,,,Central
8007278,FNIH,Niedersteinbach,RV,9.148562,50.086596,,,Central
8004412,TNI,Niederstetten,RV,9.915079,49.403573,,,Central
8004413,TNS,Niederstotzingen,RV,10.23646,48.532604,,,South
8004417,FNL,Niederwalgern,RV,8.708379,50.736598,,,Central
8012503,DNI,Niederwartha,RV,13.605922,51.094632,,,East
8004420,FNDW,Niederweimar,RV,8.733665,50.756771,,,Central
8010253,DNR,Niederwiesa,RV,13.022852,50.862616,,,East
8012499,DNZW,Niederzwönitz,RV,12.82213,50.646191,,,East
8004425,TNF,Niefern,RV,8.769755,48.920281,,,South
8012506,LNM,Niemberg,RV,12.099869,51.552062,,,East
8012507,LNB,Nienburg(Saale),RV,11.761533,51.837951,,,Central
8000279,HNBG,Nienburg(Weser),FV,9.217753,52.645566,,,North
8004432,FNIR,Nierstein,RV,8.34281,49.872002,,,Central
8004434,KNIV,Nievenheim,RV,6.782117,51.123717,,,West
8004435,FNIV,Nievern,RV,7.681876,50.337385,,,West
8004437,TNK,Niklashausen,RV,9.613916,49.701699,,,Central
8004438,SNI,Nittel,RV,6.440942,49.654264,,,West
8012509,DNB,Nöbdenitz,RV,12.280657,50.878906,,,East
8079083,SNO,Nohfelden,RV,7.139443,49.585688,,,West
8004446,MNHN,Nonnenhorn,RV,9.612676,47.575118,,,South
8000280,MNL,Nördlingen,RV,10.497863,48.850841,,,South
8004462,KNO,Norf,RV,6.731645,51.160412,,,West
8004464,RNO,Norsingen,RV,7.726196,47.93925,,,West
8004441,HNTH,Nörten-Hardenberg,RV,9.933096,51.628184,,,Central
8000283,HN,Northeim(Han),FV,9.986618,51.703139,,,Central
8004466,ANF,Nortorf,RV,9.852585,54.16663,,,North
8012517,WNOS,Nossentin,RV,12.452177,53.521594,,,North
8000595,EAPH,Nottuln-Appelhülsen,RV,7.426334,51.892139,,,West
8012523,DNUN,Nünchritz,RV,13.39197,51.302649,,,East
8004493,NSTD,Nürnberg Frankenstadion,RV,11.130044,49.430795,,,Central
8098493,NND,Nürnberg Frankenstadion Sonderbahnsteig,RV,11.128659,49.431613,,,Central
8000284,NN,Nürnberg Hbf,FV,11.082989,49.445616,,,Central
8004473,NNRS,Nürnberg Rothenburger Str.,RV,11.055338,49.4454,,,Central
8004442,NDHF,Nürnberg-Dürrenhof,RV,11.09753,49.448039,,,Central
8004476,NDTH,Nürnberg-Dutzendteich,RV,11.117378,49.43707,,,Central
8004477,NNES,Nürnberg-Eibach,RV,11.048058,49.4098,,,Central
8004478,NNER,Nürnberg-Erlenstegen,RV,11.137293,49.472061,,,Central
8005304,NGLH,Nürnberg-Gleißhammer,RV,11.111284,49.444437,,,Central
8004480,NNLH,Nürnberg-Laufamholz,RV,11.168477,49.462948,,,Central
8004481,NNMO,Nürnberg-Mögeldorf,RV,11.133866,49.459213,,,Central
8004491,NNRH,Nürnberg-Rehhof,RV,11.154754,49.462625,,,Central
8004483,NNRE,Nürnberg-Reichelsdorf,RV,11.038493,49.382151,,,Central
8004484,NNSR,Nürnberg-Sandreuth,RV,11.05465,49.429585,,,Central
8004485,NNSW,Nürnberg-Schweinau,RV,11.045403,49.434377,,,Central
8004486,NNST,Nürnberg-Stein,RV,11.018171,49.425552,,,Central
8004487,NNSE,Nürnberg-Steinbühl,RV,11.0682,49.442836,,,Central
8004488,TNU,Nürtingen,FV,9.342648,48.627997,,,South
8004490,TNUF,Nufringen,RV,8.889796,48.620278,,,South
8004496,TOAI,Oberaichen,RV,9.127335,48.705193,,,South
8004503,MOA,Oberammergau,RV,11.057078,47.599545,,,South
8004504,NOA,Oberasbach,RV,10.964247,49.416681,,,Central
8004506,MOU,Oberau,FV,11.139272,47.559273,,,South
8004513,SOH,Oberbettingen-Hillesheim,RV,6.638337,50.282929,,,West
8004514,SOG,Oberbillig,RV,6.511634,49.710162,,,West
8004517,TOBB,Oberboihingen,RV,9.364135,48.647928,,,South
8004518,FOB,Oberbrechen,RV,8.187801,50.354498,,,Central
8004521,NON,Oberdachstetten,RV,10.421948,49.418521,,,Central
8079078,ROBE,Oberderdingen-Flehingen Industrie,RV,8.775007,49.083968,,,Central
8004525,TOLC,Oberelchingen,RV,10.083024,48.447573,,,South
8004526,FOSN,Oberelsungen,RV,9.250929,51.376323,,,Central
8004528,TOES,Oberesslingen,RV,9.327267,48.729876,,,South
8004529,NOB,Oberferrieden,RV,11.333429,49.331477,,,Central
8007437,ROGI,Obergimpern,RV,9.044019,49.255404,,,Central
8004533,NOH,Oberhaid,RV,10.817637,49.929468,,,Central
8000286,EOB,Oberhausen Hbf,FV,6.851588,51.474878,,,West
8004540,EOHT,Oberhausen-Holten,RV,6.810455,51.534574,,,West
8004542,EOSD,Oberhausen-Sterkrade,RV,6.843543,51.512086,,,West
8012525,UOF,Oberhof(Thür),RV,10.709405,50.684213,,,Central
8004549,TON,Oberkochen,RV,10.107654,48.782359,,,South
8000287,NOKP,Oberkotzau,RV,11.932204,50.266389,,,Central
8004553,TOL,Oberlenningen,RV,9.470774,48.554385,,,South
8012528,DOBL,Oberlichtenau,RV,12.959276,50.907914,,,East
8004554,MOLH,Oberlindhart,RV,12.217908,48.755409,,,East
8004555,SOW,Oberlinxweiler,RV,7.151116,49.450707,,,West
8004557,SOBM,Obermohr,RV,7.501412,49.456253,,,West
8004558,NOBN,Obernau,RV,9.136088,49.934537,,,Central
8004560,NOE,Obernburg-Elsenfeld,RV,9.154222,49.840738,,,Central
8004563,TOB,Oberndorf(Neckar),RV,8.575514,48.295669,,,South
8004564,EOBW,Oberndorf(Wittgenstein),RV,8.300167,50.952239,,,Central
8004567,FOBH,Obernhof(Lahn),RV,7.853001,50.315888,,,West
8004571,MOMN,Oberottmarshausen,RV,10.851834,48.235868,,,South
8007141,ROOE,Oberöwisheim,RV,8.686232,49.14006,,,Central
8012532,UOR,Oberröblingen,RV,11.297069,51.441136,,,Central
8012534,DOH,Oberrothenbach,RV,12.475776,50.763883,,,East
8004577,ROSC,Oberschefflenz,RV,9.27885,49.416925,,,Central
8004580,MOSM,Oberschleißheim,RV,11.55783,48.257226,,,South
8004583,NOBS,Obersinn,RV,9.617798,50.209019,,,Central
8004584,MOSF,Oberstaufen,RV,10.025285,47.554206,,,South
8004585,MOF,Oberstdorf,FV,10.278097,47.411032,,,South
8004592,NOT,Obertraubling,RV,12.169996,48.967537,,,East
8004593,FOTS,Obertshausen(Kr Of),RV,8.853417,50.072226,,,Central
8004594,ROT,Obertsrot,RV,8.34753,48.745806,,,South
8004596,FOU,Oberursel(Taunus),RV,8.589409,50.199423,,,Central
8087064,FOUS,Oberursel-Stierstadt,RV,8.584694,50.185688,,,Central
8006304,FWN,OberurselWeißkirchen/Steinbach,RV,8.586918,50.173246,,,Central
8012540,DOG,Obervogelgesang,RV,13.989919,50.949797,,,East
8012542,UOW,Oberweißbach-Deesbach,RV,11.135521,50.579239,,,Central
8004453,NOBW,Oberwerrn,RV,10.153804,50.070342,,,Central
8004601,FOBW,Oberwesel,RV,7.731542,50.10446,,,West
8004604,KOWI,Oberwinter,RV,7.207696,50.611356,,,West
8004605,TOBZ,Oberzell,RV,9.574475,47.751727,,,South
8010260,UOFM,Obstfelderschmiede,RV,11.133784,50.603622,,,Central
8004609,NOK,Ochenbruck,RV,11.253831,49.362839,,,Central
8000818,NOF,Ochsenfurt,RV,10.071776,49.663043,,,Central
8012546,LOL,Ochtmersleben,RV,11.381105,52.144442,,,Central
8004613,EOP,Ochtrup,RV,7.184036,52.201616,,,West
8007138,RODH,Odenheim Bf,RV,8.746388,49.17902,,,Central
8012549,BOD,Oderin,RV,13.726923,52.074916,,,East
8010261,LOE,Oebisfelde,RV,10.983852,52.439275,,,Central
8012550,DOR,Oederan,RV,13.175149,50.857284,,,East
8012552,LOEH,Oehna,RV,13.048201,51.93305,,,East
8004626,EOEL,Oelde,RV,8.142599,51.829112,,,Central
8004629,NOER,Oerlenbach,RV,10.130921,50.143278,,,Central
8012555,WOE,Oertzenhof,RV,13.573119,53.518083,,,North
8004642,EOVP,Oeventrop,RV,8.132081,51.39202,,,Central
8004643,ROU,Offenau,RV,9.165293,49.246414,,,Central
8070092,FOKL,Offenbach(Main) Kaiserlei,RV,8.738377,50.105332,,,Central
8070091,FOLM,Offenbach(Main) Ledermuseum,RV,8.750485,50.105989,,,Central
8070090,FOMP,Offenbach(Main) Marktplatz,RV,8.763633,50.105855,,,Central
8000349,FO,Offenbach(Main)Hbf,FV,8.760743,50.099264,,,Central
8004647,FOBI,Offenbach-Bieber,RV,8.808367,50.090547,,,Central
8004640,FOWH,Offenbach-Waldhof,RV,8.828938,50.081691,,,Central
8000290,RO,Offenburg,FV,7.946723,48.476475,,,West
8070509,TOFS,Offenhausen,RV,9.370292,48.399628,,,South
8004654,MOFF,Offingen,RV,10.376003,48.481846,,,South
8004658,ROFH,Oftersheim,RV,8.579013,49.373505,,,Central
8004662,MOH,Ohlstadt,RV,11.218066,47.634091,,,South
8004623,TOE,Öhringen Hbf,RV,9.502705,49.203214,,,Central
8004620,TCP,Öhringen-Cappel,RV,9.526919,49.201961,,,Central
8004664,FOK,Okarben,RV,8.75335,50.252664,,,Central
8004665,HOK,Oker,RV,10.478146,51.904879,,,Central
8012558,DOL,Olbernhau,RV,13.336774,50.656255,,,East
8012559,DOGT,Olbernhau-Grünthal,RV,13.364854,50.649844,,,East
8012562,UOL,Olbersleben-Ellersleben,RV,11.33293,51.144198,,,Central
8004632,TOED,Ölbronn-Dürrn,RV,8.753677,48.98581,,,South
8004667,MOL,Olching,RV,11.335602,48.209995,,,South
8004669,AOL,Oldenburg(Holst),FV,10.882838,54.283824,,,North
8000291,HOLD,Oldenburg(Oldb),FV,8.222713,53.144323,,,North
8004676,EOLS,Olsberg,RV,8.484206,51.360495,,,Central
8004677,SOU,Olsbrücken,RV,7.652759,49.538071,,,West
8079607,AOPD,Oppendorf Bahnhof,RV,10.208319,54.325961,,,North
8004680,FOPP,Oppenheim,RV,8.358078,49.85756,,,Central
8004681,TOP,Oppenweiler(Württ),RV,9.462785,48.981518,,,South
8013487,BOR,Oranienburg,RV,13.249613,52.753653,,,North
8004683,RORW,Orschweier,RV,7.790281,48.274192,,,West
8012565,BORT,Ortrand,RV,13.764948,51.373633,,,East
8013461,DOT,Oschatz,RV,13.104093,51.31166,,,East
8000294,HO,Osnabrück Hbf,FV,8.061781,52.272851,,,Central
8004636,ROH,Ötigheim,RV,8.240582,48.888526,,,South
8004637,TOET,Ötisheim,RV,8.813508,48.966571,,,South
8004722,ROTU,Ottenau,RV,8.338314,48.792877,,,South
8012593,DOF,Ottendorf(Mittweida),RV,12.952856,50.935117,,,East
8004723,MONH,Ottenhofen(Oberbay),RV,11.879385,48.218134,,,South
8004724,NOBE,Ottenhofen-Bergel,RV,10.355976,49.45579,,,Central
8004725,NOTS,Ottensoos,RV,11.339683,49.50775,,,Central
8004726,MOTF,Otterfing,RV,11.682121,47.911387,,,South
8004730,MOTG,Otting,RV,12.703593,47.92871,,,East
8004731,MOTW,Otting-Weilheim,RV,10.818935,48.880872,,,South
8004733,MOBR,Ottobrunn,RV,11.677795,48.063692,,,South
8000875,SOTW,Ottweiler(Saar),RV,7.166133,49.402337,,,West
8004735,HOTZ,Otze,RV,10.017114,52.487617,,,Central
8012599,LOV,Ovelgünne,RV,11.26943,52.141807,,,Central
8004739,KOV,Overath,RV,7.288817,50.93273,,,West
8004740,TOW,Owen(Teck),RV,9.44776,48.586996,,,South
8004741,AOS,Owschlag,RV,9.590516,54.392595,,,North
8000297,EPD,Paderborn Hbf,FV,8.740505,51.712979,,,Central
8004746,KPFF,Paffendorf,RV,6.606998,50.961691,,,West
8004747,MPD,Paindorf,RV,11.487263,48.44268,,,South
8004748,SPZ,Palzem,RV,6.371926,49.565064,,,West
8004750,APF,Pansdorf,RV,10.703056,53.981034,,,North
8004751,HPAP,Papenburg(Ems),FV,7.386708,53.089706,,,North
8012603,WPF,Papendorf,RV,12.137318,54.036604,,,North
8004753,MPP,Pappenheim,RV,10.964028,48.926405,,,South
8012609,WPA,Parkentin,RV,11.978983,54.081256,,,North
8004755,NPB,Parsberg,RV,11.723355,49.164355,,,Central
8004756,NPAR,Partenstein,RV,9.52399,50.038379,,,Central
8010268,WP,Pasewalk,FV,13.988875,53.515353,,,North
8000298,NPA,Passau Hbf,FV,13.450776,48.573632,,,East
8012611,WPS,Passow(Uckermark),RV,14.10137,53.148702,,,North
8004759,NPZ,Pegnitz,RV,11.547547,49.758341,,,Central
8004760,HP,Peine,FV,10.232145,52.318942,,,Central
8004761,MPEI,Peiß,RV,11.776595,47.960102,,,South
8012619,LPE,Peißen,RV,12.059642,51.500814,,,East
8004767,MPZ,Penzberg,RV,11.371875,47.749249,,,South
8004770,MPRM,Perkam,RV,12.437388,48.857554,,,East
8004771,SPE,Perl,RV,6.369321,49.473163,,,West
8012622,WPB,Perleberg,RV,11.852322,53.071255,,,North
8012623,LPB,Petergrube,RV,12.503348,51.098402,,,East
8004774,NPET,Petersaurach,RV,10.745433,49.303656,,,Central
8012627,WPE,Petershagen(Uckerm),RV,14.252349,53.239977,,,North
8004777,HLAD,Petershagen-Lahde,RV,9.009813,52.368032,,,Central
8004775,MPE,Petershausen(Obb),RV,11.469881,48.41345,,,South
8012629,LPRO,Petersroda,RV,12.285408,51.569691,,,East
8004780,MPFH,Pfaffenhausen,RV,10.451825,48.117794,,,South
8004781,MPF,Pfaffenhofen(Ilm),RV,11.511884,48.522433,,,South
8004778,TPG,Pfäffingen,RV,8.964701,48.532167,,,South
8004784,SPF,Pfalzel,RV,6.68302,49.780319,,,West
8004786,MPKI,Pfarrkirchen,RV,12.938169,48.429195,,,East
8004788,FPD,Pfeddersheim,RV,8.279654,49.634634,,,Central
8004796,TPF,Pflaumloch,RV,10.436925,48.84903,,,South
8000299,TPH,Pforzheim Hbf,FV,8.703099,48.894152,,,South
8004804,TPHM,Pforzheim Maihälden,RV,8.678158,48.893391,,,South
8004801,TPW,Pforzheim-Weißenstein,RV,8.676449,48.865147,,,South
8004806,MPFD,Pfronten-Ried,RV,10.561026,47.583591,,,South
8004807,MPFS,Pfronten-Steinach,RV,10.574572,47.566111,,,South
8004809,MPFW,Pfronten-Weißbach,RV,10.557736,47.595701,,,South
8070630,TPU,Pfullendorf,RV,9.25518,47.922962,,,South
8004813,RPB,Philippsburg(Baden),RV,8.454023,49.231621,,,Central
8004814,SPI,Philippsheim,RV,6.625693,49.953435,,,West
8004815,MPI,Piding,FV,12.91153,47.759543,,,East
8012636,BPIL,Pillgram,RV,14.398532,52.336898,,,East
8004819,AP,Pinneberg,RV,9.797608,53.655179,,,North
8012637,WPIN,Pinnow(Uckermark),RV,14.088742,53.065342,,,North
8004822,SPS,Pirmasens Hbf,RV,7.598432,49.205645,,,West
8010272,DPI,Pirna,RV,13.928881,50.962623,,,East
8010273,WPZ,Plaaz,RV,12.337716,53.840457,,,North
8004826,KPL,Plaidt,RV,7.393638,50.395204,,,West
8004827,MPL,Planegg,RV,11.413556,48.105303,,,South
8000301,NPL,Plattling,FV,12.86394,48.779619,,,East
8010274,UPL,Plaue(Thür),RV,10.908698,50.778393,,,Central
8010275,DP,Plauen(Vogtl) ob Bf,RV,12.129419,50.506163,,,East
8004835,NPLF,Pleinfeld,RV,10.977369,49.10628,,,Central
8012650,BP,Plessa,RV,13.616847,51.470851,,,East
8000302,TP,Plochingen,FV,9.41081,48.71308,,,South
8004841,APLN,Plön,RV,10.422562,54.159479,,,North
8004842,TPL,Plüderhausen,RV,9.595853,48.796684,,,South
8012651,WPSW,Plüschow,RV,11.285845,53.837064,,,North
8010277,DPF,Pockau-Lengefeld,RV,13.226585,50.707132,,,East
8004845,MPKG,Pocking,RV,13.313164,48.406222,,,East
8004851,HPOG,Poggenhagen,RV,9.453972,52.467307,,,Central
8004854,MPO,Poing,RV,11.809438,48.171329,,,South
8012654,WPOE,Pölchow,RV,12.121127,54.011031,,,North
8004847,NPG,Pölling,RV,11.413685,49.288282,,,Central
8004858,NPMH,Pommelsbrunn,RV,11.513615,49.501463,,,Central
8004859,SPOM,Pommern(Mosel),RV,7.269836,50.169298,,,West
8012661,DPO,Ponitz,RV,12.416664,50.857778,,,East
8004848,APN,Pönitz(Holst),RV,10.671157,54.045654,,,North
8012656,LPOE,Pönitz(Leipzig),RV,12.514432,51.408536,,,East
8004865,NPOP,Poppenhausen,RV,10.138786,50.100477,,,Central
8012662,DPSC,Porschdorf(Pirna),RV,14.138576,50.943184,,,East
8004869,KPRH,Porz(Rhein),RV,7.064724,50.882907,,,West
8004873,KPW,Porz-Wahn,RV,7.079266,50.858133,,,West
8004849,NPOE,Pösing,RV,12.5429,49.229146,,,East
8004874,MPH,Possenhofen,RV,11.306475,47.96196,,,South
8010280,BPDC,Potsdam Charlottenhof,RV,13.036496,52.3928,,,East
8080530,BGBS,Potsdam Griebnitzsee,RV,13.128713,52.394439,,,East
8012666,BPD,Potsdam Hbf,FV,13.066782,52.391704,,,East
8011430,BDW,Potsdam Medienstadt Babelsberg,RV,13.122284,52.382659,,,East
8010377,BWP,Potsdam Park Sanssouci,RV,13.014512,52.394108,,,East
8010279,BPDP,Potsdam Pirschheide,RV,13.011243,52.372667,,,East
8080070,BBAB,Potsdam-Babelsberg,RV,13.092871,52.391391,,,East
8012733,BRC,Potsdam-Rehbrücke,RV,13.098232,52.358298,,,East
8004878,EPRA,Praest,RV,6.343934,51.82216,,,West
8010281,LPT,Pratau,RV,12.635964,51.843256,,,East
8004879,APZ,Preetz,RV,10.275752,54.233941,,,North
8010282,WPL,Prenzlau,FV,13.866532,53.321608,,,North
8004881,NPR,Pressig-Rothenkirchen,RV,11.310824,50.348838,,,Central
8012673,LPRZ,Pretzier(Altm),RV,11.26454,52.836436,,,North
8004883,EPRN,Preußen,RV,7.539692,51.58815,,,West
8010284,WPI,Priemerburg,RV,12.223022,53.795979,,,North
8004885,MPR,Prien a Chiemsee,FV,12.346615,47.855513,,,East
8010285,DPR,Priestewitz,RV,13.50912,51.250602,,,East
8013489,BPOT,Priort,RV,12.971374,52.516367,,,North
8012675,UPZ,Prittitz,RV,11.937331,51.15841,,,Central
8012677,WPRZ,Pritzier,RV,11.08356,53.364971,,,North
8010287,WPR,Pritzwalk,RV,12.184518,53.145759,,,North
8007318,APSH,Probsteierhagen,RV,10.292991,54.365139,,,North
8010288,UPR,Probstzella,RV,11.383568,50.528231,,,Central
8012678,LPRL,Prödel,RV,11.913342,52.03764,,,Central
8012683,WPRA,Prora,FV,13.564057,54.444986,,,North
8012679,DPRO,Prösen,RV,13.488394,51.435058,,,East
8004893,MPM,Puchheim,RV,11.353061,48.172179,,,South
8004898,KPUL,Pulheim,RV,6.797051,50.998043,,,West
8004899,MPUL,Pullach,RV,11.521848,48.05898,,,South
8004900,MPU,Pulling(b Freising),RV,11.707084,48.36339,,,South
8004901,NPU,Puschendorf,RV,10.828177,49.520762,,,Central
8004903,APU,Puttgarden,FV,11.226721,54.50037,,,North
8004907,KQ,Quadrath-Ichendorf,RV,6.686165,50.937859,,,West
8010291,LQ,Querfurt,RV,11.603697,51.386919,,,Central
8004909,SQS,Quierschied,RV,7.059386,49.324855,,,West
8004910,SQI,Quint,RV,6.704697,49.825988,,,West
8012697,LRK,Rackwitz(Leipzig),RV,12.37513,51.440318,,,East
8010293,DRBK,Radebeul-Kötzschenbroda,RV,13.628693,51.107615,,,East
8013490,DRBN,Radebeul-Naundorf,RV,13.599101,51.110336,,,East
8012700,DRBT,Radebeul-Weintraube,RV,13.656017,51.103002,,,East
8012701,DRBZ,Radebeul-Zitzschewig,RV,13.606809,51.114305,,,East
8012704,LRA,Radis,RV,12.504183,51.754704,,,East
8004917,NRA,Radldorf(Niederbay),RV,12.44307,48.874666,,,East
8000880,RRZ,Radolfzell,FV,8.968984,47.735873,,,South
8012707,LRH,Raguhn,RV,12.269664,51.710855,,,East
8004923,NRAF,Raindorf,RV,10.846188,49.504239,,,Central
8004924,ARS,Raisdorf,RV,10.243694,54.280937,,,North
8004926,NRAH,Raitersaich,RV,10.843549,49.374898,,,Central
8012710,WRAK,Rakow,RV,13.045942,54.048156,,,North
8012711,WRMB,Rambin(Rügen),RV,13.207813,54.353429,,,North
8004928,MRMB,Ramerberg,RV,12.146704,48.01964,,,East
8004929,SRCH,Rammelsbach,RV,7.444075,49.542131,,,West
8004927,MRAM,Rammingen(Bay),RV,10.588065,48.053022,,,South
8004930,TRM,Rammingen(Württ),RV,10.191084,48.512467,,,South
8004933,NRAB,Ramsberg,RV,10.925378,49.111841,,,Central
8004935,RRN,Ramsen,RV,8.02113,49.534971,,,Central
8004936,NRSL,Ramsenthal,RV,11.593334,50.007928,,,Central
8004938,SRAS,Ramstein,RV,7.556715,49.448755,,,West
8012713,BRSF,Rangsdorf,RV,13.43089,52.293948,,,East
8000306,RRA,Rastatt,FV,8.215623,48.860483,,,South
8004944,RRAB,Rastatt Beinle,RV,8.225065,48.852148,,,South
8012716,WRW,Rastow,RV,11.430859,53.458156,,,North
8010296,LRW,Rathenow,RV,12.35484,52.59964,,,North
8012719,DRD,Rathmannsdorf(Kr Pirna),RV,14.130838,50.927042,,,East
8004952,ARF,Ratzeburg,RV,10.740633,53.698215,,,North
8012705,LRI,Rätzlingen,RV,11.123409,52.409035,,,Central
8004961,RRMZ,Raumünzach,RV,8.351408,48.644846,,,South
8004962,FRA,Raunheim,RV,8.454498,50.009688,,,Central
8004965,TRB,Ravensburg,FV,9.6061,47.784481,,,South
8004967,KREC,Rech,RV,7.036514,50.515427,,,West
8004968,TRC,Rechtenstein,RV,9.550904,48.239993,,,South
8004972,ERFE,Reckenfeld,RV,7.564753,52.133696,,,West
8000307,ERE,Recklinghausen Hbf,FV,7.20349,51.616359,,,West
8004975,SRWH,Reckweilerhof,RV,7.609151,49.607333,,,West
8012729,WRDL,Reddelich,RV,11.849531,54.085241,,,North
8004978,NRCH,Rednitzhembach,RV,11.063363,49.303877,,,Central
8004979,NRZ,Redwitz(Rodach),RV,11.207288,50.168831,,,Central
8000309,NRH,Regensburg Hbf,FV,12.099617,49.011672,,,East
8001298,NBWH,Regensburg-Burgweinting,RV,12.146713,48.990425,,,East
8004983,NRPF,Regensburg-Prüfening,RV,12.049297,49.012057,,,East
8004987,NRGF,Regenstauf,RV,12.125142,49.122157,,,East
8012731,LRB,Regis-Breitingen,RV,12.426039,51.083548,,,East
8012734,LRF,Rehfeld(Falkenberg),RV,13.153331,51.579726,,,East
8004993,SRW,Rehweiler,RV,7.440581,49.48516,,,West
8004994,NREK,Reichelsdorfer Keller,RV,11.040166,49.367922,,,Central
8004995,FRHM,Reichelsheim(Wett),RV,8.874578,50.360145,,,Central
8004997,RRU,Reichenau(Baden),RV,9.125961,47.689346,,,South
8007012,RRBA,Reichenbach(b. Ettlingen),RV,8.479553,48.920482,,,South
8004999,TRF,Reichenbach(Fils),RV,9.463745,48.707945,,,South
8012739,DRC,Reichenbach(Vogtl) ob Bf,RV,12.29312,50.627777,,,East
8005002,TRCB,Reichenberg(Unterfr),RV,9.91289,49.731129,,,Central
8005005,NREI,Reichenschwand,RV,11.373441,49.51497,,,Central
8005008,MRS,Reichertshausen(Ilm),RV,11.510203,48.471197,,,South
8005011,TRL,Reicholzheim,RV,9.527391,49.728578,,,Central
8012740,DRF,Reifland-Wünschendorf,RV,13.194486,50.740437,,,East
8005013,RRIN,Reihen,RV,8.920591,49.216431,,,Central
8005015,RRHM,Reilsheim,RV,8.778836,49.353966,,,Central
8005016,ARBK,Reinbek,RV,10.253335,53.508395,,,North
8005019,ARD,Reinfeld(Holst),RV,10.494537,53.83043,,,North
8012742,URN,Reinhardsbrunn-Friedrichroda,RV,10.562728,50.863498,,,Central
8010124,URD,Reinsdorf(Artern),RV,11.286051,51.34227,,,Central
8012743,URDN,Reinsdorf(bei Nebra),RV,11.601464,51.297997,,,Central
8005026,RRSH,Reisen(Hess),RV,8.720015,49.57797,,,Central
8000310,KRE,Remagen,FV,7.229779,50.577215,,,West
8005037,RR,Renchen,RV,8.007138,48.59266,,,South
8000312,AR,Rendsburg,FV,9.671134,54.302262,,,North
8000313,TRX,Renningen,RV,8.93235,48.775121,,,South
8005044,SRE,Rentrisch,RV,7.079065,49.25977,,,West
8012750,URH,Rentwertshausen,RV,10.432284,50.455159,,,Central
8005047,HRTN,Rethen(Leine),RV,9.819496,52.285807,,,Central
8005049,NREZ,Retzbach-Zellingen,RV,9.814214,49.905152,,,Central
8012757,LRE,Reußen,RV,12.134346,51.503201,,,East
8012758,WRST,Reuterstadt Stavenhagen,RV,12.9142,53.706919,,,North
8000314,TRE,Reutlingen Hbf,FV,9.209116,48.496079,,,South
8005053,TREB,Reutlingen-Betzingen,RV,9.175442,48.49621,,,South
8005054,TRES,Reutlingen-Sondelfingen,RV,9.236915,48.515132,,,South
8000315,ERDW,Rheda-Wiedenbrück,RV,8.28665,51.857023,,,Central
8005058,KRBA,Rheinbach,RV,6.947513,50.629213,,,West
8005057,KRBL,Rheinbach Römerkanal,RV,6.967911,50.628284,,,West
8005062,KRBR,Rheinbrohl,RV,7.333427,50.489493,,,West
8000316,HR,Rheine,FV,7.434255,52.276299,,,West
8004000,HMSU,Rheine-Mesum,RV,7.485613,52.223134,,,West
8005064,RRH,Rheinfelden(Baden),RV,7.784209,47.556923,,,West
8000317,KRH,Rheinhausen,RV,6.706484,51.393507,,,West
8005067,RRHH,Rheinsheim,RV,8.415966,49.229156,,,Central
8005068,RRW,Rheinweiler,RV,7.531643,47.709532,,,West
8005072,RRZU,Rheinzabern Alte Römerstraße,RV,8.273057,49.109366,,,Central
8005069,RRZA,Rheinzabern Bf,RV,8.274166,49.119537,,,Central
8005071,RRZM,Rheinzabern Rappengasse,RV,8.273291,49.114836,,,Central
8005070,KRHE,Rhens,RV,7.620484,50.281519,,,West
8000318,KRY P,Rheydt Hbf,FV,6.439564,51.163027,,,West
8005073,KRYO,Rheydt-Odenkirchen,RV,6.446169,51.137847,,,West
8005074,KRHD,Rhöndorf,RV,7.210214,50.657876,,,West
8005077,RRIH,Richen(b Eppingen),RV,8.936554,49.167846,,,Central
8005087,TRI,Riedlingen,RV,9.484927,48.149595,,,South
8005089,FRIE,Riedrode,RV,8.49595,49.647488,,,Central
8000126,FGE,Riedstadt-Goddelau,RV,8.489187,49.83323,,,Central
8003605,FLW,Riedstadt-Wolfskehlen,RV,8.493098,49.853937,,,Central
8005090,RRL,Riegel-Malterdingen,RV,7.77085,48.151969,,,West
8005091,RRIE,Riehen,RV,7.652014,47.583157,,,West
8005093,RRID,Riehen Niederholz,RV,7.63347,47.569463,,,West
8005092,NRCK,Rieneck,RV,9.664138,50.091664,,,Central
8010297,DR,Riesa,FV,13.287734,51.309654,,,East
8005094,SRI,Rieschweiler,RV,7.507438,49.244747,,,West
8005095,ARY,Rieseby,RV,9.820489,54.541358,,,North
8005098,RRIM,Rimbach,RV,8.757296,49.627348,,,Central
8012769,URGS,Ringleben-Gebesee,RV,10.957993,51.104096,,,Central
8005101,RRI,Ringsheim,RV,7.773037,48.248726,,,West
8005102,ERIK,Rinkerode,RV,7.689387,51.844383,,,West
8079059,RBTR,Rinklingen,RV,8.673874,49.03671,,,Central
8005103,RRIT,Rinnthal,RV,7.927918,49.217075,,,West
8005105,RRB,Rippberg,RV,9.291189,49.624722,,,Central
8010299,LRN,Röblingen am See,RV,11.668535,51.462603,,,Central
8005111,SRC,Rockenhausen,RV,7.81727,49.628385,,,West
8005113,SROA,Rodalben,RV,7.631712,49.239238,,,West
8004402,FROD,Rodenbach(b Hanau),RV,9.01256,50.147267,,,Central
8004633,NRTL,Rödental,RV,11.031308,50.288366,,,Central
8000285,FORD,Rödermark-Ober Roden,RV,8.828961,49.973622,,,Central
8006031,FUCH,Rödermark-Urberach,RV,8.798159,49.975137,,,Central
8001567,FDU,Rodgau-Dudenhofen,RV,8.884482,50.010661,,,Central
8002528,FHHN,Rodgau-Hainhausen,RV,8.875611,50.04022,,,Central
8003131,FJUE,Rodgau-Jügesheim,RV,8.878957,50.025984,,,Central
8004351,FNRO,Rodgau-Nieder Roden,RV,8.871215,49.997442,,,Central
8005156,FROL,Rodgau-Rollwald,RV,8.846545,49.987985,,,Central
8006293,FWEK,Rodgau-Weiskirchen,RV,8.877828,50.052573,,,Central
8005121,NROD,Roding,RV,12.51574,49.21448,,,East
8012777,LROD,Rodleben,RV,12.214799,51.898357,,,East
8012785,WRGT,Roggentin,RV,12.213086,54.073494,,,North
8012787,UROH,Rohr(Thür),RV,10.515839,50.571588,,,Central
8000256,MRBI,Rohrbach(Ilm),RV,11.573177,48.605855,,,South
8005145,MROH,Rohrbach(Oberbay),RV,12.551407,48.298159,,,East
8005146,RRST,Rohrbach(Pfalz),RV,8.14152,49.138017,,,Central
8000319,SRO,Rohrbach(Saar),RV,7.157395,49.276737,,,West
8005127,MRMS,Röhrmoos,RV,11.44477,48.333318,,,South
8005151,TRO,Roigheim,RV,9.341831,49.360833,,,Central
8012788,LROI,Roitzsch(Bitterf),RV,12.26454,51.571167,,,East
8005153,KROL,Rolandseck,RV,7.206835,50.63138,,,West
8005154,NRON,Rollhofen,RV,11.335524,49.543716,,,Central
8005157,TROM,Rommelshausen,RV,9.319344,48.81554,,,South
8005159,KROM,Rommerskirchen,RV,6.69959,51.039933,,,West
8010301,DRON,Ronneburg(Thür),RV,12.18172,50.859555,,,East
8005160,HRBG,Ronnenberg,RV,9.651786,52.323073,,,Central
8081210,BRGT,Röntgental,RV,13.513799,52.648798,,,North
8005164,KROS,Rosbach(Sieg),RV,7.608767,50.796768,,,West
8005168,TRBG,Rosenberg(Baden),RV,9.471425,49.457583,,,Central
8002972,EHW,Rosendahl-Holtwick,RV,7.122568,51.998391,,,West
8000320,MRO,Rosenheim,FV,12.119202,47.850018,,,East
8005173,MROS,Rosenheim Hochschule,RV,12.104178,47.866304,,,East
8005133,NROE,Röslau,RV,11.994091,50.075097,,,Central
8005134,KROE,Rösrath,RV,7.182662,50.901549,,,West
8005143,KRST,Rösrath-Stümpen,RV,7.15927,50.898665,,,West
8005172,SROB,Roßbach(Pfalz),RV,7.623254,49.572112,,,West
8010302,LR,Roßlau(Elbe),RV,12.237262,51.884612,,,East
8005177,NRL,Roßtal,RV,10.898632,49.400694,,,Central
8005178,NRW,Roßtal Wegbrücke,RV,10.885414,49.394778,,,Central
8005135,RRT,Röt,RV,8.397356,48.555465,,,South
8005179,TRS,Rot am See,RV,10.030336,49.249393,,,Central
8005136,RROE,Rötenbach(Baden),RV,8.290057,47.89283,,,South
8070277,TRY,Rotenbach(Enz),RV,8.578903,48.830163,,,South
8000321,AROG,Rotenburg(Wümme),RV,9.390098,53.112349,,,North
8005185,NRO,Roth,RV,11.082508,49.241287,,,Central
8005138,MRTA,Röthenbach(Allgäu),RV,9.953543,47.620618,,,South
8005139,NRTH,Röthenbach(Oberpf),RV,11.995583,49.623543,,,Central
8005140,NRP,Röthenbach(Pegnitz),RV,11.231104,49.4794,,,Central
8005142,NRPE,Röthenbach-Seespitze,RV,11.26149,49.491524,,,Central
8005141,NRPG,Röthenbach-Steinberg,RV,11.246357,49.483383,,,Central
8005190,NROT,Rothenburg ob der Tauber,RV,10.1907,49.37669,,,Central
8005181,RRM,Rot-Malsch,RV,8.65221,49.243385,,,Central
8005194,MRT,Rott(Inn),RV,12.136133,47.988171,,,East
8005195,TRR,Rottenacker,RV,9.694364,48.234844,,,South
8010305,URTB,Rottenbach,RV,11.169816,50.689343,,,Central
8005197,TRT,Rottenburg(Neckar),RV,8.935548,48.47243,,,South
8005198,NRTD,Rottendorf,RV,10.029094,49.791971,,,Central
8005199,NRHN,Rottershausen,RV,10.166333,50.166441,,,Central
8000322,TR,Rottweil,FV,8.639295,48.165304,,,South
8005202,TRSA,Rottweil Saline,RV,8.645609,48.14871,,,South
8010300,WRV,Rövershagen,RV,12.247446,54.175568,,,North
8010306,UR,Rudolstadt(Thür),RV,11.339156,50.717997,,,Central
8010307,URS,Rudolstadt-Schwarza,RV,11.328199,50.691119,,,Central
8005208,FRS,Rückersbacher Schlucht,RV,9.057186,50.019628,,,Central
8012816,BRO,Rückersdorf,RV,13.574281,51.567358,,,East
8005209,NRUE,Rückersdorf(Mfr),RV,11.231788,49.491202,,,Central
8005213,FRDH,Rüdesheim(Rhein),FV,7.915418,49.97689,,,West
8012819,WRZ,Rüdnitz,RV,13.63634,52.717704,,,North
8005217,RRZH,Rülzheim Bf,RV,8.290446,49.160871,,,Central
8005218,KRUN,Ründeroth,RV,7.465132,50.995077,,,West
8005219,NRLB,Rüsselbach,RV,11.231771,49.608738,,,Central
8005220,FRUE,Rüsselsheim,RV,8.413583,49.991639,,,Central
8005221,FRUO,Rüsselsheim Opelwerk,RV,8.400373,49.988,,,Central
8010308,BRU,Ruhland,RV,13.870004,51.455319,,,East
8005222,MRPD,Ruhpolding,RV,12.649033,47.762251,,,East
8005223,MRUS,Ruhstorf,RV,13.334949,48.433647,,,East
8005227,EROL,Rummenohl,RV,7.528306,51.277809,,,West
8005231,NRST,Rupprechtstegen,RV,11.480483,49.597437,,,Central
8005236,TRUT,Rutesheim,RV,8.95955,48.790017,,,South
8010309,US,Saalfeld(Saale),FV,11.374987,50.650316,,,Central
8000323,SSH,Saarbrücken Hbf,FV,6.991021,49.241065,,,West
8005243,SSB,Saarbrücken-Burbach,RV,6.957086,49.242167,,,West
8005245,SSAB,Saarburg(Bz Trier),RV,6.557034,49.606455,,,West
8005246,SSLB,Saarhölzbach,RV,6.6075,49.516441,,,West
8005247,SSLS,Saarlouis Hbf,RV,6.750169,49.32783,,,West
8081220,BSAM,Saarmund,RV,13.139005,52.323553,,,East
8005250,NSA,Sachsen(b Ansbach),RV,10.661498,49.29299,,,Central
8012830,LSAD,Sachsendorf(Calbe),RV,11.865517,51.870054,,,Central
8005253,TSA,Sachsenheim,RV,9.063158,48.961292,,,South
8012832,WSAG,Sagard,RV,13.564956,54.524379,,,North
8005258,TSAL,Salach,RV,9.737183,48.689398,,,South
8004029,RSLM,Salem,RV,9.2972,47.757673,,,South
8005259,MSAL,Sallach,RV,12.360541,48.81127,,,East
8005260,SSMT,Salmtal,RV,6.839254,49.921684,,,West
8005265,HSB,Salzgitter-Bad,RV,10.372335,52.049824,,,Central
8005269,HSI,Salzgitter-Immendorf,RV,10.441891,52.150101,,,Central
8005270,HSL,Salzgitter-Lebenstedt,RV,10.33249,52.151155,,,Central
8000325,HSRI,Salzgitter-Ringelheim,RV,10.31483,52.038158,,,Central
8005274,HST,Salzgitter-Thiede,RV,10.493609,52.180553,,,Central
8005275,HSW,Salzgitter-Watenstedt,RV,10.407398,52.150168,,,Central
8005276,ESZK,Salzkotten,RV,8.600489,51.672875,,,Central
8010310,LSW,Salzwedel,RV,11.162035,52.858113,,,North
8012835,WSAM,Samtens,RV,13.290177,54.354116,,,North
8005279,NSND,Sand(Niederbay),RV,12.672642,48.897143,,,East
8010311,LSL,Sandersleben(Anh),RV,11.56002,51.679063,,,Central
8012839,WSAF,Sandförde,RV,13.971273,53.563981,,,North
8012840,WSAN,Sandhagen(b Bad Dob),RV,11.740909,54.052785,,,North
8005288,ASDW,Sandwehle,RV,8.758482,54.325749,,,North
8010312,USG,Sangerhausen,RV,11.294515,51.479891,,,Central
8005289,ESCI,Sanssouci,RV,7.878844,51.353665,,,West
8005291,FLSR,Sarnau,RV,8.756045,50.871196,,,Central
8005292,HSRD,Sarstedt,RV,9.842592,52.2326,,,Central
8012843,WSZ,Sassnitz,RV,13.637909,54.516284,,,North
8005297,TSAT,Satteldorf,RV,10.078155,49.178443,,,Central
8012826,USAE,Sättelstädt,RV,10.480338,50.945914,,,Central
8005298,KSA,Satzvey,RV,6.713237,50.622859,,,West
8005299,MSR,Sauerlach,RV,11.654774,47.974061,,,South
8005302,MSGB,Saulgrub,RV,11.025397,47.66609,,,South
8005306,SSU,Schafbrücke,RV,7.049237,49.22794,,,West
8007857,RSAI,Schaidt(Pfalz),RV,8.079776,49.061238,,,Central
8005312,MSCA,Schalchen,RV,12.570982,48.059071,,,East
8005316,ESMU,Schalksmühle,RV,7.532751,51.240588,,,West
8007072,TSKS,Schalkstetten,RV,9.91133,48.611798,,,South
8005317,RSAL,Schallstadt,RV,7.753888,47.955947,,,West
8005319,ESCA,Schameder,RV,8.293102,50.997584,,,Central
8005320,HSDL,Schandelah,RV,10.685403,52.267226,,,Central
8005321,ASAZ,Scharbeutz,FV,10.745762,54.018743,,,North
8012853,DSS,Scharfenstein,RV,13.056007,50.702827,,,East
8005322,ESMD,Scharmede,RV,8.64524,51.71179,,,Central
8012856,WST,Scharstorf,RV,12.245847,53.970079,,,North
8005327,MSC,Schechen,RV,12.126724,47.927051,,,East
8005332,SSD,Scheidt(Saar),RV,7.057083,49.244018,,,West
8005333,TSK,Schelklingen,RV,9.735267,48.371699,,,South
8005334,TSX,Schemmerberg,RV,9.829031,48.189232,,,South
8005329,TSEP,Scheppach,RV,9.434278,49.1618,,,Central
8005336,HSCD,Scherfede,RV,9.04794,51.524738,,,Central
8005338,ESCF,Scheuerfeld(Sieg),RV,7.836636,50.791863,,,West
8005339,KSEV,Scheven,RV,6.59227,50.559662,,,West
8005340,HSCI,Schieder,RV,9.152475,51.9224,,,Central
8012862,LSIS,Schierstedt,RV,11.521195,51.751526,,,Central
8000326,RSD,Schifferstadt,RV,8.364945,49.39291,,,Central
8005346,SSWL,Schiffweiler,RV,7.12934,49.363371,,,West
8007280,FSBN,Schimborn,RV,9.186811,50.057764,,,Central
8012865,LSD,Schkeuditz,RV,12.222169,51.40239,,,East
8012867,LSP,Schkopau,RV,11.991874,51.38896,,,Central
8005356,KSLA,Schladern(Sieg),RV,7.592264,50.807006,,,West
8005362,ASW,Schleswig,FV,9.53814,54.499457,,,North
8005364,RSG,Schliengen,RV,7.568937,47.761598,,,West
8005365,FSBA,Schlierbach(Schwalm-Eder-Kr.),RV,9.201445,50.968783,,,Central
8005371,RSLU,Schluchsee,RV,8.177126,47.816868,,,South
8000891,FSUE,Schlüchtern,FV,9.510039,50.341177,,,Central
8010315,USM,Schmalkalden,RV,10.440504,50.720181,,,Central
8005378,KSMI,Schmidtheim,RV,6.552086,50.413239,,,West
8005379,TSHM,Schmiechen,RV,9.72038,48.362356,,,South
8070974,TSHA,Schmiechen Albbahn,RV,9.715289,48.364897,,,South
8012888,DSMI,Schmilka-Hirschmühle,RV,14.228419,50.889918,,,East
8012892,WSCM,Schmollensee,RV,14.077246,53.982272,,,North
8012889,DSM,Schmölln(Thür),RV,12.354899,50.898319,,,East
8000328,NSAW,Schnabelwaid,RV,11.59566,49.810453,,,Central
8005383,NSMA,Schnaittach Markt,RV,11.34444,49.556978,,,Central
8005386,NSCB,Schneeberg im Odenwald,RV,9.250801,49.641099,,,Central
8000440,HSCG,Schnega,RV,10.890386,52.869058,,,North
8005388,NSNE,Schnelldorf,RV,10.178483,49.194325,,,Central
8005391,NSY,Schney,RV,11.073623,50.166202,,,Central
8005392,SSOF,Schoden-Ockfen,RV,6.58097,49.636377,,,West
8007283,FSK,Schöllkrippen,RV,9.244214,50.085839,,,Central
8012898,DSN,Schöna,RV,14.234719,50.875903,,,East
8012899,USU,Schönau(Hörsel),RV,10.429779,50.94522,,,Central
8070532,ASCB,Schönberg(Holstein),RV,10.375835,54.387422,,,North
8012902,WSBG,Schönberg(Meckl),RV,10.92787,53.85338,,,North
8070533,ASCS,Schönberger Strand,RV,10.412798,54.410736,,,North
8012903,BSBD,Schönborn(Doberl),RV,13.468048,51.602008,,,East
8010318,LSB,Schönebeck(Elbe),RV,11.733157,52.018794,,,Central
8012907,LSBE,Schönebeck-Bad Salzelmen,RV,11.723627,51.998364,,,Central
8013465,LSBF,Schönebeck-Felgeleben,RV,11.757148,52.000747,,,Central
8081270,LSBO,Schönebeck-Frohse,RV,11.707384,52.033917,,,Central
8001248,FBHM,Schöneck-Büdesheim,RV,8.8436,50.214951,,,Central
8003255,FKIL,Schöneck-Kilianstädten,RV,8.84042,50.201787,,,Central
8004523,FOBD,Schöneck-Oberdorfelden,RV,8.823385,50.196149,,,Central
8081290,BSNF,Schönfließ(b Oranienburg),RV,13.339419,52.665075,,,North
8005406,MSNG,Schöngeising,RV,11.192051,48.14737,,,South
8007314,ASCK,Schönkirchen Bf,RV,10.229329,54.332873,,,North
8005409,RSOM,Schönmünzach,RV,8.369354,48.605345,,,South
8012918,WSCN,Schönow(Angerm),RV,14.153814,53.184946,,,North
8012919,USCS,Schönstedt,RV,10.585823,51.120752,,,Central
8005400,NSGN,Schonungen,RV,10.304913,50.049204,,,Central
8012923,BSCH,Schönwalde(Spreewald),RV,13.777723,51.990797,,,East
8005420,RSCH,Schopfheim,RV,7.822674,47.64797,,,West
8005421,TSPF,Schopfloch(b Freudenstadt),RV,8.547754,48.453711,,,South
8005423,SSCP,Schopp,RV,7.687317,49.358867,,,West
8005413,HSPP,Schöppenstedt,RV,10.772047,52.140692,,,Central
8005424,TSF,Schorndorf,FV,9.52631,48.80715,,,South
8005431,TSCH,Schrezheim,RV,10.11788,48.951125,,,South
8005433,TSZG,Schrozberg,RV,9.974904,49.346916,,,Central
8005435,ASC,Schülldorf,RV,9.747804,54.298863,,,North
8010322,WSN,Schwaan,RV,12.117894,53.939188,,,North
8005439,NSC,Schwabach,RV,11.035132,49.325902,,,Central
8005440,NSCL,Schwabach-Limbach,RV,11.044422,49.338233,,,Central
8005442,MSHH,Schwabhausen(b Dachau),RV,11.364758,48.300517,,,South
8000329,TSG,Schwäbisch Gmünd,FV,9.787795,48.801011,,,South
8005449,TSHL,Schwäbisch Hall,RV,9.733359,49.10821,,,Central
8000330,TSHT,Schwäbisch Hall-Hessental,RV,9.767373,49.096732,,,Central
8005444,MSMN,Schwabmünchen,RV,10.768291,48.178688,,,South
8005445,TSWA,Schwabsberg,RV,10.138893,48.92519,,,South
8005451,NSAI,Schwaig,RV,11.200442,49.471494,,,Central
8005453,TSWG,Schwaigern(Württ),RV,9.05644,49.138366,,,Central
8005454,TSWK,Schwaikheim,RV,9.354943,48.86834,,,South
8005455,FSTS,Schwalbach(Taunus)Limes,RV,8.52797,50.154354,,,Central
8006401,FWRA,Schwalmstadt-Wiera,RV,9.136421,50.881937,,,Central
8000027,NSCH,Schwandorf,FV,12.104219,49.326139,,,East
8012933,WSAH,Schwanheide,RV,10.689993,53.428156,,,North
8012934,BSHE,Schwante,RV,13.091733,52.734683,,,North
8012937,USCG,Schwarzburg,RV,11.181031,50.642817,,,Central
8005466,NSBS,Schwarzenbach(Saale),RV,11.935887,50.220374,,,Central
8005468,ASWA,Schwarzenbek,RV,10.484736,53.503733,,,North
8006715,RSW,Schwarzenberg,RV,8.383851,48.598672,,,South
8012938,DSCH,Schwarzenberg Hp,RV,12.786451,50.532368,,,East
8010323,DSC,Schwarzenberg(Erzg),RV,12.786824,50.545119,,,East
8012939,DSCN,Schwarzenberg-Neuwelt,RV,12.765726,50.554379,,,East
8012942,BSKL,Schwarzkollm,RV,14.133566,51.443187,,,East
8012943,WSC,Schwedt(Oder),RV,14.290507,53.063069,,,North
8005476,SSWE,Schweich(DB),RV,6.740335,49.831062,,,West
8007860,RSHF,Schweighofen,RV,7.999224,49.032686,,,West
8012946,DSKH,Schweikershain,RV,12.955222,51.037376,,,East
8000032,NS,Schweinfurt Hbf,RV,10.212919,50.035313,,,Central
8005481,NSST,Schweinfurt Stadt,RV,10.244297,50.046808,,,Central
8012947,DSU,Schweinsburg-Culten,RV,12.369588,50.78714,,,East
8005485,NSWF,Schweinsdorf,RV,10.22702,49.40069,,,Central
8000033,KSWE,Schwelm,RV,7.289681,51.290526,,,West
8005490,RSCV,Schwenningen(Neckar),RV,8.535862,48.05977,,,South
8012949,WSWN,Schwenzin,RV,12.612018,53.536187,,,North
8010324,WS,Schwerin Hbf,FV,11.407455,53.634739,,,North
8010325,WSGN,Schwerin-Görries,RV,11.384935,53.609373,,,North
8000037,ESRT,Schwerte(Ruhr),RV,7.55896,51.442281,,,West
8005494,RSZ,Schwetzingen,RV,8.578679,49.383434,,,Central
8005495,MSDG,Schwindegg,RV,12.249699,48.273193,,,East
8005497,RSST,Schwörstadt,RV,7.870328,47.591019,,,West
8012959,DSEB,Sebnitz(Sachs),RV,14.272563,50.975952,,,East
8000042,RSE,Seckach,RV,9.338469,49.441157,,,Central
8013492,BSE,Seddin,RV,12.985452,52.29184,,,East
8012961,USE,Seebach(Mühlhausen),RV,10.521193,51.170012,,,Central
8012963,WHF,Seebad Heringsdorf,RV,14.169586,53.949836,,,North
8012965,USB,Seebergen,RV,10.792702,50.92927,,,Central
8005502,RSEE,Seebrugg,RV,8.191115,47.803516,,,South
8005504,MSH,Seefeld-Hechendorf,RV,11.19873,48.04137,,,South
8005505,MSEG,Seeg,RV,10.613981,47.655267,,,South
8081586,BSFD,Seegefeld,RV,13.11681,52.55248,,,North
8012967,LSNA,Seehausen(Altm),RV,11.743515,52.885775,,,North
8012968,WSEE,Seehausen(Uckermark),RV,13.880888,53.225063,,,North
8005506,MSEB,Seeleiten-Berggeist,RV,11.16583,47.670984,,,South
8005507,HS,Seelze,RV,9.594314,52.391675,,,Central
8012975,DSRH,Seerhausen,RV,13.240079,51.270271,,,East
8000043,HSSN,Seesen,RV,10.173898,51.887263,,,Central
8005508,MSE,Seeshaupt,RV,11.28703,47.822783,,,South
8005510,SSE,Sehlem(Kr Wittlich),RV,6.823421,49.906959,,,West
8012976,DSEH,Sehma,RV,12.993805,50.535453,,,East
8005511,HSEN,Sehnde,RV,9.962528,52.318075,,,Central
8005512,MSBD,Seiboldsdorf,RV,12.636988,47.852967,,,East
8005523,NSLI,Seligenstadt(b Würzburg),RV,10.102454,49.85426,,,Central
8005525,ESEM,Selm,RV,7.453406,51.706644,,,West
8005526,ESEB,Selm-Beifang,RV,7.454609,51.693672,,,West
8005532,MSED,Senden,RV,10.050502,48.324016,,,South
8010327,BSN,Senftenberg,RV,14.003905,51.526941,,,East
8005536,TSE,Sennfeld,RV,9.380518,49.378762,,,Central
8005539,SSER,Serrig,RV,6.569981,49.577132,,,West
8005540,TSER,Sersheim,RV,9.018508,48.958916,,,South
8005543,NSF,Seubersdorf,RV,11.628123,49.167648,,,Central
8005544,FSG,Seulberg,RV,8.646005,50.241906,,,Central
8005545,NSE,Seulbitz,RV,11.868771,50.20982,,,Central
8005551,RSIB,Siebeldingen-Birkweiler,RV,8.042565,49.20927,,,Central
8005555,ESIH,Siedlinghausen,RV,8.473835,51.257761,,,Central
8005556,KSIB,Siegburg/Bonn,FV,7.203026,50.793915,,,West
8007438,RSGB,Siegelsbach,RV,9.087386,49.271227,,,Central
8005557,NSDF,Siegelsdorf,RV,10.875519,49.50635,,,Central
8000046,ESIE,Siegen,RV,8.016508,50.875939,,,Central
8005559,MSGD,Siegsdorf,RV,12.646006,47.821827,,,East
8005561,ASID,Sierksdorf,FV,10.769108,54.068523,,,North
8005562,SSBG,Siersburg,RV,6.665362,49.361696,,,West
8005566,TSY,Siglingen,RV,9.305336,49.297435,,,Central
8000069,TSIG,Sigmaringen,RV,9.221851,48.086984,,,South
8005568,TSID,Sigmaringendorf,RV,9.260935,48.068901,,,South
8005569,ESIL,Silbach,RV,8.481124,51.22367,,,Central
8012993,USI,Silberhausen,RV,10.34241,51.319425,,,Central
8012996,DSBS,Silberstraße,RV,12.549615,50.662054,,,East
8000072,MSBI,Simbach(Inn),RV,13.023012,48.262726,,,East
8005572,NSHU,Simmelsdorf-Hüttenbach,RV,11.341671,49.598459,,,Central
8005573,FSMH,Simtshausen,RV,8.704856,50.936918,,,Central
8005574,TSI,Sindelfingen,RV,8.999075,48.703891,,,South
8005575,KSIU,Sindorf,RV,6.681106,50.903707,,,West
8079616,RSII,Singen Industriegeb.,RV,8.872131,47.75945,,,South
8005560,RSIS,Singen Landesgartenschau,RV,8.827046,47.760737,,,South
8000073,RSI,Singen(Hohentwiel),FV,8.840383,47.758438,,,South
8005576,FSL,Singlis,RV,9.323773,51.058605,,,Central
8005577,FSI,Sinn,RV,8.324932,50.649827,,,Central
8070097,RSMM,Sinsheim Museum/Arena,RV,8.899932,49.241239,,,Central
8005578,RSM,Sinsheim(Elsenz) Hbf,RV,8.8751,49.250353,,,Central
8005587,RSZM,Sinzheim,RV,8.158429,48.75988,,,South
8005580,KSIZ,Sinzig(Rhein),RV,7.258279,50.546982,,,West
8005582,RSIN,Sipplingen,RV,9.095524,47.795587,,,South
8013000,USDF,Sitzendorf-Unterweißbach,RV,11.155399,50.627313,,,Central
8000076,ESOT,Soest,FV,8.104589,51.578419,,,Central
8000087,KSO,Solingen Hbf,FV,7.004187,51.160766,,,West
8006714,KSV,Solingen Vogelpark,RV,6.992398,51.166711,,,West
8070865,RSLA,Söllingen Kapellenstraße,RV,8.549618,48.983956,,,South
8007866,RSLR,Söllingen Reetzstr.,RV,8.540793,48.991053,,,South
8005585,RSL,Söllingen(b Karlsr),RV,8.543543,48.987754,,,South
8005593,MSO,Solnhofen,RV,10.993983,48.891987,,,South
8013005,LSK,Solpke,RV,11.294178,52.500416,,,North
8000445,HSDK,Soltendieck,RV,10.761416,52.874209,,,North
8010328,USD,Sömmerda,RV,11.127532,51.165186,,,Central
8005601,TSOD,Sondernach,RV,9.618849,48.36696,,,South
8005602,RSOH,Sondernheim,RV,8.360272,49.194981,,,Central
8010329,USH,Sondershausen,RV,10.849193,51.370054,,,Central
8013008,USO,Sonneberg(Thür)Hbf,RV,11.168848,50.355078,,,Central
8005607,MSHM,Sontheim(Schwab),RV,10.345372,48.012172,,,South
8005608,TSON,Sontheim-Brenz,RV,10.284863,48.559324,,,South
8005609,MSF,Sonthofen,FV,10.272344,47.513241,,,South
8005586,ASOE,Sörup,RV,9.669912,54.716662,,,North
8005614,MSY,Soyen,RV,12.209744,48.108085,,,East
8005616,TSP,Spaichingen,RV,8.740147,48.068987,,,South
8005622,KSPA,Spay,RV,7.645473,50.255544,,,West
8005623,FSPE,Speele,RV,9.563559,51.377458,,,Central
8005624,SSPE,Speicher,RV,6.615911,49.929184,,,West
8005625,NSKN,Speikern,RV,11.336992,49.528639,,,Central
8005628,RSP,Speyer Hbf,RV,8.427949,49.324119,,,Central
8005629,KSPI,Spich,RV,7.114916,50.826727,,,West
8079048,RSPG,Spielberg,RV,8.474626,48.897652,,,South
8013017,WSP,Sponholz,RV,13.366401,53.563854,,,North
8005637,FSPRS,Sprendlingen(Rheinhess),RV,7.981795,49.858947,,,West
8005638,HSPR,Springe,RV,9.556238,52.21515,,,Central
8010331,DEG,St Egidien,RV,12.622556,50.789568,,,East
8005644,RSGO,St Georgen(Schwarzw),FV,8.341955,48.123813,,,South
8005645,FSGO,St Goar,RV,7.714587,50.150155,,,West
8005648,RSIG,St Ilgen-Sandhausen,RV,8.668715,49.341268,,,Central
8005649,SSI,St Ingbert,RV,7.110814,49.274763,,,West
8005652,MKL,St Koloman,RV,11.882965,48.243747,,,South
8005653,MMG,St Mang,RV,10.325539,47.708899,,,South
8005658,SSTO,St Thomas,RV,6.601076,50.069788,,,West
8005659,SSWD,St Wendel,RV,7.165293,49.466952,,,West
8000089,AST,Stade,RV,9.477008,53.596143,,,North
8013022,DWH,Stadt Wehlen(Sachs),RV,14.032242,50.953718,,,East
8005661,FSTA,Stadtallendorf,FV,9.015278,50.825432,,,Central
8005662,HSHG,Stadthagen,RV,9.189426,52.332837,,,Central
8005666,NSPO,Stadtprozelten,RV,9.410979,49.783595,,,Central
8013025,USR,Stadtroda,RV,11.722792,50.868216,,,Central
8077773,RST,Stahringen,RV,8.976275,47.787663,,,South
8005673,SSTB,Stambach,RV,7.456623,49.239171,,,West
8005674,NSM,Stammbach,RV,11.704894,50.154633,,,Central
8005676,MST,Starnberg,RV,11.34367,47.995963,,,South
8010332,LSF,Staßfurt,RV,11.587898,51.851258,,,Central
8013029,DSTU,Stauchitz,RV,13.21192,51.242914,,,East
8005682,HSTF,Stederdorf(Kr Uelzen),RV,10.592702,52.907428,,,North
8005687,MSTN,Stein(Traun),RV,12.546124,47.985354,,,East
8013033,DSTI,Steina,RV,13.022657,51.103359,,,East
8000091,NSTN,Steinach(b Rothenburg ob der Tauber),FV,10.273535,49.453218,,,Central
8005688,RSNA,Steinach(Baden),RV,8.056469,48.298992,,,South
8005689,SSTA,Steinalben,RV,7.651484,49.316247,,,West
8005690,FSA,Steinau(Straße),RV,9.443162,50.314349,,,Central
8005692,NSD,Steinbach am Wald,RV,11.382922,50.441648,,,Central
8013037,USTH,Steinbach-Hallenberg,RV,10.558086,50.693163,,,Central
8005699,MSA,Steinebach,RV,11.206812,48.061184,,,South
8005701,RSTN,Steinen,RV,7.741561,47.641604,,,West
8007858,RSFL,Steinfeld(Pfalz),RV,8.039369,49.044675,,,Central
8013039,LSFD,Steinfeld(Stendal),RV,11.728617,52.614734,,,North
8001096,EBGO,Steinfurt-Borghorst,RV,7.397539,52.118737,,,West
8000062,EBFT,Steinfurt-Burgsteinfurt,RV,7.32934,52.147384,,,West
8005712,EGRK,Steinfurt-Grottenkamp,RV,7.375921,52.123249,,,West
8013040,WSNB,Steinhausen-Neuburg,RV,11.596334,53.942319,,,North
8005706,FSHM,Steinheim(Main),RV,8.906852,50.121369,,,Central
8005709,MSHG,Steinhöring,RV,12.031284,48.083487,,,East
8010333,DSPH,Steinpleis,RV,12.394074,50.708976,,,East
8005714,RSS,Steinsfurt,RV,8.907978,49.235822,,,Central
8005713,RSTE,Steinweiler,RV,8.130696,49.120844,,,Central
8005715,SSTW,Steinwenden,RV,7.524785,49.454175,,,West
8010334,LS,Stendal,FV,11.854412,52.594723,,,North
8013046,LSV,Stendal Vorbf,RV,11.87129,52.595836,,,North
8010335,LSS,Stendal-Stadtsee,RV,11.836728,52.606837,,,North
8005720,FSTZ,Sterbfritz,RV,9.625417,50.312868,,,Central
8013051,WSE,Sternfeld,RV,13.15042,53.824775,,,North
8005722,FSZH,Sterzhausen,RV,8.708698,50.861554,,,Central
8005724,TSHG,Stetten am Heuchelberg,RV,9.014726,49.136913,,,Central
8005725,MSTS,Stetten(Schwab),RV,10.43604,48.027663,,,South
8005726,TSTE,Stetten-Beinstein,RV,9.35245,48.811924,,,South
8007134,RSF,Stettfeld(Baden),RV,8.64374,49.178906,,,Central
8005735,MSD,Stockdorf,RV,11.400845,48.093258,,,South
8005737,NSTH,Stockheim(Oberfr),RV,11.282133,50.306822,,,Central
8005739,FSTK,Stockstadt(Main),RV,9.063369,49.976627,,,Central
8005740,FSTR,Stockstadt(Rhein),RV,8.47244,49.809433,,,Central
8099506,KST G,Stolberg(Rheinl)Gbf,RV,6.22488,50.797555,,,West
8000348,KST,Stolberg(Rheinl)Hbf,RV,6.217478,50.79448,,,West
8098348,KST B,Stolberg(Rheinl)Hbf Gl.27,RV,6.219009,50.794526,,,West
8098349,KST E,Stolberg(Rhl)Hbf G44,RV,6.218439,50.7948,,,West
8005741,KSTT,Stolberg-Altstadt,RV,6.230538,50.764259,,,West
8005745,KSTM,Stolberg-Mühlener Bahnhof,RV,6.223898,50.773589,,,West
8005744,KSTS,Stolberg-Schneidmühle,RV,6.219012,50.784904,,,West
8005746,KSOM,Stommeln,RV,6.752466,51.018092,,,West
8005747,TSGZ,Storzingen,RV,9.127085,48.134881,,,South
8013061,USHM,Stotternheim,RV,11.048324,51.052351,,,Central
8010338,WSR,Stralsund Hbf,FV,13.077321,54.308626,,,North
8013062,WSRR,Stralsund Rügendamm,RV,13.107522,54.305322,,,North
8011778,WSRB,Stralsund-Grünhufe,RV,13.04393,54.304298,,,North
8010339,WSB,Strasburg(Uckerm),RV,13.745272,53.515101,,,North
8005750,TSTR,Straßberg-Winterlingen,RV,9.087718,48.178747,,,South
8000095,NST,Straubing,FV,12.574094,48.876978,,,East
8010341,BST,Strausberg,RV,13.833611,52.532204,,,North
8081420,BSTR,Strausberg Stadt,RV,13.888133,52.57698,,,North
8080680,BHGM,Strausberg-Hegermühle,RV,13.866607,52.548375,,,North
8010342,USF,Straußfurt,RV,10.987507,51.163144,,,Central
8005760,NSU,Strullendorf,RV,10.96167,49.84555,,,Central
8005762,FSY,Stryck,RV,8.629398,51.282472,,,Central
8087027,WSBB,Stubbenfelde,RV,14.033515,54.028074,,,North
8007071,TSBH,Stubersheim,RV,9.920377,48.593792,,,South
8005764,RSTU,Stühlingen,RV,8.451368,47.74703,,,South
8010343,LSTF,Stumsdorf,RV,12.066859,51.616234,,,East
8005766,TSEB,Stuttgart Ebitzweg,RV,9.231701,48.803938,,,South
8006699,TSFS,Stuttgart Feuersee,RV,9.166273,48.772768,,,South
8005768,TFL,Stuttgart Flughafen/Messe,RV,9.19263,48.690648,,,South
8000096,TS,Stuttgart Hbf,FV,9.181635,48.784084,,,South
8098096,TS  T,Stuttgart Hbf (tief),RV,9.179808,48.782999,,,South
8006743,TSNS,Stuttgart Neckarpark,RV,9.241595,48.792173,,,South
8004357,TSNU,Stuttgart Nürnberger Str.,RV,9.234858,48.806423,,,South
8006698,TSS,Stuttgart Schwabstr.,RV,9.156959,48.770255,,,South
8006513,TSUN,Stuttgart Universität,RV,9.105398,48.745837,,,South
8005769,TSC,Stuttgart-Bad Cannstatt,RV,9.217531,48.801377,,,South
8005770,TSZ F,Stuttgart-Feuerbach,RV,9.169382,48.813673,,,South
8005771,TSM,Stuttgart-Münster,RV,9.21586,48.820724,,,South
8005772,TSOM,Stuttgart-Obertürkheim,RV,9.267889,48.762013,,,South
8005779,TSOS,Stuttgart-Österfeld,RV,9.116774,48.737651,,,South
8005773,TSRO,Stuttgart-Rohr,RV,9.108328,48.717902,,,South
8005774,TSSM,Stuttgart-Sommerrain,RV,9.248327,48.81527,,,South
8005775,TSUH,Stuttgart-Untertürkheim,RV,9.250569,48.779751,,,South
8005776,TSV,Stuttgart-Vaihingen,RV,9.113226,48.726279,,,South
8005777,TSZAH,Stuttgart-Zazenhausen,RV,9.199539,48.836034,,,South
8005778,TSZ,Stuttgart-Zuffenhausen,RV,9.166739,48.829415,,,South
8013072,WSBN,Subzin-Liessow,RV,12.347623,53.891919,,,North
8005781,ASU,Suchsdorf,RV,10.091264,54.349605,,,North
8013073,WSLT,Sülstorf,RV,11.388039,53.513998,,,North
8005786,TSUE,Sülzbach,RV,9.340458,49.14855,,,Central
8005792,TSUS,Sülzbach Schule,RV,9.351457,49.145063,,,Central
8013074,USUE,Sülzenbrücken,RV,10.895873,50.887391,,,Central
8005790,TSD,Süßen,RV,9.76028,48.683641,,,South
8010345,USL,Suhl,RV,10.682826,50.605145,,,Central
8005791,TSUL,Sulz(Neckar),RV,8.636748,48.366485,,,South
8005793,MSBH,Sulzbach(Inn),RV,13.382017,48.454689,,,East
8005794,NSUZ,Sulzbach(Main),RV,9.146531,49.917973,,,Central
8005795,TSBM,Sulzbach(Murr),RV,9.500409,48.999461,,,South
8005796,SSZ,Sulzbach(Saar),RV,7.055062,49.299561,,,West
8005797,SSZA,Sulzbach(Saar)Altenwald,RV,7.078876,49.312078,,,West
8005800,NSR,Sulzbach-Rosenberg,RV,11.739277,49.499478,,,Central
8005801,NSRH,Sulzbach-Rosenberg Hütte,RV,11.775299,49.489036,,,Central
8005802,MSUG,Sulzberg,RV,10.363935,47.675214,,,South
8005805,RSFD,Sulzfeld(Baden),RV,8.852544,49.108173,,,Central
8004616,KODE,Swisttal-Odendorf,RV,6.879764,50.651162,,,West
8005809,HSYK,Syke,RV,8.809786,52.91616,,,North
8005811,ESYH,Sythen,RV,7.226121,51.771376,,,West
8005812,STB,Taben,RV,6.600316,49.552747,,,West
8005813,MTCH,Tacherting,RV,12.567336,48.078747,,,East
8005820,TTM,Tamm(Württ),RV,9.125828,48.921605,,,South
8013083,LTH,Tangerhütte,RV,11.809943,52.433869,,,Central
8013084,LTM,Tangermünde,RV,11.969957,52.545741,,,North
8013087,DTA,Tanndorf,RV,12.848393,51.161466,,,East
8005823,TTA,Tannheim(Württ),RV,10.09692,47.994955,,,South
8013090,WTA,Tantow,RV,14.347926,53.269275,,,North
8005825,ATP,Tarp,RV,9.398599,54.664815,,,North
8005826,ATAT,Tating,RV,8.709512,54.322847,,,North
8005827,TTB,Tauberbischofsheim,RV,9.658294,49.623632,,,Central
8005828,MTA,Tauberfeld,RV,11.275691,48.819238,,,South
8013093,LTC,Taucha(Leipzig),RV,12.485724,51.379459,,,East
8005831,MTU,Taufkirchen,RV,11.609252,48.051552,,,South
8012445,BT,Teichland,RV,14.423813,51.818613,,,East
8005833,MTO,Teisendorf,RV,12.834452,47.849397,,,East
8013100,BTL,Teltow,RV,13.300441,52.388282,,,East
8080450,BTLS,Teltow Stadt,RV,13.276623,52.396906,,,East
8005835,STS,Temmels,RV,6.462523,49.688479,,,West
8005836,RTMU,Teningen-Mundingen,RV,7.824408,48.128777,,,West
8013104,WTHN,Teschenhagen,RV,13.374233,54.389367,,,North
8013105,WTOW,Teschow,RV,11.637959,53.994354,,,North
8013106,WTI,Tessin,RV,12.462614,54.032017,,,North
8010348,WTE,Teterow,RV,12.577966,53.768437,,,North
8010349,UTEU,Teuchern,RV,12.016542,51.133858,,,East
8013110,LTT,Teutschenthal,RV,11.782738,51.464358,,,Central
8005843,STWF,Thaleischweiler-Fröschen,RV,7.578141,49.261374,,,West
8005845,TTL,Thalfingen(b Ulm),RV,10.047853,48.432982,,,South
8013113,DTAL,Thalheim(Erzgeb),RV,12.849345,50.696598,,,East
8005852,MTMA,Thann-Matzbach,RV,12.04746,48.26651,,,East
8005855,NTAS,Thansüß,RV,11.937845,49.622265,,,Central
8013114,DTH,Tharandt,RV,13.592111,50.982872,,,East
8005856,RTG,Thayngen,RV,8.7043,47.745502,,,South
8005857,STN,Theisbergstegen,RV,7.448373,49.518978,,,West
8013115,LT,Theißen,RV,12.106626,51.090429,,,East
8013116,DWIE,Thermalbad Wiesenbad,RV,13.044958,50.619145,,,East
8005858,ATHS,Thesdorf,RV,9.813837,53.644372,,,North
8005864,NTHM,Thüngersheim,RV,9.840298,49.877985,,,Central
8005865,KTH,Thür,RV,7.27708,50.358808,,,West
8013123,BTHR,Thyrow,RV,13.259634,52.247228,,,East
8013124,DTFN,Tiefenau,RV,13.413904,51.390689,,,East
8005871,RTI,Tiengen(Hochrhein),RV,8.272003,47.635471,,,South
8005874,ATIM,Timmendorferstrand,FV,10.76227,53.994212,,,North
8005876,RTIT,Titisee,RV,8.155069,47.903402,,,South
8006422,MWSL,Tittmoning-Wiesmühl,RV,12.744898,48.023909,,,East
8005883,MTG,Töging(Inn),RV,12.59487,48.259015,,,East
8005885,ATG,Tönning,RV,8.937601,54.314139,,,North
8010351,LTG,Torgau,RV,12.991134,51.563036,,,East
8013131,WTO,Torgelow,RV,14.008758,53.63462,,,North
8005892,RT,Trasadingen,RV,8.436804,47.665238,,,South
8013132,WTH,Trassenheide,RV,13.868517,54.081378,,,North
8005893,MTRD,Traundorf,RV,12.639879,47.838373,,,East
8005894,MTRT,Traunreut,RV,12.589768,47.965068,,,East
8000116,MTS,Traunstein,FV,12.638801,47.869727,,,East
8013137,BTN,Trebbin,RV,13.230382,52.217618,,,East
8013138,LTRL,Treben-Lehma,RV,12.440947,51.046935,,,East
8005895,NTG,Trebgast,RV,11.552112,50.065979,,,Central
8005896,FTRE,Trechtingshausen,RV,7.852359,50.009042,,,West
8003179,STK,Treis-Karden,RV,7.299635,50.179836,,,West
8000122,MTL,Treuchtlingen,FV,10.908159,48.961267,,,South
8000129,FTS,Treysa,FV,9.185673,50.910661,,,Central
8005902,RTR,Triberg,FV,8.236806,48.140004,,,South
8000134,STR,Trier Hbf,RV,6.652453,49.756846,,,West
8005907,NTF,Triesdorf,RV,10.679144,49.200919,,,Central
8007147,TTRA,Trochtelfingen ALB-GOLD,RV,9.245916,48.328851,,,South
8005908,TTO,Trochtelfingen(b Bopfingen),RV,10.401823,48.838365,,,South
8000135,KT,Troisdorf,RV,7.150892,50.813922,,,West
8013152,UTRO,Tromsdorf,RV,11.481268,51.118495,,,Central
8005911,TTR,Trossingen Bahnhof,RV,8.585154,48.087664,,,South
8000141,TT,Tübingen Hbf,FV,9.055407,48.515811,,,South
8005917,TTD,Tübingen-Derendingen,RV,9.05059,48.503486,,,South
8005918,TTLU,Tübingen-Lustnau,RV,9.094876,48.524048,,,South
8005920,MTFD,Türkenfeld,RV,11.077277,48.104725,,,South
8000144,MTHB,Türkheim(Bay)Bf,RV,10.617439,48.04569,,,South
8000154,STM,Türkismühle,RV,7.114615,49.580358,,,West
8005923,MTLG,Tüßling,RV,12.588701,48.212319,,,East
8005924,MTUL,Tulling,RV,12.060049,48.082865,,,East
8000163,TTU,Tuttlingen,FV,8.798542,47.980579,,,South
8005927,MTZ,Tutzing,FV,11.27289,47.907142,,,South
8005928,FTW,Twiste,RV,8.964011,51.33626,,,Central
8005929,HT,Twistringen,RV,8.644832,52.79188,,,North
8007133,RUO,Ubstadt Ort,RV,8.625553,49.156748,,,Central
8085003,RUOS,Ubstadt Salzbrunnenstr,RV,8.633025,49.15519,,,Central
8070098,RUOU,Ubstadt Uhlandstr.,RV,8.628827,49.162713,,,Central
8005931,RUW,Ubstadt-Weiher,RV,8.623335,49.167021,,,Central
8013158,LUS,Uchtspringe,RV,11.592243,52.543674,,,North
8013159,UUD,Uder,RV,10.062149,51.367042,,,Central
8005935,KUBP,Übach-Palenberg,RV,6.097265,50.924336,,,West
8005942,RUEM,Überlingen,RV,9.162654,47.769173,,,South
8005937,RUEB,Überlingen Therme,RV,9.145642,47.769269,,,South
8005943,RUEN,Überlingen-Nußdorf,RV,9.188144,47.754859,,,South
8005940,MUS,Übersee,FV,12.487338,47.822047,,,East
8013160,LUEB,Uebigau,RV,13.296519,51.585421,,,East
8013161,WUEK,Ückeritz,RV,14.049809,54.013918,,,North
8013162,WUM,Ueckermünde,RV,14.05408,53.733923,,,North
8013156,WUMH,Ueckermünde Stadthafen,RV,14.052233,53.736202,,,North
8000168,HU,Uelzen,FV,10.553053,52.969781,,,North
8005945,SUG,Ürzig(DB),RV,7.004806,49.995933,,,West
8005947,NU,Uffenheim,RV,10.242887,49.551264,,,Central
8005948,MUF,Uffing a Staffelsee,RV,11.158954,47.72015,,,South
8005949,TUH,Uhingen,RV,9.585528,48.708605,,,South
8004595,RUDM,Uhldingen-Mühlhofen,RV,9.248419,47.736997,,,South
8013168,DUD,Ulbersdorf,RV,14.219801,50.955621,,,East
8000170,TU,Ulm Hbf,FV,9.982227,48.399437,,,South
8005954,TUDT,Ulm-Donautal,RV,9.940355,48.36634,,,South
8005955,TU  F,Ulm-Söflingen,RV,9.958849,48.402726,,,South
8005961,MURB,Umrathshausen Bf,RV,12.320636,47.818772,,,East
8005962,MURO,Umrathshausen Ort,RV,12.326966,47.805741,,,East
8005963,RUN,Unadingen,RV,8.397886,47.881166,,,South
8005966,NUDF,Undorf,RV,11.939138,49.02714,,,Central
8005968,FUNG,Ungedanken,RV,9.218971,51.124656,,,Central
8005970,KUN,Unkel,RV,7.219678,50.602992,,,West
8000171,EUN,Unna,RV,7.692858,51.538982,,,West
8005971,EUK,Unna-Königsborn,RV,7.687808,51.55328,,,West
8005975,MUAG,Unterammergau,RV,11.030051,47.617464,,,South
8005976,NUA,Unterasbach,RV,10.98539,49.416691,,,Central
8005977,MUA,Unteraschau,RV,12.697808,47.922956,,,East
8005983,TUE,Unterelchingen,RV,10.100191,48.452989,,,South
8005986,MUFG,Unterföhring,RV,11.646772,48.19031,,,South
8007436,RUG,Untergimpern,RV,9.011964,49.269021,,,Central
8017042,MUGR,Untergrainau,RV,11.042821,47.481117,,,South
8005989,TUG,Untergriesheim,RV,9.222779,49.265104,,,Central
8005990,RURB,Untergrombach,RV,8.54829,49.087651,,,Central
8005991,MUH,Unterhaching,RV,11.612359,48.064962,,,South
8005995,NUT,Unterheckenhofen,RV,11.056154,49.213517,,,Central
8006003,TUJS,Unterjesingen Sandäcker,RV,8.988261,48.523306,,,South
8005997,TUK,Unterkochen,RV,10.126493,48.815008,,,South
8005998,TUL,Unterlenningen,RV,9.460555,48.565255,,,South
8013171,UUZ,Unterloquitz,RV,11.391975,50.580446,,,Central
8007140,RUOE,Unteröwisheim Bf,RV,8.668986,49.146342,,,Central
8079149,RUOEL,Unteröwisheim M.-Luther-Str.,RV,8.66202,49.146484,,,Central
8006008,TURB,Unterreichenbach,RV,8.711284,48.826858,,,South
8006688,MUSM,Unterschleißheim,RV,11.568628,48.2737,,,South
8006017,NUS,Untersteinach(b Stadtsteinach),RV,11.528122,50.129846,,,Central
8006019,SUSZ,Untersulzbach,RV,7.663654,49.522537,,,West
8006030,TUA,Urbach(b Schorndorf),RV,9.573734,48.804956,,,South
8006032,KURF,Urft,RV,6.580173,50.512369,,,West
8007357,SURM,Urmersbach,RV,7.13185,50.255912,,,West
8006035,KUR,Urmitz,RV,7.509072,50.402613,,,West
8006036,KURR,Urmitz Rheinbrücke,RV,7.527923,50.418391,,,West
8006037,MURS,Urschalling,RV,12.33869,47.835815,,,East
8006039,TURS,Urspring,RV,9.894569,48.550144,,,South
8005342,SUZD,Usch-Zendscheid,RV,6.602947,50.102659,,,West
8006041,HUS,Uslar,RV,9.65524,51.654481,,,Central
8006043,FUS,Usseln,RV,8.67014,51.280542,,,Central
8013177,WUTZ,Utzedel,RV,13.116222,53.860724,,,North
8006052,NVA,Vach,RV,10.986146,49.517572,,,Central
8006717,MVAD,Vachendorf,RV,12.32188,47.826814,,,East
8013180,LVA,Vahldorf,RV,11.499764,52.252389,,,Central
8006053,TV,Vaihingen(Enz),FV,8.957632,48.948118,,,South
8006054,KVA,Vallendar,RV,7.609821,50.399645,,,West
8006059,MVS,Vaterstetten,RV,11.76438,48.104109,,,South
8013183,BVLZ,Vehlefanz,RV,13.114827,52.722332,,,North
8006065,NVE,Veitshöchheim,RV,9.876196,49.831432,,,Central
8006064,EVLR,Velbert Rosenhügel,RV,7.101725,51.300124,,,West
8003529,ELBG,Velbert-Langenberg,RV,7.122377,51.354764,,,West
8004340,ENV,Velbert-Neviges,RV,7.090484,51.313159,,,West
8004430,ENIR,Velbert-Nierenhof,RV,7.134154,51.372376,,,West
8006067,NVN,Velden(b Hersbruck),RV,11.518333,49.610808,,,Central
8010355,WV,Velgast,FV,12.803137,54.277316,,,North
8004415,FNV,Vellmar-Niedervellmar,RV,9.478438,51.351851,,,Central
8004597,FOV,Vellmar-Obervellmar,RV,9.452475,51.359679,,,Central
8013185,BVLT,Velten(Mark),RV,13.172034,52.684889,,,North
8013186,WVE,Ventschow,RV,11.580016,53.787208,,,North
8006076,HV,Verden(Aller),FV,9.237855,52.920818,,,North
8001922,MESH,Vierkirchen-Esterhofen,RV,11.445108,48.361118,,,South
8000174,KV,Viersen,FV,6.403896,51.254947,,,West
8013192,UVI,Vieselbach,RV,11.137866,50.992971,,,Central
8000366,RVL,Villingen(Schwarzw),FV,8.465261,48.058022,,,South
8000356,RVLE,Villingen-Schwenningen Eisstadion,RV,8.528553,48.052772,,,South
8000393,RVLH,Villingen-Schwenningen Hammerstatt,RV,8.546922,48.060175,,,South
8006084,MVSB,Vilsbiburg,RV,12.3475,48.447384,,,East
8006085,NVK,Vilseck,RV,11.801058,49.615629,,,Central
8006086,NVI,Vilshofen(Niederbay),RV,13.190867,48.629551,,,East
8013194,LVG,Vinzelberg,RV,11.67196,52.569185,,,North
8006098,EVD,Voerde(Niederrhein),RV,6.688813,51.597541,,,West
8006100,SVO,Vogelweh,RV,7.706011,49.438535,,,West
8001664,FEDN,Vöhl-Ederbringhausen,RV,8.872631,51.130073,,,Central
8002802,FHZN,Vöhl-Herzhausen,RV,8.885027,51.181035,,,Central
8005382,FSLM,Vöhl-Schmittlotheim,RV,8.900618,51.156937,,,Central
8006093,FTHA,Vöhl-Thalitter,RV,8.895033,51.217442,,,Central
8006094,MVRN,Vöhringen,RV,10.083628,48.279088,,,South
8013202,UVO,Voigtstedt,RV,11.306824,51.391632,,,Central
8000175,SVL,Völklingen,RV,6.848156,49.249091,,,West
8006107,FVA,Volkmarsen,RV,9.117226,51.407567,,,Central
8006109,EVOK,Volkringhausen,RV,7.872214,51.359889,,,West
8001741,HELV,Völksen/Eldagsen,RV,9.626528,52.211875,,,Central
8006112,HVOP,Volpriehausen,RV,9.737822,51.660967,,,Central
8006120,NV,Vorra(Pegnitz),RV,11.494502,49.563921,,,Central
8000368,FWAB,Wabern(Bz Kassel),FV,9.35804,51.103134,,,Central
8006125,RWCH,Wachenheim(Pfalz),RV,8.191152,49.4393,,,Central
8006126,FWAM,Wachenheim-Mölsheim,RV,8.168439,49.635362,,,Central
8006131,MWAE,Wächterhof,RV,11.712731,48.033567,,,South
8006132,FWAE,Wächtersbach,RV,9.295828,50.253958,,,Central
8006135,TWHF,Wackershofen,RV,9.697115,49.137249,,,Central
8006137,RWG,Waghäusel,RV,8.508313,49.248186,,,Central
8006138,MWGN,Waging,RV,12.727085,47.931617,,,East
8000327,FWHM,Wahlheim,RV,8.099039,49.718712,,,Central
8013205,LWH,Wahlitz,RV,11.788868,52.109177,,,Central
8000180,TWN,Waiblingen,RV,9.299882,48.826124,,,South
8007442,RWB,Waibstadt,RV,8.919354,49.300941,,,Central
8006147,NWA,Waigolshausen,RV,10.116027,49.967293,,,Central
8013210,BWA,Walddrehna,RV,13.617249,51.772723,,,East
8006154,TWG,Waldenburg(Württ),RV,9.658699,49.202537,,,Central
8006155,NWDH,Waldershof,RV,12.057267,49.98272,,,East
8006156,SWAB,Waldfischbach,RV,7.652035,49.288555,,,West
8007073,TWHS,Waldhausen(b Geislingen),RV,9.907723,48.635308,,,South
8006157,TWY,Waldhausen(b Schorndorf),RV,9.637927,48.789185,,,South
8010359,DWA,Waldheim,RV,13.014033,51.075344,,,East
8013212,DWK,Waldkirchen(Erzgeb),RV,13.090571,50.762714,,,East
8006164,MWKG,Waldkraiburg,RV,12.408022,48.202953,,,East
8006167,RWU,Waldshut,RV,8.219526,47.621368,,,South
8006170,SWL,Walhausen(Saar),RV,7.129374,49.5588,,,West
8006171,TWH,Walheim(Württ),RV,9.152118,49.010941,,,Central
8006172,HWKD,Walkenried,RV,10.608814,51.584876,,,Central
8000187,FWA,Wallau(Lahn),RV,8.47001,50.922898,,,Central
8006175,FWF,Walldorf(Hess),RV,8.580811,50.001339,,,Central
8006176,RWDN,Walldürn,RV,9.367542,49.578023,,,Central
8006181,NWLD,Wallersdorf,RV,12.743464,48.740644,,,East
8006183,FWAH,Wallertheim,RV,8.049458,49.832648,,,Central
8006145,TWAL,Wallhausen(Württ),RV,10.063117,49.209151,,,Central
8006190,MWKN,Walpertskirchen,RV,11.970421,48.260872,,,South
8006191,KWAP,Walporzheim,RV,7.07992,50.533924,,,West
8013221,UWL,Walschleben,RV,10.955958,51.067881,,,Central
8013222,WWL,Walsleben,RV,12.679027,52.947039,,,North
8013223,UWN,Waltershausen,RV,10.563743,50.90073,,,Central
8013224,USNT,Waltershausen Schnepfenthal,RV,10.576211,50.883974,,,Central
8013226,UWA,Wandersleben,RV,10.852498,50.906666,,,Central
8006200,TWW,Wangen(Allgäu),RV,9.830573,47.689227,,,South
8013240,UWG,Wangen(Unstrut),RV,11.545293,51.271505,,,Central
8000192,EWAN,Wanne-Eickel Hbf,FV,7.165783,51.531256,,,West
8006203,TWAN,Wannweil,RV,9.150449,48.512315,,,South
8013230,LWAN,Wansleben am See,RV,11.746764,51.462417,,,Central
8010361,WWR,Waren(Müritz),FV,12.680678,53.521512,,,North
8013232,WWAH,Warenshof,RV,12.645419,53.530788,,,North
8013235,DWAB,Warmbad,RV,13.064031,50.668495,,,East
8013236,WWM,Warnemünde,FV,12.091271,54.176852,,,North
8013237,WWMW,Warnemünde Werft,RV,12.085638,54.16932,,,North
8013238,WWAN,Warnitz(Uckermark),RV,13.876684,53.182031,,,North
8006212,TWV,Warthausen,RV,9.801661,48.129915,,,South
8006217,TWA,Wasseralfingen,RV,10.103645,48.858615,,,South
8006218,MWBG,Wasserburg(Bodensee),RV,9.639064,47.571903,,,South
8006219,MWSG,Wasserburg(Günz),RV,10.269707,48.438377,,,South
8006220,MWSB,Wasserburg(Inn)Bf,RV,12.18523,48.061563,,,East
8006222,SWAS,Wasserliesch,RV,6.537216,49.708467,,,West
8013244,UWTL,Wasserthaleben,RV,10.88998,51.258684,,,Central
8006226,EWAT,Wattenscheid,RV,7.139922,51.473265,,,West
8006227,EWHP,Wattenscheid-Höntrop,RV,7.153778,51.459934,,,West
8006232,FWCK,Weckesheim,RV,8.843673,50.359559,,,Central
8006233,HWED,Weddel(Braunschw),RV,10.623494,52.269118,,,Central
8006236,AWL,Wedel(Holst),RV,9.705161,53.581995,,,North
8000342,HWEZ,Weetzen,RV,9.635376,52.298351,,,Central
8013248,LWF,Wefensleben,RV,11.155205,52.17694,,,Central
8006241,FWGA,Wega,RV,9.175551,51.128192,,,Central
8006243,KWEG,Wegberg,RV,6.281289,51.145179,,,West
8013250,LWST,Wegenstedt,RV,11.208882,52.387075,,,Central
8006252,SWE,Wehr(Mosel),RV,6.376822,49.586464,,,West
8001174,RBN,Wehr-Brennet,RV,7.910525,47.58092,,,West
8006255,MWBH,Weibhausen,RV,12.692476,47.898573,,,East
8000204,NWDO,Weiden(Oberpf),RV,12.153846,49.67049,,,East
8006258,MWDB,Weidenbach,RV,12.347286,48.254215,,,East
8006261,RWD,Weidenthal,RV,7.994912,49.417494,,,West
8006266,NWHR,Weiherhammer,RV,12.061829,49.631253,,,East
8006267,NWHF,Weiherhof,RV,10.928488,49.459926,,,Central
8006269,TWM,Weikersheim,RV,9.905718,49.478463,,,Central
8006272,RW,Weil am Rhein,FV,7.608419,47.593973,,,West
8006271,TW,Weil der Stadt,RV,8.872806,48.755483,,,South
8006279,MWLB,Weilbach(Unterallg),RV,10.429623,48.125996,,,South
8006274,NWE,Weilbach(Unterfr),RV,9.213165,49.668683,,,Central
8000218,FWG,Weilburg,RV,8.267949,50.486368,,,Central
8006277,TWEL,Weiler(Rems),RV,9.501991,48.800301,,,South
8006280,KWES,Weilerswist,RV,6.845078,50.750293,,,West
8000220,MWH,Weilheim(Oberbay),RV,11.14286,47.845363,,,South
8006268,TSWF,Weilimdorf,RV,9.094328,48.82208,,,South
8010366,UWM,Weimar,FV,11.326458,50.991487,,,Central
8013267,DWEW,Weinböhla Hp,RV,13.561549,51.159098,,,East
8087067,TWEB,Weingarten Berg,RV,9.616876,47.816852,,,South
8006287,RWGT,Weingarten(Baden),RV,8.521224,49.059101,,,Central
8000377,RWE,Weinheim(Bergstr),FV,8.665351,49.553302,,,Central
8003792,RLUE,Weinheim-Lützelsachsen,RV,8.649501,49.527385,,,Central
8006289,TWR,Weinsberg,RV,9.287024,49.147997,,,Central
8006294,TELI,Weinsberg/Ellhofen Gewerbegebiet,RV,9.305552,49.148758,,,Central
8013258,WWSN,Weisen,RV,11.787505,53.025546,,,North
8006291,RWSB,Weisenbach,RV,8.355263,48.727532,,,South
8006292,RWSS,Weisenheim(Sand),RV,8.249874,49.513931,,,Central
8013259,LWG,Weißandt-Gölzau,RV,12.028765,51.66967,,,East
8006296,TWSN,Weißenau,RV,9.594383,47.765975,,,South
8006298,NWG,Weißenburg(Bay),RV,10.96539,49.029673,,,Central
8010368,UW,Weißenfels,FV,11.970926,51.204615,,,Central
8006299,MWSH,Weißenhorn,RV,10.153157,48.305795,,,South
8006305,MAES,Weißenhorn-Eschach,RV,10.135093,48.300999,,,South
8006300,NWEO,Weißenohe,RV,11.249641,49.629283,,,Central
8006306,FWI,Weiterstadt,RV,8.579385,49.909706,,,Central
8070569,RWZ,Weizen,RV,8.476514,47.768832,,,South
8006309,MWZH,Weizern-Hopferau,RV,10.62046,47.614593,,,South
8006312,FWZ,Welgesheim-Zotzenheim,RV,7.956653,49.878575,,,West
8013271,LWL,Wellen(Magdeburg),RV,11.432138,52.136163,,,Central
8006315,SWN,Wellen(Mosel),RV,6.441322,49.67266,,,West
8013272,BWZ,Wellmitz,RV,14.714896,52.064644,,,East
8006321,RWEL,Welschingen-Neuhausen,RV,8.769216,47.83403,,,South
8006323,EWVE,Welver,RV,7.956653,51.616253,,,West
8006331,TWD,Wendlingen(Neckar),RV,9.373011,48.672961,,,South
8006336,HWSN,Wennigsen(Deister),RV,9.572167,52.279628,,,Central
8010372,DWR,Werdau,RV,12.367086,50.726165,,,East
8010373,BWE,Werder(Havel),RV,12.926189,52.392939,,,East
8006340,FWDF,Werdorf,RV,8.417191,50.59289,,,Central
8006346,TWER,Wernau(Neckar),RV,9.413898,48.694247,,,South
8006349,NWFH,Wernfeld,RV,9.725529,50.026065,,,Central
8010375,UWH,Wernshausen,RV,10.353606,50.72124,,,Central
8006353,MWHA,Wertach-Haslach,RV,10.460369,47.628972,,,South
8000231,TWT,Wertheim,RV,9.513095,49.762025,,,Central
8006354,TWTB,Wertheim-Bestenheid,RV,9.499932,49.786182,,,Central
8013291,UWTH,Werther,RV,10.74191,51.469932,,,Central
8000242,EWES,Wesel,RV,6.627134,51.65584,,,West
8006356,EWFK,Wesel Feldmark,RV,6.616656,51.676377,,,West
8006359,MWS,Weßling(Oberbay),RV,11.251768,48.077374,,,South
8006385,FWT,Wetter(Hessen),RV,8.729147,50.903715,,,Central
8006386,EWET,Wetter(Ruhr),RV,7.385971,51.386459,,,West
8000383,FWR,Wetzlar,RV,8.503819,50.565631,,,Central
8006389,EWIC,Wickede(Ruhr),RV,7.869713,51.493201,,,West
8006390,NWK,Wicklesgreuth,RV,10.71145,49.310689,,,Central
8006391,KWIC,Wickrath,RV,6.411505,51.13277,,,West
8006392,SWK,Wiebelskirchen,RV,7.175665,49.371135,,,West
8006402,HWRN,Wieren,RV,10.655847,52.892588,,,North
8013310,DWIS,Wiesa(Erzgeb),RV,13.023699,50.61064,,,East
8006403,NWU,Wiesau(Oberpf),RV,12.191288,49.911013,,,East
8000250,FW,Wiesbaden Hbf,FV,8.243731,50.070791,,,Central
8013305,BWSU,Wiesenau,RV,14.583905,52.231321,,,East
8010376,BWG,Wiesenburg(Mark),RV,12.431213,52.098825,,,East
8013307,DWSB,Wiesenburg(Sachs),RV,12.566743,50.652705,,,East
8006413,FWIF,Wiesenfeld,RV,8.749376,51.007519,,,Central
8006417,RWI,Wiesental,RV,8.50239,49.225458,,,Central
8006416,TWID,Wieslensdorf,RV,9.422118,49.149785,,,Central
8006421,RWS,Wiesloch-Walldorf,FV,8.664146,49.291353,,,Central
8006423,MWSM,Wiesmühl(Alz),RV,12.564312,48.105999,,,East
8006426,NWI,Wiesthal,RV,9.441051,50.016833,,,Central
8006430,RWIN,Wilchingen-Hallau,RV,8.46386,47.679448,,,South
8081540,BWI,Wildau,RV,13.633779,52.319935,,,East
8006432,TWIB,Wildberg(Württ),RV,8.742947,48.62528,,,South
8006440,TWL,Wilferdingen-Singen,RV,8.572415,48.953862,,,South
8006441,RWSW,Wilgartswiesen,RV,7.883823,49.209434,,,West
8010378,BWHO,Wilhelmshorst,RV,13.067447,52.331486,,,East
8006446,FWUE,Wilhelmshütte(Lahn),RV,8.550882,50.868143,,,Central
8006448,NWHD,Wilhermsdorf,RV,10.723595,49.482484,,,Central
8013312,DWL,Wilischthal,RV,13.056579,50.724724,,,East
8010379,DWI,Wilkau-Haßlau,RV,12.513578,50.675412,,,East
8006453,FWLN,Willingen,RV,8.603635,51.293342,,,Central
8006456,TWLB,Willsbach,RV,9.358868,49.142422,,,Central
8013313,WWLD,Wilmersdorf(Angerm),RV,13.892457,53.111628,,,North
8006461,SWIG,Wiltingen(Saar),RV,6.590462,49.662641,,,West
8006463,SWIN,Wincheringen,RV,6.406578,49.608467,,,West
8006468,RWND,Winden(Pfalz),RV,8.122479,49.095452,,,Central
8006472,NWB,Windischeschenbach,RV,12.16517,49.794747,,,East
8006473,NWIN,Windsbach,RV,10.825716,49.249694,,,Central
8013315,UWIR,Wingerode,RV,10.240509,51.389707,,,Central
8006476,NWKH,Winkelhaid,RV,11.301035,49.392946,,,Central
8006479,TWI,Winnenden,RV,9.39229,48.879583,,,South
8006481,SWI,Winningen(Mosel),RV,7.523208,50.315424,,,West
8006482,HWIN,Winninghausen,RV,9.436305,52.323325,,,Central
8006483,SWNW,Winnweiler,RV,7.855955,49.570548,,,West
8006485,TWIN,Winterbach(b Schorndorf),RV,9.480994,48.798432,,,South
8006488,NWN,Winterhausen,RV,10.012072,49.708442,,,Central
8006499,FWIR,Wirtheim,RV,9.258929,50.225784,,,Central
8010381,WWI,Wismar,RV,11.469433,53.896837,,,North
8006501,EWIN,Wissen(Sieg),RV,7.739814,50.782871,,,West
8006505,EWIK,Wittbräucke,RV,7.44554,51.420052,,,West
8000251,EWIT,Witten Hbf,RV,7.329442,51.435544,,,West
8010382,WW,Wittenberge,FV,11.762871,53.003115,,,North
8013322,WWT,Wittenhagen,RV,13.05605,54.184004,,,North
8006517,TWIT,Wittighausen,RV,9.846243,49.618406,,,Central
8000379,SWIH,Wittlich Hbf,RV,6.943557,49.973121,,,West
8010384,WWK,Wittstock(Dosse),RV,12.478911,53.160621,,,North
8006493,MWIT,Witzighausen,RV,10.097804,48.317443,,,South
8013328,DWIT,Witzschdorf,RV,13.088523,50.775236,,,East
8006527,AWRT,Witzwort,RV,8.998558,54.386097,,,North
8013333,UWOF,Woffleben,RV,10.722213,51.55552,,,Central
8006541,AWLF,Wohltorf,RV,10.278184,53.520589,,,North
8006545,TWO,Wolfegg,RV,9.808665,47.824264,,,South
8013335,LWO,Wolfen(Bitterfeld),RV,12.279563,51.661159,,,East
8000255,HWOL,Wolfenbüttel,RV,10.532306,52.159126,,,Central
8006548,FWFG,Wolfgang(Kr Hanau),RV,8.957469,50.123107,,,Central
8006549,FWFH,Wolfhagen,RV,9.17862,51.331695,,,Central
8006550,MWO,Wolfratshausen,RV,11.427201,47.914424,,,South
8006552,HWOB,Wolfsburg Hbf,FV,10.787784,52.429498,,,Central
8006555,SWFS,Wolfstein,RV,7.610287,49.58428,,,West
8013339,WWO,Wolgast,RV,13.769087,54.043949,,,North
8013340,WWOH,Wolgast Hafen,RV,13.779963,54.051845,,,North
8013341,WWOF,Wolgaster Fähre,RV,13.790624,54.056376,,,North
8013343,DWO,Wolkenstein,RV,13.064965,50.652743,,,East
8010385,UWK,Wolkramshausen,RV,10.745663,51.440021,,,Central
8013344,LWLS,Wolmirstedt,RV,11.635619,52.250359,,,Central
8013345,BWOL,Woltersdorf/Nuthe-Urstromtal,RV,13.195281,52.117362,,,East
8000257,FWOR,Worms Hbf,FV,8.356448,49.63494,,,Central
8006533,MWNS,Wörnitzstein,RV,10.714478,48.731977,,,South
8006535,FWOD,Wörsdorf,RV,8.249323,50.244752,,,Central
8006537,MWTI,Wörth(Isar),RV,12.332925,48.624182,,,East
8006538,NWOE,Wörth(Main),RV,9.15696,49.793465,,,Central
8000254,RWRT,Wörth(Rhein),RV,8.273146,49.045678,,,Central
8079143,RWRTL,Wörth(Rhein) Alte Bahnmeisterei,RV,8.266465,49.04862,,,Central
8079212,RWRTA,Wörth(Rhein) Badallee,RV,8.249891,49.055995,,,Central
8079213,RWRTK,Wörth(Rhein) Badepark,RV,8.24413,49.058565,,,Central
8079142,RWRTB,Wörth(Rhein) Bienwaldhalle,RV,8.260879,49.04978,,,Central
8006536,RWRD,Wörth(Rhein) Mozartstraße,RV,8.251944,49.055109,,,Central
8006531,RWRZ,Wörth(Rhein) Zügelstraße,RV,8.262363,49.052992,,,Central
8006539,RWSN,Wössingen,RV,8.605129,49.015508,,,Central
8006572,AWST,Wrist,RV,9.748128,53.932382,,,North
8006575,EWAP,Wülfrath-Aprath,RV,7.072023,51.267886,,,West
8013348,DWU,Wülknitz,RV,13.389256,51.369021,,,East
8010387,UWF,Wünschendorf,RV,12.097672,50.797633,,,East
8013350,BWUE,Wünsdorf-Waldstadt,RV,13.468145,52.165559,,,East
8006581,SWB,Würzbach(Saar),RV,7.193441,49.244182,,,West
8000260,NWH,Würzburg Hbf,FV,9.93578,49.801796,,,Central
8006586,NWZ,Würzburg-Zell,RV,9.884593,49.804938,,,Central
8010388,DWD,Wüstenbrand,RV,12.756417,50.805483,,,East
8013352,WWSF,Wüstenfelde,RV,13.13961,54.230272,,,North
8013357,LWU,Wulfen(Anh),RV,11.922141,51.818681,,,Central
8006592,HWUL,Wulften,RV,10.176026,51.659403,,,Central
8006595,MWUH,Wullenstetten,RV,10.071331,48.31398,,,South
8000173,NHOB,Wunsiedel-Holenbrunn,RV,12.033928,50.051113,,,East
8000268,HWUN,Wunstorf,RV,9.450976,52.422225,,,Central
8000266,KW,Wuppertal Hbf,FV,7.149543,51.254363,,,West
8006596,KWBA,Wuppertal-Barmen,RV,7.195159,51.266972,,,West
8006607,KWLP,Wuppertal-Langerfeld,RV,7.242298,51.277866,,,West
8006719,KWO,Wuppertal-Oberbarmen,RV,7.221483,51.273839,,,West
8006618,KWSO,Wuppertal-Sonnborn,RV,7.096575,51.240584,,,West
8006619,KWS,Wuppertal-Steinbeck,RV,7.14063,51.250679,,,West
8006620,KWU,Wuppertal-Unterbarmen,RV,7.171212,51.258929,,,West
8006718,KWV,Wuppertal-Vohwinkel,RV,7.071597,51.234259,,,West
8006623,KWZ,Wuppertal-Zoologischer Garten,RV,7.10702,51.243469,,,West
8013361,LWZ,Wurzen,RV,12.738972,51.364418,,,East
8010389,BWUS,Wustermark,RV,12.939728,52.551851,,,North
8013365,LWUZ,Wusterwitz,RV,12.37425,52.385112,,,East
8012703,WRDN,Wustrau-Radensleben,RV,12.897265,52.857264,,,North
8006627,SWU,Wustweiler,RV,7.034824,49.398897,,,West
8013366,UWU,Wutha,RV,10.396598,50.957099,,,Central
8006628,RWUT,Wutöschingen,RV,8.363654,47.662088,,,South
8006629,RWY,Wyhlen,RV,7.690918,47.546328,,,West
8013368,DZT,Zabeltitz,RV,13.5154,51.349834,,,East
8013370,WZN,Zachun,RV,11.324498,53.502653,,,North
8013371,LZA,Zahna,RV,12.781211,51.919969,,,East
8006633,RZA,Zaisenhausen,RV,8.816664,49.104757,,,Central
8006634,NZA,Zapfendorf,RV,10.929894,50.018291,,,Central
8013373,WZAR,Zarrendorf,RV,13.08003,54.240747,,,North
8013376,BZS,Zeesen,RV,13.635143,52.264863,,,East
8006635,NZ,Zeil,RV,10.598519,50.005142,,,Central
8013381,DZNH,Zeithain,RV,13.344552,51.330206,,,East
8010390,LZ,Zeitz,RV,12.131488,51.056452,,,East
8006641,RZ,Zell(Wiesental),RV,7.849149,47.705626,,,West
8010391,UZL,Zella-Mehlis,RV,10.674124,50.646721,,,Central
8013384,LZD,Zellendorf,RV,13.066853,51.89431,,,East
8013385,WZP,Zempin,RV,13.959447,54.06598,,,North
8006647,FZE,Zennern,RV,9.317729,51.111983,,,Central
8081560,BZEP,Zepernick(Bernau),RV,13.533642,52.659449,,,North
8006648,FZEP,Zeppelinheim,RV,8.605153,50.036516,,,Central
8013389,LZE,Zerbst,RV,12.088931,51.953821,,,East
8013393,WZIN,Zerrenthin,RV,14.097895,53.49939,,,North
8007135,RZE,Zeutern Bf,RV,8.677521,49.178251,,,Central
8079617,RZES,Zeutern Sportplatz,RV,8.67065,49.177989,,,Central
8081580,BZTH,Zeuthen,RV,13.627173,52.348936,,,East
8013402,LZI,Zielitz,RV,11.680214,52.296293,,,Central
8073410,LZIO,Zielitz Ort,RV,11.676309,52.288285,,,Central
8006658,FZB,Zierenberg,RV,9.304813,51.365117,,,Central
8006654,FZBR,Zierenberg-Rosental,RV,9.291483,51.367668,,,Central
8006659,KZI,Zieverich,RV,6.62574,50.949276,,,West
8013406,BZIL,Ziltendorf,RV,14.616335,52.199513,,,East
8006661,RZIM,Zimmern(b Seckach),RV,9.371975,49.430411,,,Central
8006662,TZI,Zimmern(Main-Tauber),RV,9.79051,49.595355,,,Central
8006663,FZM,Zimmersrode,RV,9.225195,51.008144,,,Central
8010392,WZ,Zinnowitz,RV,13.903359,54.075564,,,North
8006664,NZI,Zirndorf,RV,10.958468,49.443891,,,Central
8006666,NZIK,Zirndorf Kneippallee,RV,10.945303,49.450029,,,Central
8013414,LZBR,Zöberitz,RV,12.033458,51.50461,,,East
8006667,RVLZ,Zollhaus(Villingen-Schwenningen),RV,8.505997,48.040888,,,South
8006670,MZHP,Zollhaus-Petersthal,RV,10.418038,47.665825,,,South
8006671,MZO,Zorneding,RV,11.832456,48.089601,,,South
8013418,LZGL,Zörnigall,RV,12.731558,51.882935,,,East
8010395,BZO,Zossen,RV,13.438571,52.218923,,,East
8006672,RZT,Zotzenbach,RV,8.75322,49.609367,,,Central
8013424,DZSC,Zschaitz,RV,13.156825,51.168852,,,East
8013425,LZBN,Zscherben,RV,11.865125,51.467695,,,Central
8013427,DZP,Zschopau,RV,13.065988,50.743242,,,East
8013428,LZS,Zschortau,RV,12.361585,51.483266,,,East
8010396,WZS,Züssow,FV,13.548191,53.973879,,,North
8006676,TZU,Züttlingen,RV,9.329117,49.291657,,,Central
8006679,RZUN,Zuzenhausen,RV,8.821439,49.297394,,,Central
8006680,SZW,Zweibrücken Hbf,RV,7.356643,49.246805,,,West
8010397,DZW,Zwickau(Sachs)Hbf,RV,12.474716,50.714668,,,East
8013433,DZWP,Zwickau-Pölbitz,RV,12.479662,50.737212,,,East
8013434,DZWS,Zwickau-Schedewitz,RV,12.495009,50.701851,,,East
8006686,RZW,Zwingenberg(Baden),RV,9.04283,49.416029,,,Central
8006687,FZW,Zwingenberg(Bergstr),RV,8.609119,49.725902,,,Central
8013435,DZI,Zwönitz,RV,12.797899,50.632232,,,East
