route_id,trip_id,leg_sequence,from_stop_id,to_stop_id,countries,scheduled_running_min,routed_driving_min,routed_dynamics_min,routed_model_min,implied_buffer_min,implied_buffer_pct,routed_buffer_min,applied_buffer_pct,routed_distance_km,excluded_reason
1,ÖBB NJ 468,1,Wien Hbf,Wien Meidling,AT,,3,1,4,,,1,25.0,3.5,no_timetable
1,ÖBB NJ 468,2,Wien Meidling,St. Pölten Hbf,AT,,40,1,41,,,14,34.1,62.5,no_timetable
1,ÖBB NJ 468,3,St. Pölten Hbf,Linz Hbf,AT,,46,2,48,,,17,35.4,122.8,no_timetable
1,ÖBB NJ 468,4,Linz Hbf,Salzburg Hbf,AT,,63,1,64,,,22,34.4,124.2,no_timetable
1,ÖBB NJ 468,5,Salzburg Hbf,Rosenheim,AT+DE,,50,1,51,,,24,47.1,88.2,no_timetable
1,ÖBB NJ 468,6,Rosenheim,München Ost,DE,,27,1,28,,,15,53.6,55.0,no_timetable
1,ÖBB NJ 468,7,München Ost,Koblenz Hbf,DE,420,262,1,263,157,59.7,132,50.2,533.6,
1,ÖBB NJ 468,8,Koblenz Hbf,Bonn Hbf,DE,42,29,1,30,12,40.0,15,50.0,59.1,
1,ÖBB NJ 468,9,Bonn Hbf,Köln Ehrenfeld,DE,38,17,1,18,20,111.1,9,50.0,33.9,
1,ÖBB NJ 468,10,Köln Ehrenfeld,Aachen Hbf,DE,42,38,1,39,3,7.7,19,48.7,67.1,
1,ÖBB NJ 468,11,Aachen Hbf,Liège Guillemins / Luik Guillemins,BE+DE,61,39,1,40,21,52.5,18,45.0,54.4,
1,ÖBB NJ 468,12,Liège Guillemins / Luik Guillemins,Bruxelles Noord / Brussel Nord,BE,57,46,1,47,10,21.3,22,46.8,98.7,
1,ÖBB NJ 468,13,Bruxelles Noord / Brussel Nord,Bruxelles Noord / Brussel Nord,,1,0,0,0,1,,0,,0.0,zero_routed_time
1,ÖBB NJ 468,14,Bruxelles Noord / Brussel Nord,Bruxelles Midi / Brussel Zuid,BE,10,5,0,5,5,,2,40.0,3.5,leg_too_short
10,PKP TLK 35190/50191,1,Kraków Gł.,Trzebinia,PL,,18,1,19,,,7,36.8,38.8,no_timetable
10,PKP TLK 35190/50191,2,Trzebinia,Gdańsk Gł.,PL,520,272,1,273,247,90.5,110,40.3,627.0,
10,PKP TLK 35190/50191,3,Gdańsk Gł.,Gdynia Gł.,PL,31,12,1,13,18,138.5,5,38.5,21.0,
10,PKP TLK 35190/50191,4,Gdynia Gł.,Hel,PL,129,53,1,54,75,138.9,21,38.9,76.0,
100,FS IC Notte 794,1,Reggio Calabria Centrale,Tropea,IT,,54,1,55,,,22,40.0,89.4,no_timetable
100,FS IC Notte 794,2,Tropea,Lamezia Terme Centrale,IT,,32,1,33,,,13,39.4,52.2,no_timetable
100,FS IC Notte 794,3,Lamezia Terme Centrale,Roma Ostiense,IT,353,229,1,230,123,53.5,93,40.4,543.8,
100,FS IC Notte 794,4,Roma Ostiense,Civitavecchia,IT,48,31,1,32,16,50.0,13,40.6,70.7,
100,FS IC Notte 794,5,Civitavecchia,Grosseto,IT,59,51,1,52,7,13.5,20,38.5,109.7,
100,FS IC Notte 794,6,Grosseto,Livorno Centrale,IT,72,46,2,48,24,50.0,19,39.6,127.6,
100,FS IC Notte 794,7,Livorno Centrale,Pisa Centrale,IT,24,12,1,13,11,84.6,5,38.5,20.6,
100,FS IC Notte 794,8,Pisa Centrale,La Spezia Centrale,IT,59,36,1,37,22,59.5,14,37.8,74.5,
100,FS IC Notte 794,9,La Spezia Centrale,Genova Piazza Principe,IT,123,55,1,56,67,119.6,22,39.3,86.6,
100,FS IC Notte 794,10,Genova Piazza Principe,Torino Porta Nuova,IT,111,75,1,76,35,46.1,30,39.5,158.5,
101,FS IC Notte 1954,1,Palermo Centrale,Termini Imerese,,,,0,,,,,,,routing_failed
101,FS IC Notte 1954,2,Termini Imerese,Barcellona Castroreale,,,,0,,,,,,,routing_failed
101,FS IC Notte 1954,3,Barcellona Castroreale,Messina Centrale,,,,0,,,,,,,routing_failed
101,FS IC Notte 1954,4,Messina Centrale,Lamezia Terme Centrale,,,,0,,,,,,,routing_failed
101,FS IC Notte 1954,5,Lamezia Terme Centrale,Roma Termini,,370,,0,,,,,,,routing_failed
102,FS IC Notte 1958,1,Palermo Centrale,Termini Imerese,,,,0,,,,,,,routing_failed
102,FS IC Notte 1958,2,Termini Imerese,Barcellona Castroreale,,,,0,,,,,,,routing_failed
102,FS IC Notte 1958,3,Barcellona Castroreale,Messina Centrale,,,,0,,,,,,,routing_failed
102,FS IC Notte 1958,4,Messina Centrale,Salerno,,367,,0,,,,,,,routing_failed
102,FS IC Notte 1958,5,Salerno,Napoli Centrale,,40,,0,,,,,,,routing_failed
102,FS IC Notte 1958,6,Napoli Centrale,Roma Termini,,193,,0,,,,,,,routing_failed
103,FS IC Notte 1955 (S),1,Roma Termini,Napoli Centrale,,,,0,,,,,,,routing_failed
103,FS IC Notte 1955 (S),2,Napoli Centrale,Salerno,,,,0,,,,,,,routing_failed
103,FS IC Notte 1955 (S),3,Salerno,Messina Centrale,,326,,0,,,,,,,routing_failed
103,FS IC Notte 1955 (S),4,Messina Centrale,Taormina Giardini,,92,,0,,,,,,,routing_failed
103,FS IC Notte 1955 (S),5,Taormina Giardini,Catania Centrale,,53,,0,,,,,,,routing_failed
103,FS IC Notte 1955 (S),6,Catania Centrale,Siracusa,,81,,0,,,,,,,routing_failed
104,FS IC Notte 1959 (S),1,Roma Termini,Lamezia Terme Centrale,,359,,0,,,,,,,routing_failed
104,FS IC Notte 1959 (S),2,Lamezia Terme Centrale,Messina Centrale,,186,,0,,,,,,,routing_failed
104,FS IC Notte 1959 (S),3,Messina Centrale,Taormina Giardini,,84,,0,,,,,,,routing_failed
104,FS IC Notte 1959 (S),4,Taormina Giardini,Catania Centrale,,41,,0,,,,,,,routing_failed
104,FS IC Notte 1959 (S),5,Catania Centrale,Siracusa,,79,,0,,,,,,,routing_failed
105,FS IC Notte 770,1,Trieste Centrale,Udine,IT,,48,1,49,,,19,38.8,72.6,no_timetable
105,FS IC Notte 770,2,Udine,Venezia Santa Lucia,IT,,62,1,63,,,25,39.7,122.4,no_timetable
105,FS IC Notte 770,3,Venezia Santa Lucia,Bologna Centrale,IT,116,67,1,68,48,70.6,28,41.2,159.5,
105,FS IC Notte 770,4,Bologna Centrale,Roma Termini,IT,284,212,1,213,71,33.3,85,39.9,408.7,
106,FS IC Notte 763,1,Bolzano / Bozen,Verona Porta Nuova,IT,,75,1,76,,,30,39.5,146.1,no_timetable
106,FS IC Notte 763,2,Verona Porta Nuova,Orvieto,IT,332,180,1,181,151,83.4,73,40.3,399.0,
106,FS IC Notte 763,3,Orvieto,Roma Termini,IT,58,74,1,75,-17,-22.7,30,40.0,124.7,router_slower_than_reality
107,SNCF IC Nuit 5789,1,Paris Austerlitz,Crest,FR,463,299,1,300,163,54.3,121,40.3,661.6,
107,SNCF IC Nuit 5789,2,Crest,Gap,FR,131,103,1,104,27,26.0,41,39.4,125.0,
107,SNCF IC Nuit 5789,3,Gap,Briançon,FR,96,59,1,60,36,60.0,24,40.0,81.1,
108,SNCF IC Nuit 5772,1,Nice Ville,Cannes,FR,,17,1,18,,,7,38.9,29.9,no_timetable
108,SNCF IC Nuit 5772,2,Cannes,Toulon,FR,,64,1,65,,,26,40.0,127.1,no_timetable
108,SNCF IC Nuit 5772,3,Toulon,Marseille Saint-Charles,FR,,38,1,39,,,15,38.5,66.8,no_timetable
108,SNCF IC Nuit 5772,4,Marseille Saint-Charles,Paris Austerlitz,FR,596,378,1,379,217,57.3,152,40.1,871.8,
109,SNCF IC Nuit 3754 (Sun),1,Albi Ville,Rodez,FR,,65,1,66,,,26,39.4,82.0,no_timetable
109,SNCF IC Nuit 3754 (Sun),2,Rodez,Figeac,FR,,57,1,58,,,23,39.7,72.6,no_timetable
109,SNCF IC Nuit 3754 (Sun),3,Figeac,St-Denis-lès-Martel,FR,,46,1,47,,,18,38.3,63.2,no_timetable
109,SNCF IC Nuit 3754 (Sun),4,St-Denis-lès-Martel,Paris Austerlitz,FR,460,244,1,245,215,87.8,98,40.0,526.3,
11,CFR IRN 1837,1,Iași,Suceava,,,,0,,,,,,,routing_failed
11,CFR IRN 1837,2,Suceava,Dej Călători,,,,0,,,,,,,routing_failed
11,CFR IRN 1837,3,Dej Călători,Cluj-Napoca,,56,,0,,,,,,,routing_failed
110,SNCF IC Nuit 5737,1,Paris Austerlitz,Nîmes,FR,512,350,1,351,161,45.9,141,40.2,801.0,
110,SNCF IC Nuit 5737,2,Nîmes,Montpellier Saint-Roch,FR,28,21,1,22,6,27.3,9,40.9,49.2,
110,SNCF IC Nuit 5737,3,Montpellier Saint-Roch,Béziers,FR,50,31,1,32,18,56.2,13,40.6,71.6,
110,SNCF IC Nuit 5737,4,Béziers,Narbonne,FR,20,11,1,12,8,66.7,5,41.7,25.5,
110,SNCF IC Nuit 5737,5,Narbonne,Perpignan,FR,53,30,1,31,22,71.0,12,38.7,64.3,
110,SNCF IC Nuit 5737,6,Perpignan,Cerbère,FR,48,23,1,24,24,100.0,9,37.5,41.1,
111,SNCF IC Nuit 3731,1,Paris Austerlitz,Dax,FR,511,267,2,269,242,90.0,108,40.1,727.2,
111,SNCF IC Nuit 3731,2,Dax,Bayonne,FR,43,26,1,27,16,59.3,10,37.0,50.1,
111,SNCF IC Nuit 3731,3,Bayonne,Pau,FR,82,57,1,58,24,41.4,23,39.7,105.7,
111,SNCF IC Nuit 3731,4,Pau,Lourdes,FR,28,20,1,21,7,33.3,8,38.1,38.9,
111,SNCF IC Nuit 3731,5,Lourdes,Tarbes,FR,19,12,1,13,6,46.2,5,38.5,20.6,
112,SNCF IC Nuit 3970,1,Latour-de-Carol / La Tor de Querol,Pamiers,FR,,84,1,85,,,34,40.0,98.8,no_timetable
112,SNCF IC Nuit 3970,2,Pamiers,Fleury-les-Aubrais (Orléans),FR,543,299,2,301,242,80.4,121,40.2,781.5,
112,SNCF IC Nuit 3970,3,Fleury-les-Aubrais (Orléans),Paris Austerlitz,FR,71,49,1,50,21,42.0,21,42.0,118.9,
113,PKP EN 1276,1,Rijeka,Břeclav,,718,,0,,,,,,,routing_failed
113,PKP EN 1276,2,Břeclav,Staré Město u Uherského Hradiště,,40,,0,,,,,,,routing_failed
113,PKP EN 1276,3,Staré Město u Uherského Hradiště,Přerov,,29,,0,,,,,,,routing_failed
113,PKP EN 1276,4,Přerov,Hranice na Moravě,,28,,0,,,,,,,routing_failed
113,PKP EN 1276,5,Hranice na Moravě,Ostrava hl.n.,,37,,0,,,,,,,routing_failed
113,PKP EN 1276,6,Ostrava hl.n.,Bohumín,,9,,0,,,,,,,routing_failed
113,PKP EN 1276,7,Bohumín,Tychy,,90,,0,,,,,,,routing_failed
113,PKP EN 1276,8,Tychy,Katowice,,26,,0,,,,,,,routing_failed
113,PKP EN 1276,9,Katowice,Zawiercie,,42,,0,,,,,,,routing_failed
113,PKP EN 1276,10,Zawiercie,Opoczno Południe,,59,,0,,,,,,,routing_failed
113,PKP EN 1276,11,Opoczno Południe,Warszawa Zachodnia,,53,,0,,,,,,,routing_failed
113,PKP EN 1276,12,Warszawa Zachodnia,Warszawa Centralna,,7,,0,,,,,,,routing_failed
113,PKP EN 1276,13,Warszawa Centralna,Warszawa Wschodnia,,11,,0,,,,,,,routing_failed
114,OTE 141,1,Villach Hbf,Edirne,AT+BG+HU+RS,815,1212,1,1213,-398,-32.8,468,38.6,1731.1,router_slower_than_reality
115,ÖBB EN 1272,1,Split,Knin,HR,,97,1,98,,,39,39.8,102.7,no_timetable
115,ÖBB EN 1272,2,Knin,Zagreb Zapadni Kolodvor,HR,,274,1,275,,,110,40.0,320.6,no_timetable
115,ÖBB EN 1272,3,Zagreb Zapadni Kolodvor,Maribor,HR+SI,161,118,1,119,42,35.3,47,39.5,166.6,
115,ÖBB EN 1272,4,Maribor,Graz Hbf,AT+SI,90,39,1,40,50,125.0,15,37.5,67.8,
115,ÖBB EN 1272,5,Graz Hbf,Bruck an der Mur,AT,49,38,1,39,10,25.6,13,33.3,53.8,
115,ÖBB EN 1272,6,Bruck an der Mur,Wiener Neustadt Hbf,AT,101,78,1,79,22,27.8,27,34.2,110.6,
115,ÖBB EN 1272,7,Wiener Neustadt Hbf,Wien Meidling,AT,30,20,1,21,9,42.9,7,33.3,44.6,
115,ÖBB EN 1272,8,Wien Meidling,Wien Hbf,AT,7,3,1,4,3,,1,25.0,3.5,leg_too_short
115,ÖBB EN 1272,9,Wien Hbf,Wien Hbf (Autoreisezuganlage),,6,0,0,0,6,,0,,0.0,zero_routed_time
116,PKP/ČD EN 40406,1,München Hbf,München Ost,DE,,13,0,13,,,6,46.2,6.9,no_timetable
116,PKP/ČD EN 40406,2,München Ost,Rosenheim,DE,,30,1,31,,,16,51.6,55.0,no_timetable
116,PKP/ČD EN 40406,3,Rosenheim,Salzburg Hbf,AT+DE,,50,1,51,,,24,47.1,88.2,no_timetable
116,PKP/ČD EN 40406,4,Salzburg Hbf,Attnang-Puchheim,AT,,41,1,42,,,14,33.3,69.9,no_timetable
116,PKP/ČD EN 40406,5,Attnang-Puchheim,Linz Hbf,AT,,23,1,24,,,8,33.3,54.2,no_timetable
116,PKP/ČD EN 40406,6,Linz Hbf,St. Pölten Hbf,AT,,46,2,48,,,17,35.4,122.8,no_timetable
116,PKP/ČD EN 40406,7,St. Pölten Hbf,Wien Meidling,AT,,40,1,41,,,14,34.1,62.5,no_timetable
116,PKP/ČD EN 40406,8,Wien Meidling,Wien Hbf,AT,,3,1,4,,,1,25.0,3.5,no_timetable
116,PKP/ČD EN 40406,9,Wien Hbf,Břeclav,AT+CZ,,52,1,53,,,19,35.8,89.3,no_timetable
116,PKP/ČD EN 40406,10,Břeclav,Katowice,CZ+PL,252,147,1,148,104,70.3,60,40.5,284.5,
116,PKP/ČD EN 40406,11,Katowice,Sosnowiec Główny,PL,17,21,0,21,-4,-19.0,8,38.1,10.9,router_slower_than_reality
116,PKP/ČD EN 40406,12,Sosnowiec Główny,Zawiercie,PL,29,68,1,69,-40,-58.0,27,39.1,71.7,router_slower_than_reality
116,PKP/ČD EN 40406,13,Zawiercie,Włoszczowa Północ,PL,35,29,1,30,5,16.7,13,43.3,69.5,
116,PKP/ČD EN 40406,14,Włoszczowa Północ,Warszawa Zachodnia,PL,77,75,1,76,1,1.3,31,40.8,179.9,
116,PKP/ČD EN 40406,15,Warszawa Zachodnia,Warszawa Centralna,PL,6,34,1,35,-29,-82.9,14,40.0,34.5,router_slower_than_reality
116,PKP/ČD EN 40406,16,Warszawa Centralna,Warszawa Wschodnia,PL,15,40,1,41,-26,-63.4,16,39.0,41.8,router_slower_than_reality
117,HŽPP/ÖBB EN 40414,1,Zagreb Gl. K.,Ljubljana,HR+SI,,109,1,110,,,43,39.1,141.2,no_timetable
117,HŽPP/ÖBB EN 40414,2,Ljubljana,Villach Hbf,AT+SI,,72,1,73,,,28,38.4,100.9,no_timetable
117,HŽPP/ÖBB EN 40414,3,Villach Hbf,Innsbruck Hbf,AT,272,199,1,200,72,36.0,70,35.0,298.4,
117,HŽPP/ÖBB EN 40414,4,Innsbruck Hbf,St. Anton am Arlberg,AT,85,61,1,62,23,37.1,21,33.9,98.8,
117,HŽPP/ÖBB EN 40414,5,St. Anton am Arlberg,Feldkirch,AT,72,41,1,42,30,71.4,14,33.3,57.1,
117,HŽPP/ÖBB EN 40414,6,Feldkirch,Buchs (SG),AT+CH,34,20,1,21,13,61.9,4,19.0,20.8,
117,HŽPP/ÖBB EN 40414,7,Buchs (SG),Zürich HB,CH,85,70,1,71,14,19.7,21,29.6,112.4,
118,PKP/ČD EN 40416,1,München Hbf,München Ost,DE,,13,0,13,,,6,46.2,6.9,no_timetable
118,PKP/ČD EN 40416,2,München Ost,Rosenheim,DE,,30,1,31,,,16,51.6,55.0,no_timetable
118,PKP/ČD EN 40416,3,Rosenheim,Salzburg Hbf,AT+DE,,50,1,51,,,24,47.1,88.2,no_timetable
118,PKP/ČD EN 40416,4,Salzburg Hbf,Attnang-Puchheim,AT,,41,1,42,,,14,33.3,69.9,no_timetable
118,PKP/ČD EN 40416,5,Attnang-Puchheim,Linz Hbf,AT,,23,1,24,,,8,33.3,54.2,no_timetable
118,PKP/ČD EN 40416,6,Linz Hbf,St. Pölten Hbf,AT,,46,2,48,,,17,35.4,122.8,no_timetable
118,PKP/ČD EN 40416,7,St. Pölten Hbf,Wien Meidling,AT,,40,1,41,,,14,34.1,62.5,no_timetable
118,PKP/ČD EN 40416,8,Wien Meidling,Wien Hbf,AT,,3,1,4,,,1,25.0,3.5,no_timetable
118,PKP/ČD EN 40416,9,Wien Hbf,Břeclav,AT+CZ,,52,1,53,,,19,35.8,89.3,no_timetable
118,PKP/ČD EN 40416,10,Břeclav,Gliwice,CZ+PL,269,149,1,150,119,79.3,60,40.0,281.3,
118,PKP/ČD EN 40416,11,Gliwice,Zabrze,PL,21,5,1,6,15,,2,33.3,8.1,leg_too_short
118,PKP/ČD EN 40416,12,Zabrze,Katowice,PL,22,12,1,13,9,69.2,5,38.5,18.4,
118,PKP/ČD EN 40416,13,Katowice,Mysłowice,PL,15,34,0,34,-19,-55.9,14,41.2,24.1,router_slower_than_reality
118,PKP/ČD EN 40416,14,Mysłowice,Jaworzno Szczakowa,PL,10,8,1,9,1,,3,33.3,13.2,leg_too_short
118,PKP/ČD EN 40416,15,Jaworzno Szczakowa,Trzebinia,PL,9,7,1,8,1,,4,50.0,15.7,leg_too_short
118,PKP/ČD EN 40416,16,Trzebinia,Krzeszowice,PL,9,6,1,7,2,,3,42.9,13.4,leg_too_short
118,PKP/ČD EN 40416,17,Krzeszowice,Kraków Gł.,PL,16,13,1,14,2,14.3,5,35.7,25.4,
118,PKP/ČD EN 40416,18,Kraków Gł.,Tarnow,PL,63,34,1,35,28,80.0,15,42.9,77.4,
118,PKP/ČD EN 40416,19,Tarnow,Dębica,PL,18,14,1,15,3,20.0,7,46.7,33.3,
118,PKP/ČD EN 40416,20,Dębica,Rzeszow Gł.,PL,28,20,1,21,7,33.3,9,42.9,46.4,
118,PKP/ČD EN 40416,21,Rzeszow Gł.,Przeworsk,PL,28,22,1,23,5,21.7,9,39.1,36.7,
118,PKP/ČD EN 40416,22,Przeworsk,Jarosław,PL,11,9,1,10,1,10.0,4,40.0,14.8,
118,PKP/ČD EN 40416,23,Jarosław,Przemyśl Gł.,PL,28,22,1,23,5,21.7,9,39.1,35.1,
119,SNCF IC Nuit 3754,1,Rodez,Figeac,FR,,57,1,58,,,23,39.7,72.6,no_timetable
119,SNCF IC Nuit 3754,2,Figeac,St-Denis-lès-Martel,FR,,46,1,47,,,18,38.3,63.2,no_timetable
119,SNCF IC Nuit 3754,3,St-Denis-lès-Martel,Paris Austerlitz,FR,522,244,1,245,277,113.1,98,40.0,526.3,
12,CFR IC 472,1,București Nord,Ploiești Vest,,,,0,,,,,,,routing_failed
12,CFR IC 472,2,Ploiești Vest,Brașov,,,,0,,,,,,,routing_failed
12,CFR IC 472,3,Brașov,Sibiu,,,,0,,,,,,,routing_failed
12,CFR IC 472,4,Sibiu,Arad,,310,,0,,,,,,,routing_failed
12,CFR IC 472,5,Arad,Curtici,,65,,0,,,,,,,routing_failed
12,CFR IC 472,6,Curtici,Szolnok,,72,,0,,,,,,,routing_failed
12,CFR IC 472,7,Szolnok,Budapest Keleti,,82,,0,,,,,,,routing_failed
120,ČD EN 40458,1,Praha hl.n.,Praha-Holešovice,CZ,,6,1,7,,,2,28.6,8.0,no_timetable
120,ČD EN 40458,2,Praha-Holešovice,Ústí nad Labem hl.n.,CZ,,58,1,59,,,23,39.0,104.3,no_timetable
120,ČD EN 40458,3,Ústí nad Labem hl.n.,Děčín hl.n.,CZ,,14,1,15,,,6,40.0,22.7,no_timetable
120,ČD EN 40458,4,Děčín hl.n.,Bad Schandau,CZ+DE,,13,1,14,,,5,35.7,22.2,no_timetable
120,ČD EN 40458,5,Bad Schandau,Dresden Hbf,DE,,29,1,30,,,14,46.7,40.8,no_timetable
120,ČD EN 40458,6,Dresden Hbf,Dresden Neustadt,DE,,4,1,5,,,2,40.0,3.9,no_timetable
120,ČD EN 40458,7,Dresden Neustadt,Riesa,DE,,28,1,29,,,15,51.7,51.9,no_timetable
120,ČD EN 40458,8,Riesa,Leipzig Hbf,DE,,25,2,27,,,13,48.1,65.7,no_timetable
120,ČD EN 40458,9,Leipzig Hbf,Karlsruhe Hbf,DE,315,240,1,241,74,30.7,121,50.2,513.9,
120,ČD EN 40458,10,Karlsruhe Hbf,Baden-Baden,DE,22,14,1,15,7,46.7,8,53.3,29.0,
120,ČD EN 40458,11,Baden-Baden,Offenburg,DE,20,19,1,20,0,0.0,11,55.0,40.0,
120,ČD EN 40458,12,Offenburg,Freiburg (Breisgau) Hbf,DE,31,28,1,29,2,6.9,15,51.7,62.8,
120,ČD EN 40458,13,Freiburg (Breisgau) Hbf,Basel Bad Bf,CH+DE,39,33,1,34,5,14.7,17,50.0,61.3,
120,ČD EN 40458,14,Basel Bad Bf,Basel SBB,CH,25,4,1,5,20,,1,20.0,4.4,leg_too_short
120,ČD EN 40458,15,Basel SBB,Zürich HB,CH,104,47,1,48,56,116.7,14,29.2,89.9,
121,PKP IC 16170,1,Warszawa Wschodnia,Warszawa Centralna,PL,,39,1,40,,,16,40.0,41.8,no_timetable
121,PKP IC 16170,2,Warszawa Centralna,Warszawa Zachodnia,PL,,34,1,35,,,14,40.0,34.5,no_timetable
121,PKP IC 16170,3,Warszawa Zachodnia,Wrocław Gł.,PL,273,195,1,196,77,39.3,78,39.8,417.8,
121,PKP IC 16170,4,Wrocław Gł.,Jelenia Góra,PL,129,92,1,93,36,38.7,37,39.8,126.8,
121,PKP IC 16170,5,Jelenia Góra,Szklarska Poręba Górna,CZ+PL,60,196,0,196,-136,-69.4,79,40.3,175.2,router_slower_than_reality
122,PKP IC 38172,1,Zakopane,Kraków Gł.,PL,,113,1,114,,,45,39.5,135.8,no_timetable
122,PKP IC 38172,2,Kraków Gł.,Poznań Gł.,PL,367,214,1,215,152,70.7,86,40.0,424.2,
122,PKP IC 38172,3,Poznań Gł.,Szczecin Gł.,PL,142,96,1,97,45,46.4,38,39.2,210.0,
122,PKP IC 38172,4,Szczecin Gł.,Świnoujście,PL,97,67,1,68,29,42.6,27,39.7,111.3,
123,ZSSK R 680,1,Humenné,Strážske,SK,,6,1,7,,,2,28.6,9.6,no_timetable
123,ZSSK R 680,2,Strážske,Michalovce,SK,,8,1,9,,,3,33.3,14.3,no_timetable
123,ZSSK R 680,3,Michalovce,Bánovce nad Ondavou,SK,,6,1,7,,,2,28.6,9.7,no_timetable
123,ZSSK R 680,4,Bánovce nad Ondavou,Trebišov,SK,,8,1,9,,,3,33.3,10.7,no_timetable
123,ZSSK R 680,5,Trebišov,Košice,SK,,41,1,42,,,16,38.1,53.2,no_timetable
123,ZSSK R 680,6,Košice,Kysak,SK,,11,1,12,,,4,33.3,15.7,no_timetable
123,ZSSK R 680,7,Kysak,Margecany,SK,,24,0,24,,,10,41.7,19.2,no_timetable
123,ZSSK R 680,8,Margecany,Spišská Nová Ves,SK,,31,1,32,,,12,37.5,39.8,no_timetable
123,ZSSK R 680,9,Spišská Nová Ves,Poprad Tatry,SK,,18,1,19,,,7,36.8,26.5,no_timetable
123,ZSSK R 680,10,Poprad Tatry,Trnava,SK,232,156,1,157,75,47.8,62,39.5,291.2,
123,ZSSK R 680,11,Trnava,Bratislava-Vinohrady,SK,26,20,1,21,5,23.8,9,42.9,45.8,
123,ZSSK R 680,12,Bratislava-Vinohrady,Bratislava hl.st.,SK,9,4,1,5,4,,2,40.0,4.2,leg_too_short
124,PKP/ČD EC 460,1,Praha hl.n.,Jarosław,CZ+PL,,347,1,348,,,139,39.9,704.8,no_timetable
124,PKP/ČD EC 460,2,Jarosław,Lichkov,CZ+PL,,303,1,304,,,121,39.8,554.6,no_timetable
124,PKP/ČD EC 460,3,Lichkov,Międzylesie,CZ+PL,,7,1,8,,,3,37.5,8.4,no_timetable
124,PKP/ČD EC 460,4,Międzylesie,Kłodzko Miasto,PL,,22,1,23,,,9,39.1,34.6,no_timetable
124,PKP/ČD EC 460,5,Kłodzko Miasto,Wrocław Gł.,PL,,56,1,57,,,22,38.6,94.9,no_timetable
124,PKP/ČD EC 460,6,Wrocław Gł.,Poznań Gł.,PL,,73,1,74,,,30,40.5,164.6,no_timetable
124,PKP/ČD EC 460,7,Poznań Gł.,Gdańsk Gł.,PL,255,147,1,148,107,72.3,59,39.9,311.0,
124,PKP/ČD EC 460,8,Gdańsk Gł.,Gdynia Gł.,PL,25,12,1,13,12,92.3,5,38.5,21.0,
125,PKP TLK 35190,1,Kraków Gł.,Częstochowa,,,,0,,,,,,,routing_failed
125,PKP TLK 35190,2,Częstochowa,Łódź Kaliska,,,,0,,,,,,,routing_failed
125,PKP TLK 35190,3,Łódź Kaliska,Toruń Gł.,,,,0,,,,,,,routing_failed
125,PKP TLK 35190,4,Toruń Gł.,Gdynia Główna,,168,,0,,,,,,,routing_failed
125,PKP TLK 35190,5,Gdynia Główna,Łeba,,148,,0,,,,,,,routing_failed
126,PKP EN 430 / IC 28170,1,Przemyśl Gł.,Rzeszow Gł.,PL,,50,1,51,,,20,39.2,86.6,no_timetable
126,PKP EN 430 / IC 28170,2,Rzeszow Gł.,Tarnow,PL,,35,1,36,,,15,41.7,79.7,no_timetable
126,PKP EN 430 / IC 28170,3,Tarnow,Kraków Gł.,PL,,34,1,35,,,15,42.9,77.4,no_timetable
126,PKP EN 430 / IC 28170,4,Kraków Gł.,Katowice,PL,,57,1,58,,,23,39.7,88.0,no_timetable
126,PKP EN 430 / IC 28170,5,Katowice,Opole Gł.,PL,,57,1,58,,,23,39.7,96.9,no_timetable
126,PKP EN 430 / IC 28170,6,Opole Gł.,Wrocław Gł.,PL,,36,1,37,,,15,40.5,81.3,no_timetable
126,PKP EN 430 / IC 28170,7,Wrocław Gł.,Leszno,PL,52,43,1,44,8,18.2,18,40.9,96.1,
126,PKP EN 430 / IC 28170,8,Leszno,Poznań Gł.,PL,37,31,1,32,5,15.6,13,40.6,68.5,
126,PKP EN 430 / IC 28170,9,Poznań Gł.,Krzyz,PL,93,37,1,38,55,144.7,16,42.1,83.6,
126,PKP EN 430 / IC 28170,10,Krzyz,Szczecin Gł.,PL,74,59,1,60,14,23.3,24,40.0,126.4,
126,PKP EN 430 / IC 28170,11,Szczecin Gł.,Świnoujście,PL,85,67,1,68,17,25.0,27,39.7,111.3,
127,MÁV/PKP EN 476 / IC 406,1,Budapest Nyugati,Vac,HU,,23,1,24,,,9,37.5,33.2,no_timetable
127,MÁV/PKP EN 476 / IC 406,2,Vac,Nové Zámky,HU+SK,,54,1,55,,,21,38.2,88.0,no_timetable
127,MÁV/PKP EN 476 / IC 406,3,Nové Zámky,Bratislava hl.st.,SK,,51,1,52,,,20,38.5,90.9,no_timetable
127,MÁV/PKP EN 476 / IC 406,4,Bratislava hl.st.,Břeclav,CZ+SK,,46,1,47,,,18,38.3,82.1,no_timetable
127,MÁV/PKP EN 476 / IC 406,5,Břeclav,Katowice,CZ+PL,252,147,1,148,104,70.3,60,40.5,284.5,
127,MÁV/PKP EN 476 / IC 406,6,Katowice,Sosnowiec Główny,PL,17,21,0,21,-4,-19.0,8,38.1,10.9,router_slower_than_reality
127,MÁV/PKP EN 476 / IC 406,7,Sosnowiec Główny,Zawiercie,PL,29,68,1,69,-40,-58.0,27,39.1,71.7,router_slower_than_reality
127,MÁV/PKP EN 476 / IC 406,8,Zawiercie,Warszawa Centralna,PL,118,129,1,130,-12,-9.2,52,40.0,258.2,router_slower_than_reality
127,MÁV/PKP EN 476 / IC 406,9,Warszawa Centralna,Warszawa Wschodnia,PL,15,40,1,41,-26,-63.4,16,39.0,41.8,router_slower_than_reality
128,PKP IC 28170,1,Chelm,Lublin,PL,,41,1,42,,,16,38.1,73.3,no_timetable
128,PKP IC 28170,2,Lublin,Warszawa Centralna,PL,,120,1,121,,,48,39.7,212.0,no_timetable
128,PKP IC 28170,3,Warszawa Centralna,Łódź Widzew,PL,,81,1,82,,,32,39.0,131.5,no_timetable
128,PKP IC 28170,4,Łódź Widzew,Szczecin Gł.,PL,329,231,1,232,97,41.8,92,39.7,456.1,
128,PKP IC 28170,5,Szczecin Gł.,Świnoujście,PL,89,67,1,68,21,30.9,27,39.7,111.3,
129,PKP TLK 35170,1,Zakopane,Kraków Gł.,PL,,113,1,114,,,45,39.5,135.8,no_timetable
129,PKP TLK 35170,2,Kraków Gł.,Częstochowa,PL,,64,1,65,,,26,40.0,133.6,no_timetable
129,PKP TLK 35170,3,Częstochowa,Warszawa Centralna,PL,133,137,1,138,-5,-3.6,55,39.9,254.6,router_slower_than_reality
129,PKP TLK 35170,4,Warszawa Centralna,Ciechanow,PL,84,76,1,77,7,9.1,30,39.0,131.8,
129,PKP TLK 35170,5,Ciechanow,Tczew,PL,111,86,1,87,24,27.6,35,40.2,197.6,
129,PKP TLK 35170,6,Tczew,Gdańsk Gł.,PL,22,12,2,14,8,57.1,6,42.9,31.8,
129,PKP TLK 35170,7,Gdańsk Gł.,Gdynia Gł.,PL,27,12,1,13,14,107.7,5,38.5,21.0,
13,CFR IRN 1952,1,Suceava Nord,Suceava,RO,,4,0,4,,,2,50.0,3.1,no_timetable
13,CFR IRN 1952,2,Suceava,Bacău,RO,,91,1,92,,,36,39.1,144.3,no_timetable
13,CFR IRN 1952,3,Bacău,Buzău,RO,,116,1,117,,,46,39.3,173.7,no_timetable
13,CFR IRN 1952,4,Buzău,Constanța,RO,158,123,1,124,34,27.4,49,39.5,209.2,
13,CFR IRN 1952,5,Constanța,Mangalia,RO,94,37,1,38,56,147.4,15,39.5,42.7,
130,ŽS/ŽPCG 1130 / 432,1,Bar,Sutomore,,14,,0,,,,,,,routing_failed
130,ŽS/ŽPCG 1130 / 432,2,Sutomore,Golubovci,,28,,0,,,,,,,routing_failed
130,ŽS/ŽPCG 1130 / 432,3,Golubovci,Podgorica,,11,,0,,,,,,,routing_failed
130,ŽS/ŽPCG 1130 / 432,4,Podgorica,Kolašin,,76,,0,,,,,,,routing_failed
130,ŽS/ŽPCG 1130 / 432,5,Kolašin,Mojkovac,,17,,0,,,,,,,routing_failed
130,ŽS/ŽPCG 1130 / 432,6,Mojkovac,Bijelo Polje,,25,,0,,,,,,,routing_failed
130,ŽS/ŽPCG 1130 / 432,7,Bijelo Polje,Prijepolje Teretna,,54,,0,,,,,,,routing_failed
130,ŽS/ŽPCG 1130 / 432,8,Prijepolje Teretna,Prijepolje,,5,,0,,,,,,,routing_failed
130,ŽS/ŽPCG 1130 / 432,9,Prijepolje,Kosjerić,,226,,0,,,,,,,routing_failed
130,ŽS/ŽPCG 1130 / 432,10,Kosjerić,Valjevo,,55,,0,,,,,,,routing_failed
130,ŽS/ŽPCG 1130 / 432,11,Valjevo,Lajkovac,,20,,0,,,,,,,routing_failed
130,ŽS/ŽPCG 1130 / 432,12,Lajkovac,Lazarevac,,6,,0,,,,,,,routing_failed
130,ŽS/ŽPCG 1130 / 432,13,Lazarevac,Rakovica,,40,,0,,,,,,,routing_failed
130,ŽS/ŽPCG 1130 / 432,14,Rakovica,Beograd Centar,,8,,0,,,,,,,routing_failed
130,ŽS/ŽPCG 1130 / 432,15,Beograd Centar,Zemun,,7,,0,,,,,,,routing_failed
131,BDŽ ICF 8656,1,Varna,Beloslav,,,,0,,,,,,,routing_failed
131,BDŽ ICF 8656,2,Beloslav,Sindel,,,,0,,,,,,,routing_failed
131,BDŽ ICF 8656,3,Sindel,Dalgopol,,,,0,,,,,,,routing_failed
131,BDŽ ICF 8656,4,Dalgopol,Komunari,,,,0,,,,,,,routing_failed
131,BDŽ ICF 8656,5,Komunari,Dimitrovgrad,,222,,0,,,,,,,routing_failed
131,BDŽ ICF 8656,6,Dimitrovgrad,Yabalkovo,,1438,,0,,,,,,,routing_failed
131,BDŽ ICF 8656,7,Yabalkovo,Parvomai,,2,,0,,,,,,,routing_failed
131,BDŽ ICF 8656,8,Parvomai,Popovitsa,,10,,0,,,,,,,routing_failed
131,BDŽ ICF 8656,9,Popovitsa,Cheshnegirovo,,6,,0,,,,,,,routing_failed
131,BDŽ ICF 8656,10,Cheshnegirovo,Sadovo,,4,,0,,,,,,,routing_failed
131,BDŽ ICF 8656,11,Sadovo,Katunitsa,,6,,0,,,,,,,routing_failed
131,BDŽ ICF 8656,12,Katunitsa,Krumovo,,7,,0,,,,,,,routing_failed
131,BDŽ ICF 8656,13,Krumovo,Plovdiv,,14,,0,,,,,,,routing_failed
131,BDŽ ICF 8656,14,Plovdiv,Proslav,,9,,0,,,,,,,routing_failed
131,BDŽ ICF 8656,15,Proslav,Todor Kableshkov,,4,,0,,,,,,,routing_failed
131,BDŽ ICF 8656,16,Todor Kableshkov,Kadievo,,4,,0,,,,,,,routing_failed
131,BDŽ ICF 8656,17,Kadievo,Stambolijski,,5,,0,,,,,,,routing_failed
131,BDŽ ICF 8656,18,Stambolijski,Pazardzhik,,12,,0,,,,,,,routing_failed
131,BDŽ ICF 8656,19,Pazardzhik,Septemvri,,10,,0,,,,,,,routing_failed
131,BDŽ ICF 8656,20,Septemvri,Belovo,,12,,0,,,,,,,routing_failed
131,BDŽ ICF 8656,21,Belovo,Kostenets,,25,,0,,,,,,,routing_failed
131,BDŽ ICF 8656,22,Kostenets,Ihtiman,,26,,0,,,,,,,routing_failed
131,BDŽ ICF 8656,23,Ihtiman,Vakarel,,24,,0,,,,,,,routing_failed
131,BDŽ ICF 8656,24,Vakarel,Elin Pelin,,19,,0,,,,,,,routing_failed
131,BDŽ ICF 8656,25,Elin Pelin,Kazichene,,12,,0,,,,,,,routing_failed
131,BDŽ ICF 8656,26,Kazichene,Iskar,,7,,0,,,,,,,routing_failed
131,BDŽ ICF 8656,27,Iskar,Poduiane,,12,,0,,,,,,,routing_failed
131,BDŽ ICF 8656,28,Poduiane,Sofia,,7,,0,,,,,,,routing_failed
133,BDŽ ICF 2626,1,Varna,Beloslav,,17,,0,,,,,,,routing_failed
133,BDŽ ICF 2626,2,Beloslav,Poveljanovo,,5,,0,,,,,,,routing_failed
133,BDŽ ICF 2626,3,Poveljanovo,Sindel,,7,,0,,,,,,,routing_failed
133,BDŽ ICF 2626,4,Sindel,Dobrina,,19,,0,,,,,,,routing_failed
133,BDŽ ICF 2626,5,Dobrina,Provadiya,,4,,0,,,,,,,routing_failed
133,BDŽ ICF 2626,6,Provadiya,Kaspichan,,22,,0,,,,,,,routing_failed
133,BDŽ ICF 2626,7,Kaspichan,Shumen,,18,,0,,,,,,,routing_failed
133,BDŽ ICF 2626,8,Shumen,Targovishte,,29,,0,,,,,,,routing_failed
133,BDŽ ICF 2626,9,Targovishte,Popovo,,26,,0,,,,,,,routing_failed
133,BDŽ ICF 2626,10,Popovo,Strazhitsa,,26,,0,,,,,,,routing_failed
133,BDŽ ICF 2626,11,Strazhitsa,Gorna Oryahovitsa,,20,,0,,,,,,,routing_failed
133,BDŽ ICF 2626,12,Gorna Oryahovitsa,Zverino,,165,,0,,,,,,,routing_failed
133,BDŽ ICF 2626,13,Zverino,Svoge,,33,,0,,,,,,,routing_failed
133,BDŽ ICF 2626,14,Svoge,Kurilo,,22,,0,,,,,,,routing_failed
133,BDŽ ICF 2626,15,Kurilo,Sofia Sever,,12,,0,,,,,,,routing_failed
133,BDŽ ICF 2626,16,Sofia Sever,Sofia,,4,,0,,,,,,,routing_failed
134,BDŽ ICF 8626,1,Burgas,Vladimir Pavlov,,4,,0,,,,,,,routing_failed
134,BDŽ ICF 8626,2,Vladimir Pavlov,Aytos,,17,,0,,,,,,,routing_failed
134,BDŽ ICF 8626,3,Aytos,Karnobat,,16,,0,,,,,,,routing_failed
134,BDŽ ICF 8626,4,Karnobat,Straldzha,,14,,0,,,,,,,routing_failed
134,BDŽ ICF 8626,5,Straldzha,Zimnitsa,,6,,0,,,,,,,routing_failed
134,BDŽ ICF 8626,6,Zimnitsa,Jambol,,11,,0,,,,,,,routing_failed
134,BDŽ ICF 8626,7,Jambol,Nova Zagora,,25,,0,,,,,,,routing_failed
134,BDŽ ICF 8626,8,Nova Zagora,Stara Zagora,,20,,0,,,,,,,routing_failed
134,BDŽ ICF 8626,9,Stara Zagora,Elin Pelin,,241,,0,,,,,,,routing_failed
134,BDŽ ICF 8626,10,Elin Pelin,Kazichene,,13,,0,,,,,,,routing_failed
134,BDŽ ICF 8626,11,Kazichene,Iskar,,8,,0,,,,,,,routing_failed
134,BDŽ ICF 8626,12,Iskar,Poduiane Patnicheska,,1429,,0,,,,,,,routing_failed
134,BDŽ ICF 8626,13,Poduiane Patnicheska,Sofia,,33,,0,,,,,,,routing_failed
135,BDŽ ICF 9646,1,Silistra,Alfatar,,44,,0,,,,,,,routing_failed
135,BDŽ ICF 9646,2,Alfatar,Dulovo,,36,,0,,,,,,,routing_failed
135,BDŽ ICF 9646,3,Dulovo,Todorovo,,28,,0,,,,,,,routing_failed
135,BDŽ ICF 9646,4,Todorovo,Isperih,,13,,0,,,,,,,routing_failed
135,BDŽ ICF 9646,5,Isperih,Samuil,,31,,0,,,,,,,routing_failed
135,BDŽ ICF 9646,6,Samuil,Razgrad,,43,,0,,,,,,,routing_failed
135,BDŽ ICF 9646,7,Razgrad,Senovo,,16,,0,,,,,,,routing_failed
135,BDŽ ICF 9646,8,Senovo,Vetovo,,13,,0,,,,,,,routing_failed
135,BDŽ ICF 9646,9,Vetovo,Ruse Razpredelitel,,31,,0,,,,,,,routing_failed
135,BDŽ ICF 9646,10,Ruse Razpredelitel,Ruse Tovarna,,3,,0,,,,,,,routing_failed
135,BDŽ ICF 9646,11,Ruse Tovarna,Ruse,,4,,0,,,,,,,routing_failed
135,BDŽ ICF 9646,12,Ruse,Ivanovo,,22,,0,,,,,,,routing_failed
135,BDŽ ICF 9646,13,Ivanovo,Dve Mogili,,16,,0,,,,,,,routing_failed
135,BDŽ ICF 9646,14,Dve Mogili,Borovo,,14,,0,,,,,,,routing_failed
135,BDŽ ICF 9646,15,Borovo,Byala,,20,,0,,,,,,,routing_failed
135,BDŽ ICF 9646,16,Byala,Polski Trambesh,,14,,0,,,,,,,routing_failed
135,BDŽ ICF 9646,17,Polski Trambesh,Petko Karavelovo,,9,,0,,,,,,,routing_failed
135,BDŽ ICF 9646,18,Petko Karavelovo,Gorna Oryahovitsa,,22,,0,,,,,,,routing_failed
135,BDŽ ICF 9646,19,Gorna Oryahovitsa,Zverino,,163,,0,,,,,,,routing_failed
135,BDŽ ICF 9646,20,Zverino,Lakatnik,,20,,0,,,,,,,routing_failed
135,BDŽ ICF 9646,21,Lakatnik,Svoge,,17,,0,,,,,,,routing_failed
135,BDŽ ICF 9646,22,Svoge,Kurilo,,22,,0,,,,,,,routing_failed
135,BDŽ ICF 9646,23,Kurilo,Sofia Sever,,12,,0,,,,,,,routing_failed
135,BDŽ ICF 9646,24,Sofia Sever,Sofia,,4,,0,,,,,,,routing_failed
136,PKP TLK 48190,1,Bielsko-Biała Główna,Żory,PL,,34,1,35,,,14,40.0,48.1,no_timetable
136,PKP TLK 48190,2,Żory,Rybnik,PL,,14,1,15,,,6,40.0,15.2,no_timetable
136,PKP TLK 48190,3,Rybnik,Opole Główne,PL,,50,1,51,,,20,39.2,85.2,no_timetable
136,PKP TLK 48190,4,Opole Główne,Kołobrzeg,PL,438,267,1,268,170,63.4,107,39.9,564.0,
137,PKP TLK 48190/38194,1,Bielsko-Biała Gł.,Rybnik,PL,,46,1,47,,,18,38.3,61.9,no_timetable
137,PKP TLK 48190/38194,2,Rybnik,Opole Gł.,PL,,47,1,48,,,19,39.6,84.6,no_timetable
137,PKP TLK 48190/38194,3,Opole Gł.,Kostrzyn,PL,298,198,1,199,99,49.7,79,39.7,339.1,
137,PKP TLK 48190/38194,4,Kostrzyn,Szczecin Gł.,PL,74,65,1,66,8,12.1,26,39.4,101.0,
137,PKP TLK 48190/38194,5,Szczecin Gł.,Świnoujście,PL,87,67,1,68,19,27.9,27,39.7,111.3,
138,PKP TLK 38170,1,Kraków Gł.,Kielce,PL,,82,1,83,,,33,39.8,131.7,no_timetable
138,PKP TLK 38170,2,Kielce,Radom,PL,,55,1,56,,,22,39.3,84.6,no_timetable
138,PKP TLK 38170,3,Radom,Gdańsk Gł.,PL,315,188,1,189,126,66.7,76,40.2,426.3,
138,PKP TLK 38170,4,Gdańsk Gł.,Gdynia Gł.,PL,28,12,1,13,15,115.4,5,38.5,21.0,
138,PKP TLK 38170,5,Gdynia Gł.,Słupsk,PL,184,211,1,212,-28,-13.2,84,39.6,309.3,router_slower_than_reality
138,PKP TLK 38170,6,Słupsk,Koszalin,PL,33,37,1,38,-5,-13.2,15,39.5,66.9,router_slower_than_reality
138,PKP TLK 38170,7,Koszalin,Kołobrzeg,PL,56,33,1,34,22,64.7,13,38.2,42.2,
14,CFR IRN 1744/IRN 79,1,Oradea,Arad,RO,,117,1,118,,,47,39.8,121.4,no_timetable
14,CFR IRN 1744/IRN 79,2,Arad,Timişoara Nord,RO,,78,0,78,,,31,39.7,58.8,no_timetable
14,CFR IRN 1744/IRN 79,3,Timişoara Nord,Craiova,RO,407,266,1,267,140,52.4,106,39.7,329.4,
14,CFR IRN 1744/IRN 79,4,Craiova,București Nord,RO,234,144,1,145,89,61.4,58,40.0,207.7,
140,UZ 051,1,Kyiv Pasazhyrskyi,Lviv,,,,0,,,,,,,routing_failed
140,UZ 051,2,Lviv,Przemyśl Gł.,,116,,0,,,,,,,routing_failed
141,UZ 101,1,Lozova,Poltava,,,,0,,,,,,,routing_failed
141,UZ 101,2,Poltava,Myrhorod,,,,0,,,,,,,routing_failed
141,UZ 101,3,Myrhorod,Lubny,,,,0,,,,,,,routing_failed
141,UZ 101,4,Lubny,Kyiv Pasazhyrskyi,,,,0,,,,,,,routing_failed
141,UZ 101,5,Kyiv Pasazhyrskyi,Im.Tarasa Shevchenka,,,,0,,,,,,,routing_failed
141,UZ 101,6,Im.Tarasa Shevchenka,Mykolaiv,,326,,0,,,,,,,routing_failed
142,BDŽ ICF 2636,1,Dobrich,Donchevo,,7,,0,,,,,,,routing_failed
142,BDŽ ICF 2636,2,Donchevo,Botevo,,9,,0,,,,,,,routing_failed
142,BDŽ ICF 2636,3,Botevo,Oborishte,,7,,0,,,,,,,routing_failed
142,BDŽ ICF 2636,4,Oborishte,General Kiselovo,,7,,0,,,,,,,routing_failed
142,BDŽ ICF 2636,5,General Kiselovo,Valchi Dol,,7,,0,,,,,,,routing_failed
142,BDŽ ICF 2636,6,Valchi Dol,Suvorovo,,11,,0,,,,,,,routing_failed
142,BDŽ ICF 2636,7,Suvorovo,Chernevo,,5,,0,,,,,,,routing_failed
142,BDŽ ICF 2636,8,Chernevo,Kipra,,3,,0,,,,,,,routing_failed
142,BDŽ ICF 2636,9,Kipra,Devnya,,6,,0,,,,,,,routing_failed
142,BDŽ ICF 2636,10,Devnya,Poveljanovo,,9,,0,,,,,,,routing_failed
142,BDŽ ICF 2636,11,Poveljanovo,Zverino,,362,,0,,,,,,,routing_failed
142,BDŽ ICF 2636,12,Zverino,Svoge,,37,,0,,,,,,,routing_failed
142,BDŽ ICF 2636,13,Svoge,Kurilo,,22,,0,,,,,,,routing_failed
142,BDŽ ICF 2636,14,Kurilo,Sofia Sever,,12,,0,,,,,,,routing_failed
142,BDŽ ICF 2636,15,Sofia Sever,Sofia,,4,,0,,,,,,,routing_failed
147,UZ 036 L,1,Przemyśl Gł.,Lviv,,,,0,,,,,,,routing_failed
147,UZ 036 L,2,Lviv,Lviv Pidzamche,,,,0,,,,,,,routing_failed
147,UZ 036 L,3,Lviv Pidzamche,Ternopil,,103,,0,,,,,,,routing_failed
147,UZ 036 L,4,Ternopil,Khmelnytskyi,,103,,0,,,,,,,routing_failed
147,UZ 036 L,5,Khmelnytskyi,Zhmerynka,,89,,0,,,,,,,routing_failed
147,UZ 036 L,6,Zhmerynka,Podilsk,,180,,0,,,,,,,routing_failed
147,UZ 036 L,7,Podilsk,Odesa Holovna,,157,,0,,,,,,,routing_failed
149,UZ 041,1,Dnipro Holovny,Oleksandriia,,,,0,,,,,,,routing_failed
149,UZ 041,2,Oleksandriia,Vinnytsia,,,,0,,,,,,,routing_failed
149,UZ 041,3,Vinnytsia,Khmelnytskyi,,118,,0,,,,,,,routing_failed
149,UZ 041,4,Khmelnytskyi,Ternopil,,125,,0,,,,,,,routing_failed
149,UZ 041,5,Ternopil,Lviv,,141,,0,,,,,,,routing_failed
149,UZ 041,6,Lviv,Truskavets,,153,,0,,,,,,,routing_failed
15,CFR IRN 1763,1,Iași,Suceava,,,,0,,,,,,,routing_failed
15,CFR IRN 1763,2,Suceava,Câmpulung Moldovenesc,,,,0,,,,,,,routing_failed
15,CFR IRN 1763,3,Câmpulung Moldovenesc,Vatra Dornei,,,,0,,,,,,,routing_failed
15,CFR IRN 1763,4,Vatra Dornei,Beclean pe Somes,,,,0,,,,,,,routing_failed
15,CFR IRN 1763,5,Beclean pe Somes,Dej,,,,0,,,,,,,routing_failed
15,CFR IRN 1763,6,Dej,Cluj-Napoca,,,,0,,,,,,,routing_failed
15,CFR IRN 1763,7,Cluj-Napoca,Deva,,203,,0,,,,,,,routing_failed
15,CFR IRN 1763,8,Deva,Arad,,141,,0,,,,,,,routing_failed
15,CFR IRN 1763,9,Arad,Timişoara Nord,,154,,0,,,,,,,routing_failed
150,UZ 015,1,Kharkiv,Poltava,,,,0,,,,,,,routing_failed
150,UZ 015,2,Poltava,Myrhorod,,,,0,,,,,,,routing_failed
150,UZ 015,3,Myrhorod,Lubny,,,,0,,,,,,,routing_failed
150,UZ 015,4,Lubny,Kyiv Pasazhyrskyi,,,,0,,,,,,,routing_failed
150,UZ 015,5,Kyiv Pasazhyrskyi,Lviv,,437,,0,,,,,,,routing_failed
150,UZ 015,6,Lviv,Ivano-Frankivsk,,160,,0,,,,,,,routing_failed
150,UZ 015,7,Ivano-Frankivsk,Vorokhta,,123,,0,,,,,,,routing_failed
151,UZ 123,1,Kharkiv,Poltava,,,,0,,,,,,,routing_failed
151,UZ 123,2,Poltava,Myrhorod,,,,0,,,,,,,routing_failed
151,UZ 123,3,Myrhorod,Lubny,,,,0,,,,,,,routing_failed
151,UZ 123,4,Lubny,Kyiv Pasazhyrskyi,,134,,0,,,,,,,routing_failed
151,UZ 123,5,Kyiv Pasazhyrskyi,Lviv,,457,,0,,,,,,,routing_failed
151,UZ 123,6,Lviv,Ivano-Frankivsk,,148,,0,,,,,,,routing_failed
151,UZ 123,7,Ivano-Frankivsk,Chernivtsi,,156,,0,,,,,,,routing_failed
152,UZ 023,1,Kyiv Pasazhyrskyi,Kovel,,396,,0,,,,,,,routing_failed
152,UZ 023,2,Kovel,Chelm,,242,,0,,,,,,,routing_failed
153,UZ 019,1,Kyiv Pasazhyrskyi,Kovel,,,,0,,,,,,,routing_failed
153,UZ 019,2,Kovel,Chelm,,188,,0,,,,,,,routing_failed
154,UZ 007 O/059 O,1,Kharkiv,Poltava,,,,0,,,,,,,routing_failed
154,UZ 007 O/059 O,2,Poltava,Kremenchuk,,,,0,,,,,,,routing_failed
154,UZ 007 O/059 O,3,Kremenchuk,Kropyvnytskyi,,121,,0,,,,,,,routing_failed
154,UZ 007 O/059 O,4,Kropyvnytskyi,Voznesens'k,,129,,0,,,,,,,routing_failed
154,UZ 007 O/059 O,5,Voznesens'k,Odesa Holovna,,151,,0,,,,,,,routing_failed
155,UZ 032 D,1,Przemyśl Gł.,Lviv,,,,0,,,,,,,routing_failed
155,UZ 032 D,2,Lviv,Oleksandriia,,638,,0,,,,,,,routing_failed
155,UZ 032 D,3,Oleksandriia,Dnipro Holovny,,167,,0,,,,,,,routing_failed
155,UZ 032 D,4,Dnipro Holovny,Zaporizhzhia 1,,149,,0,,,,,,,routing_failed
156,UZ 021,1,Kharkiv,Poltava,,,,0,,,,,,,routing_failed
156,UZ 021,2,Poltava,Myrhorod,,,,0,,,,,,,routing_failed
156,UZ 021,3,Myrhorod,Lubny,,,,0,,,,,,,routing_failed
156,UZ 021,4,Lubny,Kyiv Pasazhyrskyi,,128,,0,,,,,,,routing_failed
156,UZ 021,5,Kyiv Pasazhyrskyi,Kozyatyn,,144,,0,,,,,,,routing_failed
156,UZ 021,6,Kozyatyn,Vinnytsia,,49,,0,,,,,,,routing_failed
156,UZ 021,7,Vinnytsia,Khmelnytskyi,,112,,0,,,,,,,routing_failed
156,UZ 021,8,Khmelnytskyi,Ternopil,,102,,0,,,,,,,routing_failed
156,UZ 021,9,Ternopil,Lviv,,124,,0,,,,,,,routing_failed
158,UZ 103,1,Lozova,Poltava,,,,0,,,,,,,routing_failed
158,UZ 103,2,Poltava,Myrhorod,,,,0,,,,,,,routing_failed
158,UZ 103,3,Myrhorod,Kyiv Pasazhyrskyi,,,,0,,,,,,,routing_failed
158,UZ 103,4,Kyiv Pasazhyrskyi,Kozyatyn,,185,,0,,,,,,,routing_failed
158,UZ 103,5,Kozyatyn,Vinnytsia,,59,,0,,,,,,,routing_failed
158,UZ 103,6,Vinnytsia,Khmelnytskyi,,147,,0,,,,,,,routing_failed
158,UZ 103,7,Khmelnytskyi,Ternopil,,117,,0,,,,,,,routing_failed
158,UZ 103,8,Ternopil,Lviv,,133,,0,,,,,,,routing_failed
16,CFR/MÁV IRN / IC 78,1,București Nord,Craiova,RO,238,144,1,145,93,64.1,58,40.0,207.7,
16,CFR/MÁV IRN / IC 78,2,Craiova,Timişoara Nord,RO,414,266,1,267,147,55.1,106,39.7,329.4,
16,CFR/MÁV IRN / IC 78,3,Timişoara Nord,Arad,RO,92,78,0,78,14,17.9,31,39.7,58.8,
16,CFR/MÁV IRN / IC 78,4,Arad,Curtici,RO,12,11,1,12,0,0.0,4,33.3,17.1,
16,CFR/MÁV IRN / IC 78,5,Curtici,Lőkösháza,HU+RO,1390,6,1,7,1383,,3,42.9,11.0,leg_too_short
16,CFR/MÁV IRN / IC 78,6,Lőkösháza,Szolnok,HU,94,72,1,73,21,28.8,29,39.7,124.1,
16,CFR/MÁV IRN / IC 78,7,Szolnok,Budapest Keleti,HU,81,65,1,66,15,22.7,26,39.4,99.2,
161,UZ 063,1,Kharkiv,Poltava,,,,0,,,,,,,routing_failed
161,UZ 063,2,Poltava,Myrhorod,,83,,0,,,,,,,routing_failed
161,UZ 063,3,Myrhorod,Kyiv Pasazhyrskyi,,212,,0,,,,,,,routing_failed
161,UZ 063,4,Kyiv Pasazhyrskyi,Lviv,,472,,0,,,,,,,routing_failed
161,UZ 063,5,Lviv,Przemyśl Gł.,,149,,0,,,,,,,routing_failed
162,UZ 017 L/045 L,1,Uzhhorod,Mukacheve,,,,0,,,,,,,routing_failed
162,UZ 017 L/045 L,2,Mukacheve,Stryj,,,,0,,,,,,,routing_failed
162,UZ 017 L/045 L,3,Stryj,Lviv,,,,0,,,,,,,routing_failed
162,UZ 017 L/045 L,4,Lviv,Kyiv Pasazhyrskyi,,,,0,,,,,,,routing_failed
162,UZ 017 L/045 L,5,Kyiv Pasazhyrskyi,Lubny,,128,,0,,,,,,,routing_failed
162,UZ 017 L/045 L,6,Lubny,Myrhorod,,50,,0,,,,,,,routing_failed
162,UZ 017 L/045 L,7,Myrhorod,Poltava,,71,,0,,,,,,,routing_failed
162,UZ 017 L/045 L,8,Poltava,Kharkiv,,158,,0,,,,,,,routing_failed
164,UZ 001 D,1,Kharkiv,Poltava,,,,0,,,,,,,routing_failed
164,UZ 001 D,2,Poltava,Myrhorod,,,,0,,,,,,,routing_failed
164,UZ 001 D,3,Myrhorod,Lubny,,,,0,,,,,,,routing_failed
164,UZ 001 D,4,Lubny,Kyiv Pasazhyrskyi,,,,0,,,,,,,routing_failed
164,UZ 001 D,5,Kyiv Pasazhyrskyi,Lviv,,441,,0,,,,,,,routing_failed
164,UZ 001 D,6,Lviv,Ivano-Frankivsk,,144,,0,,,,,,,routing_failed
166,UZ 141,1,Ivano-Frankivsk,Lviv,,,,0,,,,,,,routing_failed
166,UZ 141,2,Lviv,Ternopil,,110,,0,,,,,,,routing_failed
166,UZ 141,3,Ternopil,Khmelnytskyi,,100,,0,,,,,,,routing_failed
166,UZ 141,4,Khmelnytskyi,Vinnytsia,,127,,0,,,,,,,routing_failed
166,UZ 141,5,Vinnytsia,Kozyatyn,,83,,0,,,,,,,routing_failed
166,UZ 141,6,Kozyatyn,Fastiv,,93,,0,,,,,,,routing_failed
166,UZ 141,7,Fastiv,Kyiv Pasazhyrskyi,,61,,0,,,,,,,routing_failed
166,UZ 141,8,Kyiv Pasazhyrskyi,Chernihiv,,194,,0,,,,,,,routing_failed
167,UZ 261,1,Dnipro Holovny,Oleksandriia,,,,0,,,,,,,routing_failed
167,UZ 261,2,Oleksandriia,Im.Tarasa Shevchenka,,,,0,,,,,,,routing_failed
167,UZ 261,3,Im.Tarasa Shevchenka,Bila Tserkva,,,,0,,,,,,,routing_failed
167,UZ 261,4,Bila Tserkva,Lviv,,412,,0,,,,,,,routing_failed
167,UZ 261,5,Lviv,Ivano-Frankivsk,,141,,0,,,,,,,routing_failed
167,UZ 261,6,Ivano-Frankivsk,Chernivtsi,,887,,0,,,,,,,routing_failed
168,UZ 007 K,1,Kyiv Pasazhyrskyi,Lviv,,413,,0,,,,,,,routing_failed
168,UZ 007 K,2,Lviv,Ivano-Frankivsk,,118,,0,,,,,,,routing_failed
168,UZ 007 K,3,Ivano-Frankivsk,Chernivtsi,,132,,0,,,,,,,routing_failed
17,ÖBB NJ 492,1,Wien Hbf,Wien Meidling,AT,8,3,1,4,4,,1,25.0,3.5,leg_too_short
17,ÖBB NJ 492,2,Wien Meidling,St. Pölten Hbf,AT,26,40,1,41,-15,-36.6,14,34.1,62.5,router_slower_than_reality
17,ÖBB NJ 492,3,St. Pölten Hbf,Linz Hbf,AT,48,46,2,48,0,0.0,17,35.4,122.8,
17,ÖBB NJ 492,4,Linz Hbf,Salzburg Hbf,AT,68,63,1,64,4,6.2,22,34.4,124.2,
17,ÖBB NJ 492,5,Salzburg Hbf,München Ost,AT+DE,116,76,1,77,39,50.6,38,49.4,146.8,
17,ÖBB NJ 492,6,München Ost,Nürnberg Hbf,DE,89,89,1,90,-1,-1.1,45,50.0,202.9,router_slower_than_reality
17,ÖBB NJ 492,7,Nürnberg Hbf,Würzburg Hbf,DE,59,47,1,48,11,22.9,25,52.1,101.9,
17,ÖBB NJ 492,8,Würzburg Hbf,Kassel-Wilhelmshöhe,DE,177,120,1,121,56,46.3,61,50.4,222.4,
17,ÖBB NJ 492,9,Kassel-Wilhelmshöhe,Göttingen,DE,21,40,1,41,-20,-48.8,20,48.8,67.2,router_slower_than_reality
17,ÖBB NJ 492,10,Göttingen,Hannover Hbf,DE,41,57,1,58,-17,-29.3,29,50.0,108.7,router_slower_than_reality
17,ÖBB NJ 492,11,Hannover Hbf,Hamburg Harburg,DE,82,60,2,62,20,32.3,31,50.0,166.2,
17,ÖBB NJ 492,12,Hamburg Harburg,Hamburg Hbf,DE,11,7,1,8,3,,4,50.0,11.8,leg_too_short
17,ÖBB NJ 492,13,Hamburg Hbf,Hamburg Altona,DE,14,8,0,8,6,,4,50.0,6.6,leg_too_short
170,UZ 079,1,Dnipro Holovny,Oleksandriia,,,,0,,,,,,,routing_failed
170,UZ 079,2,Oleksandriia,Kyiv Pasazhyrskyi,,285,,0,,,,,,,routing_failed
170,UZ 079,3,Kyiv Pasazhyrskyi,Lviv,,483,,0,,,,,,,routing_failed
172,UZ 076 K,1,Kyiv Pasazhyrskyi,Im.Tarasa Shevchenka,,,,0,,,,,,,routing_failed
172,UZ 076 K,2,Im.Tarasa Shevchenka,Kryvyi Rih,,268,,0,,,,,,,routing_failed
173,UZ 105,1,Kyiv Pasazhyrskyi,Kozyatyn,,,,0,,,,,,,routing_failed
173,UZ 105,2,Kozyatyn,Vinnytsia,,,,0,,,,,,,routing_failed
173,UZ 105,3,Vinnytsia,Zhmerynka,,,,0,,,,,,,routing_failed
173,UZ 105,4,Zhmerynka,Podilsk,,150,,0,,,,,,,routing_failed
173,UZ 105,5,Podilsk,Rozdil'na,,84,,0,,,,,,,routing_failed
173,UZ 105,6,Rozdil'na,Odesa Holovna,,59,,0,,,,,,,routing_failed
174,UZ 099,1,Kyiv Pasazhyrskyi,Vinnytsia,,,,0,,,,,,,routing_failed
174,UZ 099,2,Vinnytsia,Zhmerynka,,,,0,,,,,,,routing_failed
174,UZ 099,3,Zhmerynka,Nicolina,,,,0,,,,,,,routing_failed
174,UZ 099,4,Nicolina,Iași,,4,,0,,,,,,,routing_failed
174,UZ 099,5,Iași,Mizil,,344,,0,,,,,,,routing_failed
174,UZ 099,6,Mizil,Ploiești Sud,,33,,0,,,,,,,routing_failed
174,UZ 099,7,Ploiești Sud,București Nord,,48,,0,,,,,,,routing_failed
175,UZ 177 L,1,Ivano-Frankivsk,Lviv,,,,0,,,,,,,routing_failed
175,UZ 177 L,2,Lviv,Kyiv Pasazhyrskyi,,401,,0,,,,,,,routing_failed
177,UZ 143,1,Sumy,Konotop,,,,0,,,,,,,routing_failed
177,UZ 143,2,Konotop,Kyiv Pasazhyrskyi,,,,0,,,,,,,routing_failed
177,UZ 143,3,Kyiv Pasazhyrskyi,Vinnytsia,,,,0,,,,,,,routing_failed
177,UZ 143,4,Vinnytsia,Khmelnytskyi,,,,0,,,,,,,routing_failed
177,UZ 143,5,Khmelnytskyi,Ternopil,,,,0,,,,,,,routing_failed
177,UZ 143,6,Ternopil,Lviv,,125,,0,,,,,,,routing_failed
177,UZ 143,7,Lviv,Ivano-Frankivsk,,162,,0,,,,,,,routing_failed
177,UZ 143,8,Ivano-Frankivsk,Vorokhta,,166,,0,,,,,,,routing_failed
177,UZ 143,9,Vorokhta,Yasinia,,35,,0,,,,,,,routing_failed
177,UZ 143,10,Yasinia,Rakhiv,,47,,0,,,,,,,routing_failed
178,UZ 043 L,1,Ivano-Frankivsk,Kalush,,,,0,,,,,,,routing_failed
178,UZ 043 L,2,Kalush,Stryj,,,,0,,,,,,,routing_failed
178,UZ 043 L,3,Stryj,Lviv,,,,0,,,,,,,routing_failed
178,UZ 043 L,4,Lviv,Kyiv Pasazhyrskyi,,441,,0,,,,,,,routing_failed
178,UZ 043 L,5,Kyiv Pasazhyrskyi,Cherkasy,,226,,0,,,,,,,routing_failed
18,ÖBB NJ 40420,1,Innsbruck Hbf,Jenbach,AT,18,14,1,15,3,20.0,5,33.3,34.1,
18,ÖBB NJ 40420,2,Jenbach,Wörgl Hbf,AT,15,11,1,12,3,25.0,4,33.3,24.8,
18,ÖBB NJ 40420,3,Wörgl Hbf,Kufstein,AT,9,7,1,8,1,,2,25.0,13.5,leg_too_short
18,ÖBB NJ 40420,4,Kufstein,Rosenheim,AT+DE,23,18,1,19,4,21.1,10,52.6,34.1,
18,ÖBB NJ 40420,5,Rosenheim,München Ost,DE,38,27,1,28,10,35.7,15,53.6,55.0,
18,ÖBB NJ 40420,6,München Ost,Ingolstadt Hbf,DE,51,40,1,41,10,24.4,21,51.2,84.7,
18,ÖBB NJ 40420,7,Ingolstadt Hbf,Nürnberg Hbf,DE,69,58,1,59,10,16.9,30,50.8,117.5,
18,ÖBB NJ 40420,8,Nürnberg Hbf,Würzburg Hbf,DE,55,47,1,48,7,14.6,25,52.1,101.9,
18,ÖBB NJ 40420,9,Würzburg Hbf,Kassel-Wilhelmshöhe,DE,185,120,1,121,64,52.9,61,50.4,222.4,
18,ÖBB NJ 40420,10,Kassel-Wilhelmshöhe,Göttingen,DE,21,40,1,41,-20,-48.8,20,48.8,67.2,router_slower_than_reality
18,ÖBB NJ 40420,11,Göttingen,Hannover Hbf,DE,41,57,1,58,-17,-29.3,29,50.0,108.7,router_slower_than_reality
18,ÖBB NJ 40420,12,Hannover Hbf,Hamburg Harburg,DE,110,60,2,62,48,77.4,31,50.0,166.2,
18,ÖBB NJ 40420,13,Hamburg Harburg,Hamburg Hbf,DE,13,7,1,8,5,,4,50.0,11.8,leg_too_short
180,UZ 139,1,Kyiv Pasazhyrskyi,Fastiv,,,,0,,,,,,,routing_failed
180,UZ 139,2,Fastiv,Kozyatyn,,,,0,,,,,,,routing_failed
180,UZ 139,3,Kozyatyn,Khmelnytskyi Hrechany,,266,,0,,,,,,,routing_failed
180,UZ 139,4,Khmelnytskyi Hrechany,Kamianets-Podilskyi,,172,,0,,,,,,,routing_failed
181,UZ 067,1,Kyiv Pasazhyrskyi,Kovel,,,,0,,,,,,,routing_failed
181,UZ 067,2,Kovel,Chelm,,266,,0,,,,,,,routing_failed
181,UZ 067,3,Chelm,Lublin,,63,,0,,,,,,,routing_failed
181,UZ 067,4,Lublin,Warszawa Wschodnia,,132,,0,,,,,,,routing_failed
181,UZ 067,5,Warszawa Wschodnia,Warszawa Centralna,,10,,0,,,,,,,routing_failed
181,UZ 067,6,Warszawa Centralna,Warszawa Zachodnia,,10,,0,,,,,,,routing_failed
182,UZ 097,1,Kyiv Pasazhyrskyi,Rivne,,371,,0,,,,,,,routing_failed
182,UZ 097,2,Rivne,Kivertsi,,63,,0,,,,,,,routing_failed
182,UZ 097,3,Kivertsi,Lutsk,,21,,0,,,,,,,routing_failed
182,UZ 097,4,Lutsk,Kovel,,130,,0,,,,,,,routing_failed
183,UZ 009,1,Kyiv Pasazhyrskyi,Lviv,,,,0,,,,,,,routing_failed
183,UZ 009,2,Lviv,Mukacheve,,,,0,,,,,,,routing_failed
183,UZ 009,3,Mukacheve,Chop,,,,0,,,,,,,routing_failed
183,UZ 009,4,Chop,Nyíregyháza,,,,0,,,,,,,routing_failed
183,UZ 009,5,Nyíregyháza,Szolnok,,173,,0,,,,,,,routing_failed
183,UZ 009,6,Szolnok,Budapest Keleti,,114,,0,,,,,,,routing_failed
184,UZ 113,1,Kharkiv,Poltava,,,,0,,,,,,,routing_failed
184,UZ 113,2,Poltava,Myrhorod,,,,0,,,,,,,routing_failed
184,UZ 113,3,Myrhorod,Kyiv Pasazhyrskyi,,,,0,,,,,,,routing_failed
184,UZ 113,4,Kyiv Pasazhyrskyi,Fastiv,,,,0,,,,,,,routing_failed
184,UZ 113,5,Fastiv,Zhytomyr,,,,0,,,,,,,routing_failed
184,UZ 113,6,Zhytomyr,Rivne,,284,,0,,,,,,,routing_failed
184,UZ 113,7,Rivne,Kivertsi,,62,,0,,,,,,,routing_failed
184,UZ 113,8,Kivertsi,Lutsk,,20,,0,,,,,,,routing_failed
184,UZ 113,9,Lutsk,Kovel,,122,,0,,,,,,,routing_failed
184,UZ 113,10,Kovel,Lviv,,258,,0,,,,,,,routing_failed
184,UZ 113,11,Lviv,Stryj,,104,,0,,,,,,,routing_failed
184,UZ 113,12,Stryj,Mukacheve,,231,,0,,,,,,,routing_failed
184,UZ 113,13,Mukacheve,Chop,,85,,0,,,,,,,routing_failed
184,UZ 113,14,Chop,Uzhhorod,,47,,0,,,,,,,routing_failed
185,UZ 049,1,Kyiv Pasazhyrskyi,Lviv,,433,,0,,,,,,,routing_failed
185,UZ 049,2,Lviv,Truskavets,,180,,0,,,,,,,routing_failed
186,UZ 029 K,1,Kyiv Pasazhyrskyi,Lviv,,,,0,,,,,,,routing_failed
186,UZ 029 K,2,Lviv,Mukacheve,,210,,0,,,,,,,routing_failed
186,UZ 029 K,3,Mukacheve,Uzhhorod,,75,,0,,,,,,,routing_failed
189,UZ 038 K,1,Kyiv Pasazhyrskyi,Im.Tarasa Shevchenka,,,,0,,,,,,,routing_failed
189,UZ 038 K,2,Im.Tarasa Shevchenka,Dnipro Holovny,,274,,0,,,,,,,routing_failed
189,UZ 038 K,3,Dnipro Holovny,Zaporizhzhia 1,,119,,0,,,,,,,routing_failed
19,CFR IRN 1658,1,Vatra Dornei Băi,Vatra Dornei,RO,,1,1,2,,,0,0.0,1.0,no_timetable
19,CFR IRN 1658,2,Vatra Dornei,Câmpulung Moldovenesc,RO,,41,1,42,,,16,38.1,37.4,no_timetable
19,CFR IRN 1658,3,Câmpulung Moldovenesc,Suceava,RO,,70,1,71,,,28,39.4,78.5,no_timetable
19,CFR IRN 1658,4,Suceava,Ploiești Sud,RO,366,270,1,271,95,35.1,108,39.9,387.1,
19,CFR IRN 1658,5,Ploiești Sud,București Nord,RO,42,32,1,33,9,27.3,13,39.4,59.5,
190,UZ 059 K,1,Kyiv Pasazhyrskyi,Kozyatyn,,,,0,,,,,,,routing_failed
190,UZ 059 K,2,Kozyatyn,Vinnytsia,,,,0,,,,,,,routing_failed
190,UZ 059 K,3,Vinnytsia,Khmelnytskyi,,,,0,,,,,,,routing_failed
190,UZ 059 K,4,Khmelnytskyi,Lviv,,260,,0,,,,,,,routing_failed
190,UZ 059 K,5,Lviv,Uzhhorod,,365,,0,,,,,,,routing_failed
190,UZ 059 K,6,Uzhhorod,Chop,,29,,0,,,,,,,routing_failed
191,UZ 012 L,1,Lviv,Lviv Pidzamche,,,,0,,,,,,,routing_failed
191,UZ 012 L,2,Lviv Pidzamche,Ternopil,,,,0,,,,,,,routing_failed
191,UZ 012 L,3,Ternopil,Khmelnytskyi,,,,0,,,,,,,routing_failed
191,UZ 012 L,4,Khmelnytskyi,Zhmerynka,,66,,0,,,,,,,routing_failed
191,UZ 012 L,5,Zhmerynka,Kodyma,,152,,0,,,,,,,routing_failed
191,UZ 012 L,6,Kodyma,Podilsk,,48,,0,,,,,,,routing_failed
191,UZ 012 L,7,Podilsk,Rozdil'na,,92,,0,,,,,,,routing_failed
191,UZ 012 L,8,Rozdil'na,Odesa Holovna,,65,,0,,,,,,,routing_failed
195,UZ/CFM 351 K,1,Kyiv Pasazhyrskyi,Vinnytsia,,,,0,,,,,,,routing_failed
195,UZ/CFM 351 K,2,Vinnytsia,Zhmerynka,,,,0,,,,,,,routing_failed
195,UZ/CFM 351 K,3,Zhmerynka,Vălcineț,,224,,0,,,,,,,routing_failed
195,UZ/CFM 351 K,4,Vălcineț,Bălți Oras,,265,,0,,,,,,,routing_failed
195,UZ/CFM 351 K,5,Bălți Oras,Chişinău,,272,,0,,,,,,,routing_failed
196,UZ 132 L,1,Mukacheve,Stryj,,,,0,,,,,,,routing_failed
196,UZ 132 L,2,Stryj,Lviv,,,,0,,,,,,,routing_failed
196,UZ 132 L,3,Lviv,Ternopil,,,,0,,,,,,,routing_failed
196,UZ 132 L,4,Ternopil,Khmelnytskyi,,103,,0,,,,,,,routing_failed
196,UZ 132 L,5,Khmelnytskyi,Vinnytsia,,109,,0,,,,,,,routing_failed
196,UZ 132 L,6,Vinnytsia,Kyiv Pasazhyrskyi,,186,,0,,,,,,,routing_failed
196,UZ 132 L,7,Kyiv Pasazhyrskyi,Lubny,,160,,0,,,,,,,routing_failed
196,UZ 132 L,8,Lubny,Kremenchuk,,219,,0,,,,,,,routing_failed
197,UZ 091,1,Kyiv Pasazhyrskyi,Lviv Pidzamche,,493,,0,,,,,,,routing_failed
197,UZ 091,2,Lviv Pidzamche,Lviv,,14,,0,,,,,,,routing_failed
198,UZ 055,1,Kyiv Pasazhyrskyi,Fastiv,,,,0,,,,,,,routing_failed
198,UZ 055,2,Fastiv,Kozyatyn,,,,0,,,,,,,routing_failed
198,UZ 055,3,Kozyatyn,Vinnytsia,,,,0,,,,,,,routing_failed
198,UZ 055,4,Vinnytsia,Khmelnytskyi,,,,0,,,,,,,routing_failed
198,UZ 055,5,Khmelnytskyi,Ternopil,,,,0,,,,,,,routing_failed
198,UZ 055,6,Ternopil,Lviv,,,,0,,,,,,,routing_failed
198,UZ 055,7,Lviv,Ivano-Frankivsk,,194,,0,,,,,,,routing_failed
198,UZ 055,8,Ivano-Frankivsk,Vorokhta,,83,,0,,,,,,,routing_failed
198,UZ 055,9,Vorokhta,Yasinia,,37,,0,,,,,,,routing_failed
198,UZ 055,10,Yasinia,Rakhiv,,47,,0,,,,,,,routing_failed
199,UZ 095,1,Kyiv Pasazhyrskyi,Lviv,,,,0,,,,,,,routing_failed
199,UZ 095,2,Lviv,Ivano-Frankivsk,,142,,0,,,,,,,routing_failed
199,UZ 095,3,Ivano-Frankivsk,Vorokhta,,122,,0,,,,,,,routing_failed
199,UZ 095,4,Vorokhta,Yasinia,,34,,0,,,,,,,routing_failed
199,UZ 095,5,Yasinia,Rakhiv,,46,,0,,,,,,,routing_failed
2,ÖBB NJ 408,1,Berlin Hbf,Berlin Südkreuz,DE,6,13,1,14,-8,-57.1,6,42.9,16.0,router_slower_than_reality
2,ÖBB NJ 408,2,Berlin Südkreuz,Lutherstadt Wittenberg Hbf,DE,45,39,1,40,5,12.5,21,52.5,92.5,
2,ÖBB NJ 408,3,Lutherstadt Wittenberg Hbf,Bitterfeld,DE,20,13,2,15,5,33.3,7,46.7,37.2,
2,ÖBB NJ 408,4,Bitterfeld,Halle (Saale) Hbf,DE,25,13,1,14,11,78.6,7,50.0,29.8,
2,ÖBB NJ 408,5,Halle (Saale) Hbf,Leipzig Hbf,DE,24,23,1,24,0,0.0,12,50.0,37.4,
2,ÖBB NJ 408,6,Leipzig Hbf,Mannheim Hbf,DE,332,216,1,217,115,53.0,109,50.2,453.4,
2,ÖBB NJ 408,7,Mannheim Hbf,Karlsruhe Hbf,DE,44,25,1,26,18,69.2,13,50.0,60.6,
2,ÖBB NJ 408,8,Karlsruhe Hbf,Baden-Baden,DE,22,14,1,15,7,46.7,8,53.3,29.0,
2,ÖBB NJ 408,9,Baden-Baden,Offenburg,DE,20,19,1,20,0,0.0,11,55.0,40.0,
2,ÖBB NJ 408,10,Offenburg,Freiburg (Breisgau) Hbf,DE,31,28,1,29,2,6.9,15,51.7,62.8,
2,ÖBB NJ 408,11,Freiburg (Breisgau) Hbf,Basel Bad Bf,CH+DE,39,33,1,34,5,14.7,17,50.0,61.3,
2,ÖBB NJ 408,12,Basel Bad Bf,Basel SBB,CH,25,4,1,5,20,,1,20.0,4.4,leg_too_short
2,ÖBB NJ 408,13,Basel SBB,Zürich HB,CH,104,47,1,48,56,116.7,14,29.2,89.9,
20,CFR IRN 12641,1,București Nord,Ploiești Vest,,,,0,,,,,,,routing_failed
20,CFR IRN 12641,2,Ploiești Vest,Câmpina,,,,0,,,,,,,routing_failed
20,CFR IRN 12641,3,Câmpina,Brașov,,,,0,,,,,,,routing_failed
20,CFR IRN 12641,4,Brașov,Miercurea Ciuc,,,,0,,,,,,,routing_failed
20,CFR IRN 12641,5,Miercurea Ciuc,Beclean pe Somes,,253,,0,,,,,,,routing_failed
20,CFR IRN 12641,6,Beclean pe Somes,Baia Mare,,209,,0,,,,,,,routing_failed
20,CFR IRN 12641,7,Baia Mare,Satu Mare,,96,,0,,,,,,,routing_failed
200,UZ 121,1,Mykolaiv,Im.Tarasa Shevchenka,,340,,0,,,,,,,routing_failed
200,UZ 121,2,Im.Tarasa Shevchenka,Kyiv Pasazhyrskyi,,223,,0,,,,,,,routing_failed
201,UZ 233,1,Chernivtsi,Ivano-Frankivsk,,,,0,,,,,,,routing_failed
201,UZ 233,2,Ivano-Frankivsk,Lviv,,,,0,,,,,,,routing_failed
201,UZ 233,3,Lviv,Bila Tserkva,,382,,0,,,,,,,routing_failed
201,UZ 233,4,Bila Tserkva,Im.Tarasa Shevchenka,,156,,0,,,,,,,routing_failed
201,UZ 233,5,Im.Tarasa Shevchenka,Kryvyi Rih,,245,,0,,,,,,,routing_failed
203,UZ 013 K,1,Kyiv Pasazhyrskyi,Fastiv,,,,0,,,,,,,routing_failed
203,UZ 013 K,2,Fastiv,Kozyatyn,,,,0,,,,,,,routing_failed
203,UZ 013 K,3,Kozyatyn,Vinnytsia,,,,0,,,,,,,routing_failed
203,UZ 013 K,4,Vinnytsia,Khmelnytskyi,,,,0,,,,,,,routing_failed
203,UZ 013 K,5,Khmelnytskyi,Ternopil,,,,0,,,,,,,routing_failed
203,UZ 013 K,6,Ternopil,Lviv,,,,0,,,,,,,routing_failed
203,UZ 013 K,7,Lviv,Stryj,,59,,0,,,,,,,routing_failed
203,UZ 013 K,8,Stryj,Mukacheve,,173,,0,,,,,,,routing_failed
203,UZ 013 K,9,Mukacheve,Solotvyno,,299,,0,,,,,,,routing_failed
207,UZ 052 P/053,1,Dnipro Holovny,Oleksandriia,,,,0,,,,,,,routing_failed
207,UZ 052 P/053,2,Oleksandriia,Kropyvnytskyi,,,,0,,,,,,,routing_failed
207,UZ 052 P/053,3,Kropyvnytskyi,Voznesens'k,,151,,0,,,,,,,routing_failed
207,UZ 052 P/053,4,Voznesens'k,Odesa Holovna,,193,,0,,,,,,,routing_failed
208,UZ 093,1,Kharkiv,Poltava,,,,0,,,,,,,routing_failed
208,UZ 093,2,Poltava,Myrhorod,,,,0,,,,,,,routing_failed
208,UZ 093,3,Myrhorod,Kyiv Pasazhyrskyi,,,,0,,,,,,,routing_failed
208,UZ 093,4,Kyiv Pasazhyrskyi,Rivne,,313,,0,,,,,,,routing_failed
208,UZ 093,5,Rivne,Kivertsi,,54,,0,,,,,,,routing_failed
208,UZ 093,6,Kivertsi,Kovel,,60,,0,,,,,,,routing_failed
208,UZ 093,7,Kovel,Chelm,,225,,0,,,,,,,routing_failed
209,UZ 088 L,1,Kovel,Kivertsi,,,,0,,,,,,,routing_failed
209,UZ 088 L,2,Kivertsi,Lutsk,,,,0,,,,,,,routing_failed
209,UZ 088 L,3,Lutsk,Rivne,,,,0,,,,,,,routing_failed
209,UZ 088 L,4,Rivne,Kozyatyn,,,,0,,,,,,,routing_failed
209,UZ 088 L,5,Kozyatyn,Bila Tserkva,,102,,0,,,,,,,routing_failed
209,UZ 088 L,6,Bila Tserkva,Im.Tarasa Shevchenka,,160,,0,,,,,,,routing_failed
209,UZ 088 L,7,Im.Tarasa Shevchenka,Oleksandriia,,135,,0,,,,,,,routing_failed
209,UZ 088 L,8,Oleksandriia,Dnipro Holovny,,199,,0,,,,,,,routing_failed
21,CFR IRN 1821,1,București Nord,Craiova,RO,225,144,1,145,80,55.2,58,40.0,207.7,
21,CFR IRN 1821,2,Craiova,Petroșani,RO,201,132,1,133,68,51.1,53,39.8,157.9,
21,CFR IRN 1821,3,Petroșani,Deva,RO,142,78,1,79,63,79.7,31,39.2,88.8,
21,CFR IRN 1821,4,Deva,Arad,RO,128,86,1,87,41,47.1,34,39.1,149.2,
210,UZ 148 K,1,Odesa Holovna,Voznesens'k,,,,0,,,,,,,routing_failed
210,UZ 148 K,2,Voznesens'k,Im.Tarasa Shevchenka,,257,,0,,,,,,,routing_failed
210,UZ 148 K,3,Im.Tarasa Shevchenka,Cherkasy,,65,,0,,,,,,,routing_failed
210,UZ 148 K,4,Cherkasy,Kyiv Pasazhyrskyi,,307,,0,,,,,,,routing_failed
211,UZ 086 L,1,Lviv,Ternopil,,,,0,,,,,,,routing_failed
211,UZ 086 L,2,Ternopil,Khmelnytskyi,,,,0,,,,,,,routing_failed
211,UZ 086 L,3,Khmelnytskyi,Vinnytsia,,,,0,,,,,,,routing_failed
211,UZ 086 L,4,Vinnytsia,Oleksandriia,,461,,0,,,,,,,routing_failed
211,UZ 086 L,5,Oleksandriia,Dnipro Holovny,,183,,0,,,,,,,routing_failed
211,UZ 086 L,6,Dnipro Holovny,Zaporizhzhia 1,,215,,0,,,,,,,routing_failed
212,UZ 128 L,1,Lviv,Lviv Pidzamche,,,,0,,,,,,,routing_failed
212,UZ 128 L,2,Lviv Pidzamche,Ternopil,,,,0,,,,,,,routing_failed
212,UZ 128 L,3,Ternopil,Khmelnytskyi,,,,0,,,,,,,routing_failed
212,UZ 128 L,4,Khmelnytskyi,Zhmerynka,,,,0,,,,,,,routing_failed
212,UZ 128 L,5,Zhmerynka,Kodyma,,,,0,,,,,,,routing_failed
212,UZ 128 L,6,Kodyma,Kropyvnytskyi,,315,,0,,,,,,,routing_failed
212,UZ 128 L,7,Kropyvnytskyi,Oleksandriia,,118,,0,,,,,,,routing_failed
212,UZ 128 L,8,Oleksandriia,Kryvyi Rih,,194,,0,,,,,,,routing_failed
212,UZ 128 L,9,Kryvyi Rih,Dnipro Holovny,,199,,0,,,,,,,routing_failed
212,UZ 128 L,10,Dnipro Holovny,Zaporizhzhia 1,,192,,0,,,,,,,routing_failed
213,UZ 109,1,Mykolaiv,Im.Tarasa Shevchenka,,,,0,,,,,,,routing_failed
213,UZ 109,2,Im.Tarasa Shevchenka,Vinnytsia,,345,,0,,,,,,,routing_failed
213,UZ 109,3,Vinnytsia,Khmelnytskyi,,157,,0,,,,,,,routing_failed
213,UZ 109,4,Khmelnytskyi,Ternopil,,111,,0,,,,,,,routing_failed
213,UZ 109,5,Ternopil,Lviv,,137,,0,,,,,,,routing_failed
218,UZ 037,1,Uzhhorod,Mukacheve,,,,0,,,,,,,routing_failed
218,UZ 037,2,Mukacheve,Stryj,,,,0,,,,,,,routing_failed
218,UZ 037,3,Stryj,Lviv,,,,0,,,,,,,routing_failed
218,UZ 037,4,Lviv,Ternopil,,128,,0,,,,,,,routing_failed
218,UZ 037,5,Ternopil,Khmelnytskyi,,109,,0,,,,,,,routing_failed
218,UZ 037,6,Khmelnytskyi,Zhmerynka,,100,,0,,,,,,,routing_failed
218,UZ 037,7,Zhmerynka,Podilsk,,184,,0,,,,,,,routing_failed
218,UZ 037,8,Podilsk,Rozdil'na,,95,,0,,,,,,,routing_failed
218,UZ 037,9,Rozdil'na,Odesa Holovna,,62,,0,,,,,,,routing_failed
219,UZ 136 L,1,Chernivtsi,Ivano-Frankivsk,,,,0,,,,,,,routing_failed
219,UZ 136 L,2,Ivano-Frankivsk,Lviv,,,,0,,,,,,,routing_failed
219,UZ 136 L,3,Lviv,Ternopil,,,,0,,,,,,,routing_failed
219,UZ 136 L,4,Ternopil,Khmelnytskyi,,,,0,,,,,,,routing_failed
219,UZ 136 L,5,Khmelnytskyi,Zhmerynka,,111,,0,,,,,,,routing_failed
219,UZ 136 L,6,Zhmerynka,Podilsk,,197,,0,,,,,,,routing_failed
219,UZ 136 L,7,Podilsk,Odesa Holovna,,172,,0,,,,,,,routing_failed
22,CFM/CFR 401,1,Chişinău,Ungheni,,164,,0,,,,,,,routing_failed
22,CFM/CFR 401,2,Ungheni,Ungheni-Prut,,6,,0,,,,,,,routing_failed
22,CFM/CFR 401,3,Ungheni-Prut,Nicolina,,28,,0,,,,,,,routing_failed
22,CFM/CFR 401,4,Nicolina,Iași,,4,,0,,,,,,,routing_failed
22,CFM/CFR 401,5,Iași,Târgu Frumos,,41,,0,,,,,,,routing_failed
22,CFM/CFR 401,6,Târgu Frumos,Roman,,65,,0,,,,,,,routing_failed
22,CFM/CFR 401,7,Roman,Buzău,,203,,0,,,,,,,routing_failed
22,CFM/CFR 401,8,Buzău,Mizil,,35,,0,,,,,,,routing_failed
22,CFM/CFR 401,9,Mizil,Ploiești Sud,,32,,0,,,,,,,routing_failed
22,CFM/CFR 401,10,Ploiești Sud,București Nord,,45,,0,,,,,,,routing_failed
220,UZ 003,1,Uzhhorod,Mukacheve,,,,0,,,,,,,routing_failed
220,UZ 003,2,Mukacheve,Stryj,,,,0,,,,,,,routing_failed
220,UZ 003,3,Stryj,Lviv,,,,0,,,,,,,routing_failed
220,UZ 003,4,Lviv,Bila Tserkva,,380,,0,,,,,,,routing_failed
220,UZ 003,5,Bila Tserkva,Im.Tarasa Shevchenka,,147,,0,,,,,,,routing_failed
220,UZ 003,6,Im.Tarasa Shevchenka,Oleksandriia,,127,,0,,,,,,,routing_failed
220,UZ 003,7,Oleksandriia,Dnipro Holovny,,166,,0,,,,,,,routing_failed
221,UZ 006 L,1,Yasinia,Vorokhta,,,,0,,,,,,,routing_failed
221,UZ 006 L,2,Vorokhta,Ivano-Frankivsk,,,,0,,,,,,,routing_failed
221,UZ 006 L,3,Ivano-Frankivsk,Lviv,,,,0,,,,,,,routing_failed
221,UZ 006 L,4,Lviv,Bila Tserkva,,,,0,,,,,,,routing_failed
221,UZ 006 L,5,Bila Tserkva,Im.Tarasa Shevchenka,,138,,0,,,,,,,routing_failed
221,UZ 006 L,6,Im.Tarasa Shevchenka,Dnipro Holovny,,272,,0,,,,,,,routing_failed
221,UZ 006 L,7,Dnipro Holovny,Zaporizhzhia 1,,180,,0,,,,,,,routing_failed
222,UZ 078 L,1,Kovel,Kivertsi,,,,0,,,,,,,routing_failed
222,UZ 078 L,2,Kivertsi,Lutsk,,,,0,,,,,,,routing_failed
222,UZ 078 L,3,Lutsk,Rivne,,,,0,,,,,,,routing_failed
222,UZ 078 L,4,Rivne,Kozyatyn,,225,,0,,,,,,,routing_failed
222,UZ 078 L,5,Kozyatyn,Vinnytsia,,101,,0,,,,,,,routing_failed
222,UZ 078 L,6,Vinnytsia,Podilsk,,237,,0,,,,,,,routing_failed
222,UZ 078 L,7,Podilsk,Rozdil'na,,96,,0,,,,,,,routing_failed
222,UZ 078 L,8,Rozdil'na,Odesa Holovna,,63,,0,,,,,,,routing_failed
223,MÁV 1246 / 1605,1,Budapest Keleti,Budapest Kelenföld,HU,,20,0,20,,,8,40.0,14.2,no_timetable
223,MÁV 1246 / 1605,2,Budapest Kelenföld,Vesprem,HU,,63,1,64,,,25,39.1,107.6,no_timetable
223,MÁV 1246 / 1605,3,Vesprem,Zalaegerszeg,HU,,178,1,179,,,71,39.7,257.8,no_timetable
223,MÁV 1246 / 1605,4,Zalaegerszeg,Ljubljana,HU+SI,260,185,1,186,74,39.8,74,39.8,288.9,
223,MÁV 1246 / 1605,5,Ljubljana,Koper,SI,184,103,1,104,80,76.9,41,39.4,135.2,
224,MÁV 1246 / 481,1,Budapest Keleti,Budapest Kelenföld,HU,,20,0,20,,,8,40.0,14.2,no_timetable
224,MÁV 1246 / 481,2,Budapest Kelenföld,Vesprem,HU,,63,1,64,,,25,39.1,107.6,no_timetable
224,MÁV 1246 / 481,3,Vesprem,Zalaegerszeg,HU,,178,1,179,,,71,39.7,257.8,no_timetable
224,MÁV 1246 / 481,4,Zalaegerszeg,Ljubljana,HU+SI,260,185,1,186,74,39.8,74,39.8,288.9,
224,MÁV 1246 / 481,5,Ljubljana,Opatija Matulji,HR+SI,233,120,1,121,112,92.6,48,39.7,125.8,
224,MÁV 1246 / 481,6,Opatija Matulji,Rijeka,HR,16,22,0,22,-6,-27.3,9,40.9,9.6,router_slower_than_reality
225,MÁV IC 1204,1,Budapest Keleti,Budapest Kelenföld,HU,,20,0,20,,,8,40.0,14.2,no_timetable
225,MÁV IC 1204,2,Budapest Kelenföld,Székesfehérvár,HU,,30,1,31,,,12,38.7,62.8,no_timetable
225,MÁV IC 1204,3,Székesfehérvár,Siófok,HU,,27,1,28,,,11,39.3,47.6,no_timetable
225,MÁV IC 1204,4,Siófok,Nagykanizsa,HU,,66,1,67,,,26,38.8,106.2,no_timetable
225,MÁV IC 1204,5,Nagykanizsa,Zagreb Gl. K.,HR+HU,,115,1,116,,,47,40.5,129.3,no_timetable
225,MÁV IC 1204,6,Zagreb Gl. K.,Karlovac,HR,,42,1,43,,,17,39.5,52.6,no_timetable
225,MÁV IC 1204,7,Karlovac,Knin,HR,,231,1,232,,,92,39.7,268.1,no_timetable
225,MÁV IC 1204,8,Knin,Split,HR,,97,1,98,,,39,39.8,102.7,no_timetable
227,UZ 081 K,1,Kyiv Pasazhyrskyi,Fastiv,,,,0,,,,,,,routing_failed
227,UZ 081 K,2,Fastiv,Kozyatyn,,,,0,,,,,,,routing_failed
227,UZ 081 K,3,Kozyatyn,Vinnytsia,,,,0,,,,,,,routing_failed
227,UZ 081 K,4,Vinnytsia,Khmelnytskyi,,,,0,,,,,,,routing_failed
227,UZ 081 K,5,Khmelnytskyi,Ternopil,,144,,0,,,,,,,routing_failed
227,UZ 081 K,6,Ternopil,Lviv,,130,,0,,,,,,,routing_failed
227,UZ 081 K,7,Lviv,Stryj,,59,,0,,,,,,,routing_failed
227,UZ 081 K,8,Stryj,Mukacheve,,191,,0,,,,,,,routing_failed
227,UZ 081 K,9,Mukacheve,Chop,,59,,0,,,,,,,routing_failed
227,UZ 081 K,10,Chop,Uzhhorod,,49,,0,,,,,,,routing_failed
229,ÖBB NJ 19946,1,Wien Hbf,Wien Meidling,AT,7,3,1,4,3,,1,25.0,3.5,leg_too_short
229,ÖBB NJ 19946,2,Wien Meidling,St. Pölten Hbf,AT,32,40,1,41,-9,-22.0,14,34.1,62.5,router_slower_than_reality
229,ÖBB NJ 19946,3,St. Pölten Hbf,Amstetten (NÖ),AT,29,23,2,25,4,16.0,9,36.0,60.9,
229,ÖBB NJ 19946,4,Amstetten (NÖ),Linz Hbf,AT,34,23,2,25,9,36.0,9,36.0,61.9,
229,ÖBB NJ 19946,5,Linz Hbf,Wels Hbf,AT,15,13,1,14,1,7.1,5,35.7,24.5,
229,ÖBB NJ 19946,6,Wels Hbf,Attnang-Puchheim,AT,16,11,2,13,3,23.1,5,38.5,29.8,
229,ÖBB NJ 19946,7,Attnang-Puchheim,Vöcklabruck,AT,4,4,1,5,-1,,1,20.0,4.7,leg_too_short
229,ÖBB NJ 19946,8,Vöcklabruck,Salzburg Hbf,AT,42,38,1,39,3,7.7,13,33.3,65.2,
229,ÖBB NJ 19946,9,Salzburg Hbf,Innsbruck Hbf,AT+DE,173,95,1,96,77,80.2,43,44.8,192.4,
229,ÖBB NJ 19946,10,Innsbruck Hbf,Telfs-Pfaffenhofen,AT,15,14,1,15,0,0.0,5,33.3,26.8,
229,ÖBB NJ 19946,11,Telfs-Pfaffenhofen,Ötztal,AT,10,9,1,10,0,0.0,3,30.0,18.6,
229,ÖBB NJ 19946,12,Ötztal,Imst-Pitztal,AT,9,8,1,9,0,,3,33.3,9.1,leg_too_short
229,ÖBB NJ 19946,13,Imst-Pitztal,Landeck-Zams,AT,13,11,1,12,1,8.3,4,33.3,16.9,
229,ÖBB NJ 19946,14,Landeck-Zams,St. Anton am Arlberg,AT,31,21,1,22,9,40.9,7,31.8,27.3,
229,ÖBB NJ 19946,15,St. Anton am Arlberg,Langen am Arlberg,AT,10,7,1,8,2,,2,25.0,10.9,leg_too_short
229,ÖBB NJ 19946,16,Langen am Arlberg,Bludenz,AT,26,23,1,24,2,8.3,8,33.3,25.8,
229,ÖBB NJ 19946,17,Bludenz,Feldkirch,AT,13,10,1,11,2,18.2,4,36.4,20.4,
229,ÖBB NJ 19946,18,Feldkirch,Rankweil,AT,5,3,1,4,1,,1,25.0,4.4,leg_too_short
229,ÖBB NJ 19946,19,Rankweil,Götzis,AT,6,4,1,5,1,,1,20.0,7.8,leg_too_short
229,ÖBB NJ 19946,20,Götzis,Hohenems,AT,4,2,1,3,1,,1,33.3,4.5,leg_too_short
229,ÖBB NJ 19946,21,Hohenems,Dornbirn,AT,6,4,1,5,1,,1,20.0,7.9,leg_too_short
229,ÖBB NJ 19946,22,Dornbirn,Bregenz,AT,8,6,1,7,1,,2,28.6,11.8,leg_too_short
23,CFR IRN 1668,1,Iași,Vaslui,,,,0,,,,,,,routing_failed
23,CFR IRN 1668,2,Vaslui,Bârlad,,,,0,,,,,,,routing_failed
23,CFR IRN 1668,3,Bârlad,București Nord,,278,,0,,,,,,,routing_failed
232,ÖBB NJ 40233,1,Wien Hbf,Wien Meidling,AT,5,3,1,4,1,,1,25.0,3.5,leg_too_short
232,ÖBB NJ 40233,2,Wien Meidling,Wiener Neustadt Hbf,AT,39,20,1,21,18,85.7,7,33.3,44.6,
232,ÖBB NJ 40233,3,Wiener Neustadt Hbf,Graz Hbf,AT,75,109,1,110,-35,-31.8,38,34.5,162.5,router_slower_than_reality
232,ÖBB NJ 40233,4,Graz Hbf,Klagenfurt Hbf,AT,49,140,1,141,-92,-65.2,49,34.8,221.2,router_slower_than_reality
232,ÖBB NJ 40233,5,Klagenfurt Hbf,Villach Hbf,AT,23,21,1,22,1,4.5,7,31.8,38.3,
232,ÖBB NJ 40233,6,Villach Hbf,Tarvisio Boscoverde,AT+IT,24,19,1,20,4,20.0,7,35.0,28.7,
232,ÖBB NJ 40233,7,Tarvisio Boscoverde,Bologna Centrale,IT,229,156,1,157,72,45.9,63,40.1,352.5,
232,ÖBB NJ 40233,8,Bologna Centrale,Firenze Campo di Marte,IT,66,52,1,53,13,24.5,21,39.6,99.7,
232,ÖBB NJ 40233,9,Firenze Campo di Marte,Roma Tiburtina,IT,195,162,1,163,32,19.6,65,39.9,305.5,
233,ÖBB NJ 40236,1,Venezia Santa Lucia,Venezia Mestre,IT,10,5,1,6,4,,2,33.3,8.3,leg_too_short
233,ÖBB NJ 40236,2,Venezia Mestre,Treviso Centrale,IT,19,17,1,18,1,5.6,7,38.9,21.7,
233,ÖBB NJ 40236,3,Treviso Centrale,Conegliano,IT,16,15,1,16,0,0.0,6,37.5,27.6,
233,ÖBB NJ 40236,4,Conegliano,Pordenone,IT,16,13,1,14,2,14.3,6,42.9,29.5,
233,ÖBB NJ 40236,5,Pordenone,Udine,IT,29,23,1,24,5,20.8,9,37.5,48.7,
233,ÖBB NJ 40236,6,Udine,Tarvisio Boscoverde,IT,63,37,1,38,25,65.8,16,42.1,88.8,
233,ÖBB NJ 40236,7,Tarvisio Boscoverde,Villach Hbf,AT+IT,22,19,1,20,2,10.0,7,35.0,28.7,
233,ÖBB NJ 40236,8,Villach Hbf,Salzburg Hbf,AT,130,123,1,124,6,4.8,43,34.7,181.0,
233,ÖBB NJ 40236,9,Salzburg Hbf,Attnang-Puchheim,AT,46,41,1,42,4,9.5,14,33.3,69.9,
233,ÖBB NJ 40236,10,Attnang-Puchheim,Wels Hbf,AT,18,11,2,13,5,38.5,5,38.5,29.8,
233,ÖBB NJ 40236,11,Wels Hbf,Linz Hbf,AT,17,13,1,14,3,21.4,5,35.7,24.5,
233,ÖBB NJ 40236,12,Linz Hbf,Amstetten (NÖ),AT,39,23,2,25,14,56.0,9,36.0,61.9,
233,ÖBB NJ 40236,13,Amstetten (NÖ),St. Pölten Hbf,AT,33,23,2,25,8,32.0,9,36.0,60.9,
233,ÖBB NJ 40236,14,St. Pölten Hbf,Wien Meidling,AT,41,40,1,41,0,0.0,14,34.1,62.5,
233,ÖBB NJ 40236,15,Wien Meidling,Wien Hbf,AT,26,3,1,4,22,,1,25.0,3.5,leg_too_short
235,ÖBB NJ 464,1,Graz Hbf,St. Paul im Lavanttal,,39,,0,,,,,,,routing_failed
235,ÖBB NJ 464,2,St. Paul im Lavanttal,Kühnsdorf Klopeiner See,,74,,0,,,,,,,routing_failed
235,ÖBB NJ 464,3,Kühnsdorf Klopeiner See,Klagenfurt Hbf,,1393,,0,,,,,,,routing_failed
235,ÖBB NJ 464,4,Klagenfurt Hbf,Pörtschach am Wörthersee,,8,,0,,,,,,,routing_failed
235,ÖBB NJ 464,5,Pörtschach am Wörthersee,Velden am Wörthersee,,5,,0,,,,,,,routing_failed
235,ÖBB NJ 464,6,Velden am Wörthersee,Villach Hbf,,11,,0,,,,,,,routing_failed
235,ÖBB NJ 464,7,Villach Hbf,Spittal-Millstättersee,,22,,0,,,,,,,routing_failed
235,ÖBB NJ 464,8,Spittal-Millstättersee,Mallnitz-Obervellach,,21,,0,,,,,,,routing_failed
235,ÖBB NJ 464,9,Mallnitz-Obervellach,Bad Gastein,,13,,0,,,,,,,routing_failed
235,ÖBB NJ 464,10,Bad Gastein,Bad Hofgastein,,10,,0,,,,,,,routing_failed
235,ÖBB NJ 464,11,Bad Hofgastein,Dorfgastein,,5,,0,,,,,,,routing_failed
235,ÖBB NJ 464,12,Dorfgastein,Schwarzach-St.Veit,,11,,0,,,,,,,routing_failed
235,ÖBB NJ 464,13,Schwarzach-St.Veit,Innsbruck Hbf,,137,,0,,,,,,,routing_failed
235,ÖBB NJ 464,14,Innsbruck Hbf,Landeck-Zams,,48,,0,,,,,,,routing_failed
235,ÖBB NJ 464,15,Landeck-Zams,St. Anton am Arlberg,,24,,0,,,,,,,routing_failed
235,ÖBB NJ 464,16,St. Anton am Arlberg,Langen am Arlberg,,8,,0,,,,,,,routing_failed
235,ÖBB NJ 464,17,Langen am Arlberg,Bludenz,,41,,0,,,,,,,routing_failed
235,ÖBB NJ 464,18,Bludenz,Feldkirch,,15,,0,,,,,,,routing_failed
235,ÖBB NJ 464,19,Feldkirch,Buchs (SG),,16,,0,,,,,,,routing_failed
235,ÖBB NJ 464,20,Buchs (SG),Sargans,,28,,0,,,,,,,routing_failed
235,ÖBB NJ 464,21,Sargans,Zürich HB,,57,,0,,,,,,,routing_failed
237,ES 452,1,Praha hl.n.,Ústí nad Labem hl.n.,CZ,,64,1,65,,,26,40.0,112.2,no_timetable
237,ES 452,2,Ústí nad Labem hl.n.,Děčín hl.n.,CZ,,14,1,15,,,6,40.0,22.7,no_timetable
237,ES 452,3,Děčín hl.n.,Bad Schandau,CZ+DE,,13,1,14,,,5,35.7,22.2,no_timetable
237,ES 452,4,Bad Schandau,Dresden Hbf,DE,,29,1,30,,,14,46.7,40.8,no_timetable
237,ES 452,5,Dresden Hbf,Dresden Neustadt,DE,,4,1,5,,,2,40.0,3.9,no_timetable
237,ES 452,6,Dresden Neustadt,Berlin Hbf,DE,,82,1,83,,,42,50.6,180.2,no_timetable
237,ES 452,7,Berlin Hbf,Deventer,DE+NL,373,257,1,258,115,44.6,126,48.8,649.9,
237,ES 452,8,Deventer,Amersfoort Centraal,NL,37,32,1,33,4,12.1,13,39.4,58.0,
237,ES 452,9,Amersfoort Centraal,Amsterdam Centraal,NL,40,27,1,28,12,42.9,11,39.3,44.7,
237,ES 452,10,Amsterdam Centraal,Rotterdam Centraal,NL,61,44,1,45,16,35.6,18,40.0,82.3,
237,ES 452,11,Rotterdam Centraal,Antwerpen Centraal / Anvers Central,BE+NL,76,56,1,57,19,33.3,23,40.4,98.0,
237,ES 452,12,Antwerpen Centraal / Anvers Central,Bruxelles Midi / Brussel Zuid,BE,44,28,1,29,15,51.7,13,44.8,47.4,
238,ES 474,1,Berlin Hbf,Liège Guillemins / Luik Guillemins,BE+DE,674,319,1,320,354,110.6,159,49.7,674.0,
238,ES 474,2,Liège Guillemins / Luik Guillemins,Bruxelles Midi / Brussel Zuid,BE,81,51,1,52,29,55.8,24,46.2,102.2,
238,ES 474,3,Bruxelles Midi / Brussel Zuid,Mons / Bergen,BE,38,39,1,40,-2,-5.0,18,45.0,60.8,router_slower_than_reality
238,ES 474,4,Mons / Bergen,Aulnoye-Aymeries,BE+FR,36,25,1,26,10,38.5,10,38.5,34.5,
238,ES 474,5,Aulnoye-Aymeries,Paris Gare du Nord,FR,85,91,1,92,-7,-7.6,37,40.2,215.3,router_slower_than_reality
239,ES 454,1,Amsterdam Centraal,Utrecht Centraal,NL,,28,1,29,,,11,37.9,40.2,no_timetable
239,ES 454,2,Utrecht Centraal,Arnhem Centraal,NL,,28,1,29,,,11,37.9,56.7,no_timetable
239,ES 454,3,Arnhem Centraal,Duisburg Hbf,DE+NL,,47,1,48,,,23,47.9,98.8,no_timetable
239,ES 454,4,Duisburg Hbf,Düsseldorf Hbf,DE,,13,1,14,,,7,50.0,23.8,no_timetable
239,ES 454,5,Düsseldorf Hbf,Köln Süd,DE,,23,1,24,,,13,54.2,45.4,no_timetable
239,ES 454,6,Köln Süd,Basel SBB,CH+DE,,241,1,242,,,121,50.0,510.6,no_timetable
239,ES 454,7,Basel SBB,Bern,CH,,46,1,47,,,14,29.8,100.4,no_timetable
239,ES 454,8,Bern,Brig,CH,,85,1,86,,,26,30.2,116.4,no_timetable
239,ES 454,9,Brig,Stresa,CH+IT,,43,1,44,,,17,38.6,78.7,no_timetable
239,ES 454,10,Stresa,Milano Centrale,IT,,46,1,47,,,18,38.3,85.4,no_timetable
24,ATC IR 11500,1,Arad,Timişoara Nord,RO,,78,0,78,,,31,39.7,58.8,no_timetable
24,ATC IR 11500,2,Timişoara Nord,Lugoj,RO,,55,1,56,,,22,39.3,64.1,no_timetable
24,ATC IR 11500,3,Lugoj,Caransebeș,RO,,23,1,24,,,9,37.5,39.3,no_timetable
24,ATC IR 11500,4,Caransebeș,Craiova,RO,267,184,1,185,82,44.3,74,40.0,226.6,
24,ATC IR 11500,5,Craiova,Caracal,RO,54,32,1,33,21,63.6,13,39.4,52.6,
24,ATC IR 11500,6,Caracal,Roșiori Nord,RO,71,36,1,37,34,91.9,14,37.8,55.3,
24,ATC IR 11500,7,Roșiori Nord,Videle,RO,60,38,1,39,21,53.8,15,38.5,49.1,
24,ATC IR 11500,8,Videle,București Nord,RO,49,41,1,42,7,16.7,16,38.1,50.7,
240,ES 456,1,Bruxelles Midi / Brussel Zuid,Liège Guillemins / Luik Guillemins,BE,,53,1,54,,,24,44.4,102.2,no_timetable
240,ES 456,2,Liège Guillemins / Luik Guillemins,Aachen Hbf,BE+DE,,40,1,41,,,19,46.3,54.4,no_timetable
240,ES 456,3,Aachen Hbf,Köln Süd,DE,,38,1,39,,,20,51.3,71.3,no_timetable
240,ES 456,4,Köln Süd,Zürich HB,CH+DE+FR,515,282,1,283,232,82.0,127,44.9,624.8,
240,ES 456,5,Zürich HB,Arth-Goldau,CH,44,47,1,48,-4,-8.3,14,29.2,50.8,router_slower_than_reality
240,ES 456,6,Arth-Goldau,Göschenen,CH,59,43,1,44,15,34.1,13,29.5,60.7,
240,ES 456,7,Göschenen,Bellinzona,CH,63,56,1,57,6,10.5,17,29.8,81.0,
240,ES 456,8,Bellinzona,Lugano,CH,17,22,1,23,-6,-26.1,7,30.4,29.3,router_slower_than_reality
240,ES 456,9,Lugano,Chiasso,CH,30,17,1,18,12,66.7,5,27.8,24.8,
240,ES 456,10,Chiasso,Como San Giovanni,CH+IT,26,3,1,4,22,,1,25.0,4.9,leg_too_short
240,ES 456,11,Como San Giovanni,Milano Porta Garibaldi,IT,49,32,1,33,16,48.5,13,39.4,53.4,
243,TCDD 22012,1,Ankara,Kırıkkale,,,,0,,,,,,,routing_failed
243,TCDD 22012,2,Kırıkkale,Kayseri,,,,0,,,,,,,routing_failed
243,TCDD 22012,3,Kayseri,Sivas,,,,0,,,,,,,routing_failed
243,TCDD 22012,4,Sivas,Malatya,,269,,0,,,,,,,routing_failed
243,TCDD 22012,5,Malatya,Elazığ,,191,,0,,,,,,,routing_failed
243,TCDD 22012,6,Elazığ,Mûş,,,,0,,,,,,,routing_failed
243,TCDD 22012,7,Mûş,Tatvan,,,,0,,,,,,,routing_failed
245,TCDD 22014,1,Ankara,Kırıkkale,,,68,1,69,,,0,0.0,93.2,no_timetable
245,TCDD 22014,2,Kırıkkale,Kayseri,,,184,1,185,,,0,0.0,287.4,no_timetable
245,TCDD 22014,3,Kayseri,Sivas,,,133,1,134,,,0,0.0,221.7,no_timetable
245,TCDD 22014,4,Sivas,Diyarbakır,,656,302,1,303,353,116.5,0,0.0,502.1,no_country_shares
245,TCDD 22014,5,Diyarbakır,Batman,,156,55,1,56,100,178.6,0,0.0,90.6,no_country_shares
245,TCDD 22014,6,Batman,Kurtalan,,105,42,1,43,62,144.2,0,0.0,68.8,no_country_shares
246,TCDD 22018,1,Ankara,Kırıkkale,,,,0,,,,,,,routing_failed
246,TCDD 22018,2,Kırıkkale,Sivas,,558,,0,,,,,,,routing_failed
246,TCDD 22018,3,Sivas,Malatya,,286,,0,,,,,,,routing_failed
247,TCDD 22010,1,Ankara,Kırıkkale,,,68,1,69,,,0,0.0,93.2,no_timetable
247,TCDD 22010,2,Kırıkkale,Kayseri,,,184,1,185,,,0,0.0,287.4,no_timetable
247,TCDD 22010,3,Kayseri,Sivas,,214,133,1,134,80,59.7,0,0.0,221.7,no_country_shares
247,TCDD 22010,4,Sivas,Erzincan,,378,196,1,197,181,91.9,0,0.0,326.5,no_country_shares
247,TCDD 22010,5,Erzincan,Erzurum,,260,129,1,130,130,100.0,0,0.0,214.3,no_country_shares
247,TCDD 22010,6,Erzurum,Kars,,252,130,1,131,121,92.4,0,0.0,216.0,no_country_shares
248,TCDD 32007,1,İzmir Basmane,İzmir Çiğli,,,13,1,14,,,0,0.0,20.3,no_timetable
248,TCDD 32007,2,İzmir Çiğli,Manisa,,,26,1,27,,,0,0.0,45.6,no_timetable
248,TCDD 32007,3,Manisa,Afyon A Çetinkaya,,423,219,1,220,203,92.3,0,0.0,356.1,no_country_shares
248,TCDD 32007,4,Afyon A Çetinkaya,Konya,,258,158,1,159,99,62.3,0,0.0,266.1,no_country_shares
249,CFR IRN 12641/R-E 4008,1,București Nord,Ploiești Vest,,38,,0,,,,,,,routing_failed
249,CFR IRN 12641/R-E 4008,2,Ploiești Vest,Brașov,,114,,0,,,,,,,routing_failed
249,CFR IRN 12641/R-E 4008,3,Brașov,Gheorgheni,,170,,0,,,,,,,routing_failed
249,CFR IRN 12641/R-E 4008,4,Gheorgheni,Sărățel,,159,,0,,,,,,,routing_failed
249,CFR IRN 12641/R-E 4008,5,Sărățel,Bistrița Nord,,13,,0,,,,,,,routing_failed
25,CFR IRN 12941,1,Satu Mare,Baia Mare,RO,,62,1,63,,,25,39.7,58.9,no_timetable
25,CFR IRN 12941,2,Baia Mare,Dej,RO,,109,1,110,,,44,40.0,134.6,no_timetable
25,CFR IRN 12941,3,Dej,Beclean pe Somes,RO,,20,1,21,,,8,38.1,21.9,no_timetable
25,CFR IRN 12941,4,Beclean pe Somes,Deda,RO,,69,1,70,,,28,40.0,73.2,no_timetable
25,CFR IRN 12941,5,Deda,Gheorgheni,RO,,83,1,84,,,33,39.3,77.6,no_timetable
25,CFR IRN 12941,6,Gheorgheni,Siculeni,RO,,41,1,42,,,16,38.1,47.2,no_timetable
25,CFR IRN 12941,7,Siculeni,Buzău,RO,310,200,1,201,109,54.2,80,39.8,265.1,
25,CFR IRN 12941,8,Buzău,Constanța,RO,191,123,1,124,67,54.0,49,39.5,209.2,
25,CFR IRN 12941,9,Constanța,Mangalia,RO,105,37,1,38,67,176.3,15,39.5,42.7,
250,CFR IRN 12641/IRN 1643,1,București Nord,Ploiești Vest,,38,,0,,,,,,,routing_failed
250,CFR IRN 12641/IRN 1643,2,Ploiești Vest,Brașov,,114,,0,,,,,,,routing_failed
250,CFR IRN 12641/IRN 1643,3,Brașov,Sighișoara,,218,,0,,,,,,,routing_failed
250,CFR IRN 12641/IRN 1643,4,Sighișoara,Cluj-Napoca,,197,,0,,,,,,,routing_failed
252,UEX 320/324,1,Villach Hbf-Autoverladestelle,Villach Hbf,AT,,0,0,0,,,0,,0.0,no_timetable
252,UEX 320/324,2,Villach Hbf,Salzburg Hbf,AT,,123,1,124,,,43,34.7,181.0,no_timetable
252,UEX 320/324,3,Salzburg Hbf,München Ost,AT+DE,,76,1,77,,,38,49.4,146.8,no_timetable
252,UEX 320/324,4,München Ost,Fulda,DE,267,191,1,192,75,39.1,97,50.5,393.5,
252,UEX 320/324,5,Fulda,Hannover Hbf,DE,152,126,1,127,25,19.7,64,50.4,244.5,
252,UEX 320/324,6,Hannover Hbf,Hamburg Hbf,DE,111,67,2,69,42,60.9,35,50.7,178.0,
252,UEX 320/324,7,Hamburg Hbf,Hamburg Altona,DE,29,8,0,8,21,,4,50.0,6.6,leg_too_short
253,UEX 302/322,1,Innsbruck Hbf,Wörgl Hbf,AT,,22,2,24,,,9,37.5,58.9,no_timetable
253,UEX 302/322,2,Wörgl Hbf,Kufstein,AT,,7,1,8,,,2,25.0,13.5,no_timetable
253,UEX 302/322,3,Kufstein,München Ost,AT+DE,,45,1,46,,,24,52.2,89.1,no_timetable
253,UEX 302/322,4,München Ost,Hannover Hbf,DE,427,317,1,318,109,34.3,159,50.0,638.0,
253,UEX 302/322,5,Hannover Hbf,Hamburg Hbf,DE,115,67,2,69,46,66.7,35,50.7,178.0,
253,UEX 302/322,6,Hamburg Hbf,Hamburg Altona,DE,43,8,0,8,35,,4,50.0,6.6,leg_too_short
254,UEX 1856,1,München Süd,Augsburg Hbf,DE,,25,1,26,,,13,50.0,62.2,no_timetable
254,UEX 1856,2,Augsburg Hbf,Hannover Hbf,DE,399,288,1,289,110,38.1,145,50.2,572.1,
254,UEX 1856,3,Hannover Hbf,Hamburg Hbf,DE,160,67,2,69,91,131.9,35,50.7,178.0,
254,UEX 1856,4,Hamburg Hbf,Hamburg Altona,DE,28,8,0,8,20,,4,50.0,6.6,leg_too_short
255,UEX 1858,1,Lörrach Autoreisezug Terminal,Lörrach Hbf,DE,,7,0,7,,,4,57.1,1.7,no_timetable
255,UEX 1858,2,Lörrach Hbf,Freiburg (Breisgau) Hbf,DE,,38,1,39,,,19,48.7,64.5,no_timetable
255,UEX 1858,3,Freiburg (Breisgau) Hbf,Karlsruhe Hbf,DE,,59,1,60,,,31,51.7,131.9,no_timetable
255,UEX 1858,4,Karlsruhe Hbf,Hannover Hbf,DE,345,229,1,230,115,50.0,115,50.0,474.3,
255,UEX 1858,5,Hannover Hbf,Lüneburg,DE,73,46,2,48,25,52.1,24,50.0,128.5,
255,UEX 1858,6,Lüneburg,Hamburg Hbf,DE,37,21,1,22,15,68.2,11,50.0,49.5,
255,UEX 1858,7,Hamburg Hbf,Hamburg Altona,DE,38,8,0,8,30,,4,50.0,6.6,leg_too_short
256,UEX 332/1372,1,Innsbruck Hbf,Wörgl Hbf,AT,,22,2,24,,,9,37.5,58.9,no_timetable
256,UEX 332/1372,2,Wörgl Hbf,München Ost,AT+DE,,52,1,53,,,26,49.1,102.6,no_timetable
256,UEX 332/1372,3,München Ost,Darmstadt Hbf,DE,327,202,1,203,124,61.1,102,50.2,413.4,
256,UEX 332/1372,4,Darmstadt Hbf,Koblenz Hbf,DE,85,65,1,66,19,28.8,33,50.0,126.1,
256,UEX 332/1372,5,Koblenz Hbf,Köln Hbf,DE,63,46,1,47,16,34.0,24,51.1,92.5,
256,UEX 332/1372,6,Köln Hbf,Düsseldorf Hbf,DE,42,20,1,21,21,100.0,11,52.4,40.4,
257,UEX 334/1374,1,Villach Hbf-Autoverladestelle,Villach Hbf,AT,,0,0,0,,,0,,0.0,no_timetable
257,UEX 334/1374,2,Villach Hbf,Salzburg Hbf,AT,,123,1,124,,,43,34.7,181.0,no_timetable
257,UEX 334/1374,3,Salzburg Hbf,München Ost,AT+DE,,76,1,77,,,38,49.4,146.8,no_timetable
257,UEX 334/1374,4,München Ost,Darmstadt Hbf,DE,319,202,1,203,116,57.1,102,50.2,413.4,
257,UEX 334/1374,5,Darmstadt Hbf,Koblenz Hbf,DE,105,65,1,66,39,59.1,33,50.0,126.1,
257,UEX 334/1374,6,Koblenz Hbf,Köln Hbf,DE,64,46,1,47,17,36.2,24,51.1,92.5,
257,UEX 334/1374,7,Köln Hbf,Düsseldorf Hbf,DE,29,20,1,21,8,38.1,11,52.4,40.4,
258,UZ 069,1,Przemyśl Gł.,Lviv,,,,0,,,,,,,routing_failed
258,UZ 069,2,Lviv,Ternopil,,,,0,,,,,,,routing_failed
258,UZ 069,3,Ternopil,Khmelnytskyi,,103,,0,,,,,,,routing_failed
258,UZ 069,4,Khmelnytskyi,Vinnytsia,,109,,0,,,,,,,routing_failed
258,UZ 069,5,Vinnytsia,Kyiv Pasazhyrskyi,,186,,0,,,,,,,routing_failed
258,UZ 069,6,Kyiv Pasazhyrskyi,Lubny,,160,,0,,,,,,,routing_failed
258,UZ 069,7,Lubny,Kremenchuk,,219,,0,,,,,,,routing_failed
259,UZ 033 L,1,Ivano-Frankivsk,Lviv,,,,0,,,,,,,routing_failed
259,UZ 033 L,2,Lviv,Bila Tserkva,,382,,0,,,,,,,routing_failed
259,UZ 033 L,3,Bila Tserkva,Im.Tarasa Shevchenka,,156,,0,,,,,,,routing_failed
259,UZ 033 L,4,Im.Tarasa Shevchenka,Kryvyi Rih,,245,,0,,,,,,,routing_failed
26,CFR IRN 1920,1,Constanța,Medgidia,RO,,20,1,21,,,8,38.1,34.7,no_timetable
26,CFR IRN 1920,2,Medgidia,Fetești,RO,,23,1,24,,,9,37.5,43.7,no_timetable
26,CFR IRN 1920,3,Fetești,București Nord,RO,,67,1,68,,,27,39.7,146.5,no_timetable
26,CFR IRN 1920,4,București Nord,Videle,RO,,41,1,42,,,16,38.1,50.7,no_timetable
26,CFR IRN 1920,5,Videle,Roșiori Nord,RO,,38,1,39,,,15,38.5,49.1,no_timetable
26,CFR IRN 1920,6,Roșiori Nord,Caracal,RO,,36,1,37,,,14,37.8,55.3,no_timetable
26,CFR IRN 1920,7,Caracal,Craiova,RO,,32,1,33,,,13,39.4,52.6,no_timetable
26,CFR IRN 1920,8,Craiova,Petroșani,RO,197,132,1,133,64,48.1,53,39.8,157.9,
26,CFR IRN 1920,9,Petroșani,Subcetate,RO,75,60,0,60,15,25.0,24,40.0,49.6,
26,CFR IRN 1920,10,Subcetate,Simeria,RO,49,22,1,23,26,113.0,9,39.1,30.1,
26,CFR IRN 1920,11,Simeria,Deva,RO,8,4,1,5,3,,3,60.0,9.2,leg_too_short
26,CFR IRN 1920,12,Deva,Ilia,RO,31,9,1,10,21,210.0,5,50.0,22.4,
26,CFR IRN 1920,13,Ilia,Arad,RO,116,77,1,78,38,48.7,31,39.7,126.8,
26,CFR IRN 1920,14,Arad,Chișineu-Criș,RO,73,34,1,35,38,108.6,14,40.0,47.7,
26,CFR IRN 1920,15,Chișineu-Criș,Oradea,RO,94,83,0,83,11,13.3,33,39.8,73.7,
261,RJ 1022,1,Przemyśl Gł.,Kraków Gł.,PL,,117,1,118,,,47,39.8,243.7,no_timetable
261,RJ 1022,2,Kraków Gł.,Ostrava hl.n.,CZ+PL,191,84,1,85,106,124.7,33,38.8,144.5,
261,RJ 1022,3,Ostrava hl.n.,Olomouc hl.n.,CZ,63,52,1,53,10,18.9,21,39.6,103.7,
261,RJ 1022,4,Olomouc hl.n.,Pardubice hl.n.,CZ,90,68,1,69,21,30.4,27,39.1,144.4,
261,RJ 1022,5,Pardubice hl.n.,Praha hl.n.,CZ,63,48,1,49,14,28.6,19,38.8,103.6,
262,SNCF IC Nuit 3789,1,Paris Austerlitz,St-Denis-lès-Martel,FR,629,245,1,246,383,155.7,98,39.8,526.3,
262,SNCF IC Nuit 3789,2,St-Denis-lès-Martel,Bretenoux Biars,FR,18,18,1,19,-1,-5.3,7,36.8,16.3,router_slower_than_reality
262,SNCF IC Nuit 3789,3,Bretenoux Biars,Laroquebrou / Laròcabrau,FR,48,39,0,39,9,23.1,16,41.0,34.7,
262,SNCF IC Nuit 3789,4,Laroquebrou / Laròcabrau,Aurillac,FR,27,20,1,21,6,28.6,8,38.1,24.3,
263,UZ 039 L,1,Solotvyno,Mukacheve,,,,0,,,,,,,routing_failed
263,UZ 039 L,2,Mukacheve,Stryj,,,,0,,,,,,,routing_failed
263,UZ 039 L,3,Stryj,Lviv,,,,0,,,,,,,routing_failed
263,UZ 039 L,4,Lviv,Bila Tserkva,,400,,0,,,,,,,routing_failed
263,UZ 039 L,5,Bila Tserkva,Oleksandriia,,246,,0,,,,,,,routing_failed
263,UZ 039 L,6,Oleksandriia,Dnipro Holovny,,174,,0,,,,,,,routing_failed
263,UZ 039 L,7,Dnipro Holovny,Zaporizhzhia 1,,170,,0,,,,,,,routing_failed
264,SNCF IC Nuit 3750,1,Toulouse Matabiau,Montauban Ville Bourbon,FR,,21,1,22,,,9,40.9,50.8,no_timetable
264,SNCF IC Nuit 3750,2,Montauban Ville Bourbon,Fleury-les-Aubrais (Orléans),FR,567,246,2,248,319,128.6,99,39.9,666.6,
264,SNCF IC Nuit 3750,3,Fleury-les-Aubrais (Orléans),Paris Austerlitz,FR,69,49,1,50,19,38.0,21,42.0,118.9,
265,PKP/ČD TLK 403/50171,1,Bohumín,Katowice,CZ+PL,,57,1,58,,,23,39.7,92.0,no_timetable
265,PKP/ČD TLK 403/50171,2,Katowice,Gdynia Główna,PL,425,303,1,304,121,39.8,121,39.8,547.8,
265,PKP/ČD TLK 403/50171,3,Gdynia Główna,Hel,PL,132,53,1,54,78,144.4,21,38.9,76.2,
266,PKP/ČD TLK 402,1,Łeba,Gdynia Główna,,,,0,,,,,,,routing_failed
266,PKP/ČD TLK 402,2,Gdynia Główna,Katowice,,425,,0,,,,,,,routing_failed
266,PKP/ČD TLK 402,3,Katowice,Bohumín,,144,,0,,,,,,,routing_failed
267,PKP TLK 38194,1,Kraków Gł.,Katowice,PL,,57,1,58,,,23,39.7,88.0,no_timetable
267,PKP TLK 38194,2,Katowice,Szczecin Gł.,PL,466,261,1,262,204,77.9,104,39.7,552.8,
267,PKP TLK 38194,3,Szczecin Gł.,Świnoujście,PL,87,67,1,68,19,27.9,27,39.7,111.3,
268,PKP TLK 38190,1,Kraków Gł.,Trzebinia,PL,,18,1,19,,,7,36.8,38.8,no_timetable
268,PKP TLK 38190,2,Trzebinia,Częstochowa,PL,,47,1,48,,,19,39.6,94.8,no_timetable
268,PKP TLK 38190,3,Częstochowa,Kołobrzeg,PL,507,324,1,325,182,56.0,130,40.0,657.5,
269,UZ 083 L,1,Uzhhorod,Mukacheve,,,,0,,,,,,,routing_failed
269,UZ 083 L,2,Mukacheve,Stryj,,,,0,,,,,,,routing_failed
269,UZ 083 L,3,Stryj,Lviv,,,,0,,,,,,,routing_failed
269,UZ 083 L,4,Lviv,Im.Tarasa Shevchenka,,527,,0,,,,,,,routing_failed
269,UZ 083 L,5,Im.Tarasa Shevchenka,Oleksandriia,,111,,0,,,,,,,routing_failed
269,UZ 083 L,6,Oleksandriia,Dnipro Holovny,,167,,0,,,,,,,routing_failed
27,TCDD/BDŽ 12503/492,1,İstanbul Halkalı,Edirne,,,149,1,150,,,0,0.0,255.5,no_timetable
27,TCDD/BDŽ 12503/492,2,Edirne,Kapıkule,,34,11,1,12,22,183.3,0,0.0,19.8,no_country_shares
27,TCDD/BDŽ 12503/492,3,Kapıkule,Svilengrad,BG,7,10,1,11,-4,-36.4,4,36.4,19.9,router_slower_than_reality
27,TCDD/BDŽ 12503/492,4,Svilengrad,Dimitrovgrad,BG,45,27,1,28,17,60.7,12,42.9,64.3,
27,TCDD/BDŽ 12503/492,5,Dimitrovgrad,Plovdiv,BG,75,35,1,36,39,108.3,14,38.9,76.7,
27,TCDD/BDŽ 12503/492,6,Plovdiv,Sofia,BG,263,169,1,170,93,54.7,68,40.0,213.8,
270,LE LE 232,1,Przemyśl Gł.,Rzeszow Gł.,PL,,50,1,51,,,20,39.2,86.6,no_timetable
270,LE LE 232,2,Rzeszow Gł.,Kraków Gł.,PL,,68,1,69,,,28,40.6,157.1,no_timetable
270,LE LE 232,3,Kraków Gł.,Bohumín,CZ+PL,,79,1,80,,,31,38.8,136.0,no_timetable
270,LE LE 232,4,Bohumín,Ostrava hl.n.,CZ,,5,1,6,,,2,33.3,8.5,no_timetable
270,LE LE 232,5,Ostrava hl.n.,Olomouc hl.n.,CZ,,52,1,53,,,21,39.6,103.7,no_timetable
270,LE LE 232,6,Olomouc hl.n.,Pardubice hl.n.,CZ,,68,1,69,,,27,39.1,144.4,no_timetable
270,LE LE 232,7,Pardubice hl.n.,Praha hl.n.,CZ,,48,1,49,,,19,38.8,103.6,no_timetable
270,LE LE 232,8,Praha hl.n.,Ústí nad Labem hl.n.,CZ,,64,1,65,,,26,40.0,112.2,no_timetable
270,LE LE 232,9,Ústí nad Labem hl.n.,Děčín hl.n.,CZ,,14,1,15,,,6,40.0,22.7,no_timetable
270,LE LE 232,10,Děčín hl.n.,Erfurt Hbf,CZ+DE,213,157,1,158,55,34.8,78,49.4,298.1,
270,LE LE 232,11,Erfurt Hbf,Fulda,DE,96,69,1,70,26,37.1,35,50.0,154.4,
270,LE LE 232,12,Fulda,Hanau Hbf,DE,67,36,1,37,30,81.1,19,51.4,80.5,
270,LE LE 232,13,Hanau Hbf,Frankfurt (Main) Süd,DE,20,16,1,17,3,17.6,8,47.1,21.1,
270,LE LE 232,14,Frankfurt (Main) Süd,Frankfurt (Main) Flughafen Fernbahnhof,DE,27,7,1,8,19,,4,50.0,11.3,leg_too_short
28,TCDD/BDŽ/CFR 12503/460,1,İstanbul Halkalı,Edirne,,,149,1,150,,,0,0.0,255.5,no_timetable
28,TCDD/BDŽ/CFR 12503/460,2,Edirne,Kapıkule,,196,11,1,12,184,1533.3,0,0.0,19.8,no_country_shares
28,TCDD/BDŽ/CFR 12503/460,3,Kapıkule,Svilengrad,BG,150,10,1,11,139,1263.6,4,36.4,19.9,residual_implausible
28,TCDD/BDŽ/CFR 12503/460,4,Svilengrad,Dimitrovgrad,BG,167,27,1,28,139,496.4,12,42.9,64.3,residual_implausible
28,TCDD/BDŽ/CFR 12503/460,5,Dimitrovgrad,Stara Zagora,BG,151,64,0,64,87,135.9,26,40.6,55.9,
28,TCDD/BDŽ/CFR 12503/460,6,Stara Zagora,Veliko Tarnovo,BG,149,122,1,123,26,21.1,49,39.8,128.2,
28,TCDD/BDŽ/CFR 12503/460,7,Veliko Tarnovo,Gorna Oryahovitsa,BG,10,13,1,14,-4,-28.6,5,35.7,13.6,router_slower_than_reality
28,TCDD/BDŽ/CFR 12503/460,8,Gorna Oryahovitsa,Ruse,BG,142,108,1,109,33,30.3,43,39.4,110.0,
28,TCDD/BDŽ/CFR 12503/460,9,Ruse,Giurgiu Nord,BG+RO,70,17,1,18,52,288.9,7,38.9,16.1,
28,TCDD/BDŽ/CFR 12503/460,10,Giurgiu Nord,București Nord,RO,134,66,1,67,67,100.0,26,38.8,85.9,
3,HŽPP 1820,1,Split,Knin,HR,147,97,1,98,49,50.0,39,39.8,102.7,
3,HŽPP 1820,2,Knin,Gospić,HR,111,87,1,88,23,26.1,35,39.8,108.5,
3,HŽPP 1820,3,Gospić,Karlovac,HR,189,145,1,146,43,29.5,58,39.7,159.6,
3,HŽPP 1820,4,Karlovac,Zagreb Gl. K.,HR,63,42,1,43,20,46.5,17,39.5,52.6,
30,TCDD 22006,1,Ankara,Eskişehir,,,174,1,175,,,0,0.0,255.7,no_timetable
30,TCDD 22006,2,Eskişehir,Balıkesir,,335,231,1,232,103,44.4,0,0.0,328.9,no_country_shares
30,TCDD 22006,3,Balıkesir,Manisa,,176,108,1,109,67,61.5,0,0.0,171.0,no_country_shares
30,TCDD 22006,4,Manisa,İzmir Çiğli,,79,26,1,27,52,192.6,0,0.0,45.6,no_country_shares
30,TCDD 22006,5,İzmir Çiğli,İzmir Basmane,,34,13,1,14,20,142.9,0,0.0,20.3,no_country_shares
31,TCDD 12002,1,İstanbul Halkalı,İstanbul Sögütlücesme,,,29,1,30,,,0,0.0,33.9,no_timetable
31,TCDD 12002,2,İstanbul Sögütlücesme,İstanbul Pendik,,,19,1,20,,,0,0.0,22.5,no_timetable
31,TCDD 12002,3,İstanbul Pendik,İzmit,,,47,1,48,,,0,0.0,67.6,no_timetable
31,TCDD 12002,4,İzmit,Ankara,,382,291,1,292,90,30.8,0,0.0,468.2,no_country_shares
37,CS 1003 (G),1,London Euston,Watford Junction,GB,,13,1,14,,,5,35.7,28.0,no_timetable
37,CS 1003 (G),2,Watford Junction,Carlisle,GB,297,183,1,184,113,61.4,74,40.2,452.7,
37,CS 1003 (G),3,Carlisle,Motherwell,GB,113,61,1,62,51,82.3,25,40.3,143.8,
37,CS 1003 (G),4,Motherwell,Glasgow Central,GB,30,16,1,17,13,76.5,6,35.3,22.3,
38,CS 1003 (E),1,London Euston,Watford Junction,GB,,13,1,14,,,5,35.7,28.0,no_timetable
38,CS 1003 (E),2,Watford Junction,Carlisle,GB,297,183,1,184,113,61.4,74,40.2,452.7,
38,CS 1003 (E),3,Carlisle,Edinburgh Waverley,GB,143,74,1,75,68,90.7,31,41.3,163.6,
39,CS 1001 (A),1,London Euston,Birmingham International,GB,,68,1,69,,,28,40.6,168.2,no_timetable
39,CS 1001 (A),2,Birmingham International,Crewe,GB,,43,1,44,,,18,40.9,95.0,no_timetable
39,CS 1001 (A),3,Crewe,Preston,GB,,34,1,35,,,15,42.9,82.1,no_timetable
39,CS 1001 (A),4,Preston,Dundee,GB,335,192,1,193,142,73.6,77,39.9,398.4,
39,CS 1001 (A),5,Dundee,Aberdeen,GB,95,67,1,68,27,39.7,27,39.7,114.6,
40,CS 1001 (FW),1,London Euston,Birmingham International,GB,,68,1,69,,,28,40.6,168.2,no_timetable
40,CS 1001 (FW),2,Birmingham International,Crewe,GB,,43,1,44,,,18,40.9,95.0,no_timetable
40,CS 1001 (FW),3,Crewe,Preston,GB,,34,1,35,,,15,42.9,82.1,no_timetable
40,CS 1001 (FW),4,Preston,Crianlarich,GB,435,221,1,222,213,95.9,88,39.6,401.4,
40,CS 1001 (FW),5,Crianlarich,Fort William / An Gearasdan,GB,135,91,1,92,43,46.7,36,39.1,101.4,
41,CS 1001 (I),1,London Euston,Birmingham International,GB,,68,1,69,,,28,40.6,168.2,no_timetable
41,CS 1001 (I),2,Birmingham International,Crewe,GB,,43,1,44,,,18,40.9,95.0,no_timetable
41,CS 1001 (I),3,Crewe,Preston,GB,,34,1,35,,,15,42.9,82.1,no_timetable
41,CS 1001 (I),4,Preston,Stirling,GB,270,150,1,151,119,78.8,61,40.4,335.0,
41,CS 1001 (I),5,Stirling,Perth / Peairt,GB,43,28,1,29,14,48.3,11,37.9,53.0,
41,CS 1001 (I),6,Perth / Peairt,Aviemore,GB,116,84,1,85,31,36.5,34,40.0,134.8,
41,CS 1001 (I),7,Aviemore,Inverness / Inbhir Nis,GB,66,33,1,34,32,94.1,13,38.2,55.6,
42,GWR Sleeper (London),1,Penzance,Plymouth,GB,,94,1,95,,,38,40.0,127.8,no_timetable
42,GWR Sleeper (London),2,Plymouth,Reading,GB,241,155,1,156,85,54.5,62,39.7,306.3,
42,GWR Sleeper (London),3,Reading,London Paddington,GB,73,33,1,34,39,114.7,13,38.2,58.9,
44,ÖBB NJ 402,1,Zürich HB,Basel SBB,CH,29,47,1,48,-19,-39.6,14,29.2,89.9,router_slower_than_reality
44,ÖBB NJ 402,2,Basel SBB,Basel Bad Bf,CH,7,4,1,5,2,,1,20.0,4.4,leg_too_short
44,ÖBB NJ 402,3,Basel Bad Bf,Freiburg (Breisgau) Hbf,CH+DE,40,33,1,34,6,17.6,17,50.0,61.3,
44,ÖBB NJ 402,4,Freiburg (Breisgau) Hbf,Offenburg,DE,34,28,1,29,5,17.2,15,51.7,62.8,
44,ÖBB NJ 402,5,Offenburg,Bonn Hbf,DE,280,165,1,166,114,68.7,83,50.0,353.2,
44,ÖBB NJ 402,6,Bonn Hbf,Köln Hbf,DE,23,17,1,18,5,27.8,9,50.0,33.4,
44,ÖBB NJ 402,7,Köln Hbf,Düsseldorf Hbf,DE,30,20,1,21,9,42.9,11,52.4,40.4,
44,ÖBB NJ 402,8,Düsseldorf Hbf,Duisburg Hbf,DE,16,11,1,12,4,33.3,7,58.3,23.8,
44,ÖBB NJ 402,9,Duisburg Hbf,Oberhausen Hbf,DE,9,4,1,5,4,,3,60.0,7.2,leg_too_short
44,ÖBB NJ 402,10,Oberhausen Hbf,Arnhem Centraal,DE+NL,64,43,1,44,20,45.5,21,47.7,91.6,
44,ÖBB NJ 402,11,Arnhem Centraal,Utrecht Centraal,NL,46,28,1,29,17,58.6,11,37.9,56.7,
44,ÖBB NJ 402,12,Utrecht Centraal,Amsterdam Centraal,NL,30,28,1,29,1,3.4,11,37.9,40.2,
45,ÖBB NJ 420,1,Innsbruck Hbf,Jenbach,AT,18,14,1,15,3,20.0,5,33.3,34.1,
45,ÖBB NJ 420,2,Jenbach,Wörgl Hbf,AT,15,11,1,12,3,25.0,4,33.3,24.8,
45,ÖBB NJ 420,3,Wörgl Hbf,Kufstein,AT,9,7,1,8,1,,2,25.0,13.5,leg_too_short
45,ÖBB NJ 420,4,Kufstein,Rosenheim,AT+DE,23,18,1,19,4,21.1,10,52.6,34.1,
45,ÖBB NJ 420,5,Rosenheim,München Ost,DE,38,27,1,28,10,35.7,15,53.6,55.0,
45,ÖBB NJ 420,6,München Ost,Ingolstadt Hbf,DE,67,40,1,41,26,63.4,21,51.2,84.7,
45,ÖBB NJ 420,7,Ingolstadt Hbf,Nürnberg Hbf,DE,51,58,1,59,-8,-13.6,30,50.8,117.5,router_slower_than_reality
45,ÖBB NJ 420,8,Nürnberg Hbf,Würzburg Hbf,DE,115,47,1,48,67,139.6,25,52.1,101.9,
45,ÖBB NJ 420,9,Würzburg Hbf,Kassel-Wilhelmshöhe,DE,137,120,1,121,16,13.2,61,50.4,222.4,
45,ÖBB NJ 420,10,Kassel-Wilhelmshöhe,Essen Hbf,DE,156,117,1,118,38,32.2,59,50.0,244.4,
45,ÖBB NJ 420,11,Essen Hbf,Oberhausen Hbf,DE,14,9,1,10,4,40.0,5,50.0,17.0,
45,ÖBB NJ 420,12,Oberhausen Hbf,Arnhem Centraal,DE+NL,67,43,1,44,23,52.3,21,47.7,91.6,
45,ÖBB NJ 420,13,Arnhem Centraal,Utrecht Centraal,NL,46,28,1,29,17,58.6,11,37.9,56.7,
45,ÖBB NJ 420,14,Utrecht Centraal,Amsterdam Centraal,NL,30,28,1,29,1,3.4,11,37.9,40.2,
46,ÖBB NJ 40421,1,Amsterdam Centraal,Utrecht Centraal,NL,26,28,1,29,-3,-10.3,11,37.9,40.2,router_slower_than_reality
46,ÖBB NJ 40421,2,Utrecht Centraal,Arnhem Centraal,NL,41,28,1,29,12,41.4,11,37.9,56.7,
46,ÖBB NJ 40421,3,Arnhem Centraal,Oberhausen Hbf,DE+NL,73,43,1,44,29,65.9,21,47.7,91.6,
46,ÖBB NJ 40421,4,Oberhausen Hbf,Essen Hbf,DE,12,9,1,10,2,20.0,5,50.0,17.1,
46,ÖBB NJ 40421,5,Essen Hbf,Kassel-Wilhelmshöhe,DE,139,117,1,118,21,17.8,59,50.0,244.3,
46,ÖBB NJ 40421,6,Kassel-Wilhelmshöhe,Würzburg Hbf,DE,155,120,1,121,34,28.1,61,50.4,222.5,
46,ÖBB NJ 40421,7,Würzburg Hbf,Nürnberg Hbf,DE,72,47,1,48,24,50.0,25,52.1,101.9,
46,ÖBB NJ 40421,8,Nürnberg Hbf,München Ost,DE,101,89,1,90,11,12.2,45,50.0,202.9,
46,ÖBB NJ 40421,9,München Ost,Salzburg Hbf,AT+DE,102,76,1,77,25,32.5,38,49.4,146.8,
46,ÖBB NJ 40421,10,Salzburg Hbf,Linz Hbf,AT,77,63,1,64,13,20.3,22,34.4,124.2,
46,ÖBB NJ 40421,11,Linz Hbf,St. Pölten Hbf,AT,46,46,2,48,-2,-4.2,17,35.4,122.8,router_slower_than_reality
46,ÖBB NJ 40421,12,St. Pölten Hbf,Wien Meidling,AT,24,40,1,41,-17,-41.5,14,34.1,62.5,router_slower_than_reality
46,ÖBB NJ 40421,13,Wien Meidling,Wien Hbf,AT,9,3,1,4,5,,1,25.0,3.5,leg_too_short
48,HŽPP 1880,1,Osijek,Bjelovar,HR,260,186,1,187,73,39.0,74,39.6,177.6,
48,HŽPP 1880,2,Bjelovar,Zagreb Gl. K.,HR,74,70,1,71,3,4.2,28,39.4,76.9,
48,HŽPP 1880,3,Zagreb Gl. K.,Karlovac,HR,61,42,1,43,18,41.9,17,39.5,52.6,
48,HŽPP 1880,4,Karlovac,Knin,HR,286,231,1,232,54,23.3,92,39.7,268.1,
48,HŽPP 1880,5,Knin,Split,HR,134,97,1,98,36,36.7,39,39.8,102.7,
49,ÖBB NJ 294,1,Roma Tiburtina,Firenze Campo di Marte,IT,216,162,1,163,53,32.5,65,39.9,305.5,
49,ÖBB NJ 294,2,Firenze Campo di Marte,Bologna Centrale,IT,62,52,1,53,9,17.0,21,39.6,99.7,
49,ÖBB NJ 294,3,Bologna Centrale,Tarvisio Boscoverde,IT,251,156,1,157,94,59.9,63,40.1,352.5,
49,ÖBB NJ 294,4,Tarvisio Boscoverde,Villach Hbf,AT+IT,22,19,1,20,2,10.0,7,35.0,28.7,
49,ÖBB NJ 294,5,Villach Hbf,Schwarzach-St.Veit,AT,84,76,1,77,7,9.1,27,35.1,114.9,
49,ÖBB NJ 294,6,Schwarzach-St.Veit,Salzburg Hbf,AT,46,48,1,49,-3,-6.1,17,34.7,66.1,router_slower_than_reality
49,ÖBB NJ 294,7,Salzburg Hbf,Rosenheim,AT+DE,103,50,1,51,52,102.0,24,47.1,88.2,
49,ÖBB NJ 294,8,Rosenheim,München Hbf,DE,49,40,1,41,8,19.5,20,48.8,61.9,
5,ÖBB NJ 470,1,Zürich HB,Basel SBB,CH,64,47,1,48,16,33.3,14,29.2,89.9,
5,ÖBB NJ 470,2,Basel SBB,Basel Bad Bf,CH,10,4,1,5,5,,1,20.0,4.4,leg_too_short
5,ÖBB NJ 470,3,Basel Bad Bf,Freiburg (Breisgau) Hbf,CH+DE,30,33,1,34,-4,-11.8,17,50.0,61.3,router_slower_than_reality
5,ÖBB NJ 470,4,Freiburg (Breisgau) Hbf,Offenburg,DE,33,28,1,29,4,13.8,15,51.7,62.8,
5,ÖBB NJ 470,5,Offenburg,Baden-Baden,DE,21,18,1,19,2,10.5,10,52.6,40.0,
5,ÖBB NJ 470,6,Baden-Baden,Karlsruhe Hbf,DE,18,14,1,15,3,20.0,8,53.3,29.0,
5,ÖBB NJ 470,7,Karlsruhe Hbf,Bruchsal,DE,13,16,1,17,-4,-23.5,8,47.1,22.7,router_slower_than_reality
5,ÖBB NJ 470,8,Bruchsal,Heidelberg Hbf,DE,23,15,1,16,7,43.8,9,56.2,32.6,
5,ÖBB NJ 470,9,Heidelberg Hbf,Darmstadt Hbf,DE,51,28,1,29,22,75.9,15,51.7,59.3,
5,ÖBB NJ 470,10,Darmstadt Hbf,Frankfurt (Main) Süd,DE,15,14,1,15,0,0.0,8,53.3,26.6,
5,ÖBB NJ 470,11,Frankfurt (Main) Süd,Hanau Hbf,DE,13,16,1,17,-4,-23.5,8,47.1,21.2,router_slower_than_reality
5,ÖBB NJ 470,12,Hanau Hbf,Göttingen,DE,122,111,1,112,10,8.9,57,50.9,216.9,
5,ÖBB NJ 470,13,Göttingen,Hannover Hbf,DE,56,57,1,58,-2,-3.4,29,50.0,108.7,router_slower_than_reality
5,ÖBB NJ 470,14,Hannover Hbf,Bremen Hbf,DE,70,52,1,53,17,32.1,27,50.9,122.1,
5,ÖBB NJ 470,15,Bremen Hbf,Hamburg Harburg,DE,61,40,1,41,20,48.8,21,51.2,103.2,
5,ÖBB NJ 470,16,Hamburg Harburg,Hamburg Hbf,DE,13,7,1,8,5,,4,50.0,11.8,leg_too_short
50,ÖBB NJ 456,1,Graz Hbf,Bruck an der Mur,AT,36,38,1,39,-3,-7.7,13,33.3,53.8,router_slower_than_reality
50,ÖBB NJ 456,2,Bruck an der Mur,Mürzzuschlag,AT,26,25,1,26,0,0.0,9,34.6,42.2,
50,ÖBB NJ 456,3,Mürzzuschlag,Wiener Neustadt Hbf,AT,64,53,1,54,10,18.5,19,35.2,68.4,
50,ÖBB NJ 456,4,Wiener Neustadt Hbf,Wien Meidling,AT,28,20,1,21,7,33.3,7,33.3,44.6,
50,ÖBB NJ 456,5,Wien Meidling,Wien Hbf,AT,5,3,1,4,1,,1,25.0,3.5,leg_too_short
50,ÖBB NJ 456,6,Wien Hbf,Břeclav,AT+CZ,54,52,1,53,1,1.9,19,35.8,89.3,
50,ÖBB NJ 456,7,Břeclav,Brno hl.n.,CZ,29,28,1,29,0,0.0,11,37.9,60.3,
50,ÖBB NJ 456,8,Brno hl.n.,Pardubice hl.n.,CZ,94,88,1,89,5,5.6,35,39.3,149.7,
50,ÖBB NJ 456,9,Pardubice hl.n.,Praha hl.n.,CZ,62,48,1,49,13,26.5,19,38.8,103.6,
50,ÖBB NJ 456,10,Praha hl.n.,Praha-Holešovice,CZ,8,6,1,7,1,,2,28.6,8.0,leg_too_short
50,ÖBB NJ 456,11,Praha-Holešovice,Ústí nad Labem hl.n.,CZ,59,58,1,59,0,0.0,23,39.0,104.3,
50,ÖBB NJ 456,12,Ústí nad Labem hl.n.,Děčín hl.n.,CZ,15,14,1,15,0,0.0,6,40.0,22.7,
50,ÖBB NJ 456,13,Děčín hl.n.,Bad Schandau,CZ+DE,20,13,1,14,6,42.9,5,35.7,22.2,
50,ÖBB NJ 456,14,Bad Schandau,Dresden Hbf,DE,27,29,1,30,-3,-10.0,14,46.7,40.8,router_slower_than_reality
50,ÖBB NJ 456,15,Dresden Hbf,Dresden Neustadt,DE,5,4,1,5,0,,2,40.0,3.9,leg_too_short
50,ÖBB NJ 456,16,Dresden Neustadt,Berlin Südkreuz,DE,93,86,1,87,6,6.9,44,50.6,175.2,
50,ÖBB NJ 456,17,Berlin Südkreuz,Berlin Hbf,DE,13,13,1,14,-1,-7.1,6,42.9,16.0,router_slower_than_reality
53,ÖBB NJ 236,1,Venezia Santa Lucia,Venezia Mestre,IT,10,5,1,6,4,,2,33.3,8.3,leg_too_short
53,ÖBB NJ 236,2,Venezia Mestre,Treviso Centrale,IT,17,17,1,18,-1,-5.6,7,38.9,21.7,router_slower_than_reality
53,ÖBB NJ 236,3,Treviso Centrale,Conegliano,IT,16,15,1,16,0,0.0,6,37.5,27.6,
53,ÖBB NJ 236,4,Conegliano,Pordenone,IT,16,13,1,14,2,14.3,6,42.9,29.5,
53,ÖBB NJ 236,5,Pordenone,Udine,IT,29,23,1,24,5,20.8,9,37.5,48.7,
53,ÖBB NJ 236,6,Udine,Tarvisio Boscoverde,IT,63,37,1,38,25,65.8,16,42.1,88.8,
53,ÖBB NJ 236,7,Tarvisio Boscoverde,Villach Hbf,AT+IT,22,19,1,20,2,10.0,7,35.0,28.7,
53,ÖBB NJ 236,8,Villach Hbf,Salzburg Hbf,AT,130,123,1,124,6,4.8,43,34.7,181.0,
53,ÖBB NJ 236,9,Salzburg Hbf,Rosenheim,AT+DE,44,50,1,51,-7,-13.7,24,47.1,88.2,router_slower_than_reality
53,ÖBB NJ 236,10,Rosenheim,München Ost,DE,33,27,1,28,5,17.9,15,53.6,55.0,
53,ÖBB NJ 236,11,München Ost,Augsburg Hbf,DE,51,29,1,30,21,70.0,15,50.0,65.9,
53,ÖBB NJ 236,12,Augsburg Hbf,Ulm Hbf,DE,45,37,1,38,7,18.4,19,50.0,85.7,
53,ÖBB NJ 236,13,Ulm Hbf,Göppingen,DE,33,32,1,33,0,0.0,16,48.5,52.1,
53,ÖBB NJ 236,14,Göppingen,Stuttgart Hbf,DE,24,23,1,24,0,0.0,12,50.0,41.0,
54,MÁV/ÖBB EN 50237,1,Budapest Keleti,Budapest Kelenföld,HU,,20,0,20,,,8,40.0,14.2,no_timetable
54,MÁV/ÖBB EN 50237,2,Budapest Kelenföld,Győr,HU,,61,1,62,,,24,38.7,125.6,no_timetable
54,MÁV/ÖBB EN 50237,3,Győr,Wien Hbf,AT+HU,,57,1,58,,,21,36.2,118.7,no_timetable
54,MÁV/ÖBB EN 50237,4,Wien Hbf,Wien Meidling,AT,,3,1,4,,,1,25.0,3.5,no_timetable
54,MÁV/ÖBB EN 50237,5,Wien Meidling,St. Pölten Hbf,AT,,40,1,41,,,14,34.1,62.5,no_timetable
54,MÁV/ÖBB EN 50237,6,St. Pölten Hbf,Linz Hbf,AT,,46,2,48,,,17,35.4,122.8,no_timetable
54,MÁV/ÖBB EN 50237,7,Linz Hbf,Rosenheim,AT+DE,266,113,1,114,152,133.3,46,40.4,212.3,
54,MÁV/ÖBB EN 50237,8,Rosenheim,München Ost,DE,33,27,1,28,5,17.9,15,53.6,55.0,
54,MÁV/ÖBB EN 50237,9,München Ost,Augsburg Hbf,DE,51,29,1,30,21,70.0,15,50.0,65.9,
54,MÁV/ÖBB EN 50237,10,Augsburg Hbf,Ulm Hbf,DE,56,37,1,38,18,47.4,19,50.0,85.7,
54,MÁV/ÖBB EN 50237,11,Ulm Hbf,Stuttgart Hbf,DE,61,53,1,54,7,13.0,26,48.1,93.1,
57,HŽPP/ÖBB EN 40237,1,Stuttgart Hbf,Ulm Hbf,DE,,53,1,54,,,26,48.1,93.1,no_timetable
57,HŽPP/ÖBB EN 40237,2,Ulm Hbf,Augsburg Hbf,DE,,37,1,38,,,19,50.0,85.7,no_timetable
57,HŽPP/ÖBB EN 40237,3,Augsburg Hbf,München Ost,DE,,29,1,30,,,15,50.0,65.9,no_timetable
57,HŽPP/ÖBB EN 40237,4,München Ost,Rosenheim,DE,,30,1,31,,,16,51.6,55.0,no_timetable
57,HŽPP/ÖBB EN 40237,5,Rosenheim,Villach Hbf,AT+DE,318,173,1,174,144,82.8,67,38.5,269.2,
57,HŽPP/ÖBB EN 40237,6,Villach Hbf,Ljubljana,AT+SI,118,72,1,73,45,61.6,27,37.0,100.9,
57,HŽPP/ÖBB EN 40237,7,Ljubljana,Zagreb Gl. K.,HR+SI,161,109,1,110,51,46.4,43,39.1,141.2,
58,MÁV EN 40457,1,Berlin Hbf,Berlin Südkreuz,DE,,13,1,14,,,6,42.9,16.0,no_timetable
58,MÁV EN 40457,2,Berlin Südkreuz,Dresden Neustadt,DE,,87,1,88,,,45,51.1,174.3,no_timetable
58,MÁV EN 40457,3,Dresden Neustadt,Dresden Hbf,DE,,4,1,5,,,2,40.0,3.9,no_timetable
58,MÁV EN 40457,4,Dresden Hbf,Ústí nad Labem hl.n.,CZ+DE,,55,1,56,,,25,44.6,85.7,no_timetable
58,MÁV EN 40457,5,Ústí nad Labem hl.n.,Praha hl.n.,CZ,,64,1,65,,,26,40.0,112.2,no_timetable
58,MÁV EN 40457,6,Praha hl.n.,Brno hl.n.,CZ,160,135,1,136,24,17.6,54,39.7,253.3,
58,MÁV EN 40457,7,Brno hl.n.,Bratislava hl.st.,CZ+SK,166,77,1,78,88,112.8,31,39.7,142.3,
58,MÁV EN 40457,8,Bratislava hl.st.,Vac,HU+SK,117,104,1,105,12,11.4,41,39.0,178.9,
58,MÁV EN 40457,9,Vac,Budapest Nyugati,HU,30,24,1,25,5,20.0,10,40.0,33.2,
59,CFR/MÁV/ÖBB D 346,1,București Nord,Ploiești Vest,,,,0,,,,,,,routing_failed
59,CFR/MÁV/ÖBB D 346,2,Ploiești Vest,Brașov,,,,0,,,,,,,routing_failed
59,CFR/MÁV/ÖBB D 346,3,Brașov,Sighișoara,,,,0,,,,,,,routing_failed
59,CFR/MÁV/ÖBB D 346,4,Sighișoara,Mediaș,,,,0,,,,,,,routing_failed
59,CFR/MÁV/ÖBB D 346,5,Mediaș,Kőbánya-Kispest,,440,,0,,,,,,,routing_failed
59,CFR/MÁV/ÖBB D 346,6,Kőbánya-Kispest,Budapest Kelenföld,,19,,0,,,,,,,routing_failed
59,CFR/MÁV/ÖBB D 346,7,Budapest Kelenföld,Győr,,76,,0,,,,,,,routing_failed
59,CFR/MÁV/ÖBB D 346,8,Győr,Wien Hbf,,81,,0,,,,,,,routing_failed
6,ČD EN 442,1,Humenné,Strážske,SK,,6,1,7,,,2,28.6,9.6,no_timetable
6,ČD EN 442,2,Strážske,Michalovce,SK,,8,1,9,,,3,33.3,14.3,no_timetable
6,ČD EN 442,3,Michalovce,Bánovce nad Ondavou,SK,,6,1,7,,,2,28.6,9.7,no_timetable
6,ČD EN 442,4,Bánovce nad Ondavou,Trebišov,SK,,8,1,9,,,3,33.3,10.7,no_timetable
6,ČD EN 442,5,Trebišov,Košice,SK,,41,1,42,,,16,38.1,53.2,no_timetable
6,ČD EN 442,6,Košice,Kysak,SK,,11,1,12,,,4,33.3,15.7,no_timetable
6,ČD EN 442,7,Kysak,Margecany,SK,,24,0,24,,,10,41.7,19.2,no_timetable
6,ČD EN 442,8,Margecany,Spišská Nová Ves,SK,,31,1,32,,,12,37.5,39.8,no_timetable
6,ČD EN 442,9,Spišská Nová Ves,Poprad Tatry,SK,,18,1,19,,,7,36.8,26.5,no_timetable
6,ČD EN 442,10,Poprad Tatry,Liptovský Mikuláš,SK,,37,1,38,,,15,39.5,56.1,no_timetable
6,ČD EN 442,11,Liptovský Mikuláš,Ružomberok,SK,,18,1,19,,,7,36.8,28.0,no_timetable
6,ČD EN 442,12,Ružomberok,Kraľovany,SK,,14,1,15,,,6,40.0,18.2,no_timetable
6,ČD EN 442,13,Kraľovany,Olomouc hl.n.,CZ+SK,,138,1,139,,,55,39.6,220.9,no_timetable
6,ČD EN 442,14,Olomouc hl.n.,Česká Třebová,CZ,50,39,1,40,10,25.0,16,40.0,84.7,
6,ČD EN 442,15,Česká Třebová,Pardubice hl.n.,CZ,43,30,1,31,12,38.7,12,38.7,59.8,
6,ČD EN 442,16,Pardubice hl.n.,Praha hl.n.,CZ,92,48,1,49,43,87.8,19,38.8,103.6,
60,UZ/ÖBB 40149,1,Wien Westbf,Wien Meidling,,,,0,,,,,,,routing_failed
60,UZ/ÖBB 40149,2,Wien Meidling,Wien Hbf,,,,0,,,,,,,routing_failed
60,UZ/ÖBB 40149,3,Wien Hbf,Hegyeshalom,,,,0,,,,,,,routing_failed
60,UZ/ÖBB 40149,4,Hegyeshalom,Győr,,,,0,,,,,,,routing_failed
60,UZ/ÖBB 40149,5,Győr,Budapest Kelenföld,,,,0,,,,,,,routing_failed
60,UZ/ÖBB 40149,6,Budapest Kelenföld,Cegléd,,,,0,,,,,,,routing_failed
60,UZ/ÖBB 40149,7,Cegléd,Szolnok,,,,0,,,,,,,routing_failed
60,UZ/ÖBB 40149,8,Szolnok,Debrecen,,,,0,,,,,,,routing_failed
60,UZ/ÖBB 40149,9,Debrecen,Nyíregyháza,,,,0,,,,,,,routing_failed
60,UZ/ÖBB 40149,10,Nyíregyháza,Chop,,187,,0,,,,,,,routing_failed
60,UZ/ÖBB 40149,11,Chop,Mukacheve,,141,,0,,,,,,,routing_failed
60,UZ/ÖBB 40149,12,Mukacheve,Stryj,,153,,0,,,,,,,routing_failed
60,UZ/ÖBB 40149,13,Stryj,Lviv,,61,,0,,,,,,,routing_failed
60,UZ/ÖBB 40149,14,Lviv,Kyiv Pasazhyrskyi,,421,,0,,,,,,,routing_failed
62,SJ 1,1,Stockholm C,Norrköping C,SE,,76,1,77,,,31,40.3,179.6,no_timetable
62,SJ 1,2,Norrköping C,Hässleholm C,SE,243,129,2,131,112,85.5,53,40.5,351.5,
62,SJ 1,3,Hässleholm C,Helsingborg C,SE,74,43,1,44,30,68.2,17,38.6,77.0,
62,SJ 1,4,Helsingborg C,Lund C,SE,33,20,2,22,11,50.0,9,40.9,52.5,
62,SJ 1,5,Lund C,Malmö C,SE,14,8,1,9,5,,3,33.3,16.4,leg_too_short
63,SJ 70,1,Stockholm C,Arlanda,SE,,16,1,17,,,7,41.2,38.9,no_timetable
63,SJ 70,2,Arlanda,Uppsala C,SE,,26,1,27,,,10,37.0,36.4,no_timetable
63,SJ 70,3,Uppsala C,Gävle C,SE,,39,2,41,,,17,41.5,111.5,no_timetable
63,SJ 70,4,Gävle C,Bräcke,SE,283,132,1,133,150,112.8,53,39.8,289.9,
63,SJ 70,5,Bräcke,Östersund C,SE,82,34,1,35,47,134.3,14,40.0,70.8,
63,SJ 70,6,Östersund C,Järpen,SE,48,44,1,45,3,6.7,18,40.0,79.2,
63,SJ 70,7,Järpen,Åre,SE,26,15,1,16,10,62.5,6,37.5,26.1,
63,SJ 70,8,Åre,Duved,SE,18,6,1,7,11,,2,28.6,8.3,leg_too_short
65,GA F5 725,1,Oslo S,Drammen,NO,,23,1,24,,,9,37.5,40.5,no_timetable
65,GA F5 725,2,Drammen,Kongsberg,NO,,30,1,31,,,12,38.7,46.5,no_timetable
65,GA F5 725,3,Kongsberg,Sandnes,NO,440,335,1,336,104,31.0,134,39.9,478.4,
65,GA F5 725,4,Sandnes,Stavanger,NO,18,10,1,11,7,63.6,4,36.4,14.6,
67,CFR/MÁV IC 406,1,Brașov,Miercurea Ciuc,,,,0,,,,,,,routing_failed
67,CFR/MÁV IC 406,2,Miercurea Ciuc,Gheorgheni,,,,0,,,,,,,routing_failed
67,CFR/MÁV IC 406,3,Gheorgheni,Deda,,,,0,,,,,,,routing_failed
67,CFR/MÁV IC 406,4,Deda,Beclean pe Somes,,,,0,,,,,,,routing_failed
67,CFR/MÁV IC 406,5,Beclean pe Somes,Debrecen,,314,,0,,,,,,,routing_failed
67,CFR/MÁV IC 406,6,Debrecen,Szolnok,,110,,0,,,,,,,routing_failed
67,CFR/MÁV IC 406,7,Szolnok,Budapest Keleti,,85,,0,,,,,,,routing_failed
68,VR IC 264,1,Rovaniemi,Kemi,,,,0,,,,,,,routing_failed
68,VR IC 264,2,Kemi,Oulu / Uleåborg,,,,0,,,,,,,routing_failed
68,VR IC 264,3,Oulu / Uleåborg,Ylivieska,,,,0,,,,,,,routing_failed
68,VR IC 264,4,Ylivieska,Kokkola / Karleby,,,,0,,,,,,,routing_failed
68,VR IC 264,5,Kokkola / Karleby,Tampere,,275,,0,,,,,,,routing_failed
68,VR IC 264,6,Tampere,Toijala,,33,,0,,,,,,,routing_failed
68,VR IC 264,7,Toijala,Riihimäki,,61,,0,,,,,,,routing_failed
68,VR IC 264,8,Riihimäki,Helsinki / Helsingfors,,84,,0,,,,,,,routing_failed
69,VY 605,1,Oslo S,Sandvika,,,,0,,,,,,,routing_failed
69,VY 605,2,Sandvika,Asker,,,,0,,,,,,,routing_failed
69,VY 605,3,Asker,Drammen,,,,0,,,,,,,routing_failed
69,VY 605,4,Drammen,Hokksund,,,,0,,,,,,,routing_failed
69,VY 605,5,Hokksund,Myrdal,,265,,0,,,,,,,routing_failed
69,VY 605,6,Myrdal,Dale,,76,,0,,,,,,,routing_failed
69,VY 605,7,Dale,Bergen,,46,,0,,,,,,,routing_failed
7,RJ 1020,1,Chop,Košice,SK,,74,1,75,,,28,37.3,103.7,no_timetable
7,RJ 1020,2,Košice,Poprad Tatry,SK,,65,1,66,,,26,39.4,100.4,no_timetable
7,RJ 1020,3,Poprad Tatry,Pardubice hl.n.,CZ+SK,346,273,1,274,72,26.3,109,39.8,467.7,
7,RJ 1020,4,Pardubice hl.n.,Praha hl.n.,CZ,63,48,1,49,14,28.6,19,38.8,103.6,
70,SJN 405,1,Oslo S,Hamar,NO,,53,1,54,,,22,40.7,123.7,no_timetable
70,SJN 405,2,Hamar,Lillehammer,NO,,42,1,43,,,17,39.5,57.8,no_timetable
70,SJN 405,3,Lillehammer,Trondheim S,NO,321,241,1,242,79,32.6,96,39.7,367.5,
71,SJN 475,1,Trondheim S,Levanger,,,,0,,,,,,,routing_failed
71,SJN 475,2,Levanger,Steinkjer,,,,0,,,,,,,routing_failed
71,SJN 475,3,Steinkjer,Mo i Rana,,298,,0,,,,,,,routing_failed
71,SJN 475,4,Mo i Rana,Bodø,,190,,0,,,,,,,routing_failed
72,VR IC 265,1,Helsinki / Helsingfors,Riihimäki,,,,0,,,,,,,routing_failed
72,VR IC 265,2,Riihimäki,Tampere,,,,0,,,,,,,routing_failed
72,VR IC 265,3,Tampere,Seinäjoki,,,,0,,,,,,,routing_failed
72,VR IC 265,4,Seinäjoki,Oulu / Uleåborg,,217,,0,,,,,,,routing_failed
72,VR IC 265,5,Oulu / Uleåborg,Kemi,,74,,0,,,,,,,routing_failed
72,VR IC 265,6,Kemi,Rovaniemi,,82,,0,,,,,,,routing_failed
72,VR IC 265,7,Rovaniemi,Kemijärvi,,90,,0,,,,,,,routing_failed
73,ST 304,1,Innsbruck Hbf,Jenbach,AT,,14,1,15,,,5,33.3,34.1,no_timetable
73,ST 304,2,Jenbach,Kitzbühel,AT,,38,1,39,,,13,33.3,60.0,no_timetable
73,ST 304,3,Kitzbühel,Zell am See,AT,,41,1,42,,,14,33.3,57.1,no_timetable
73,ST 304,4,Zell am See,Salzburg Hbf,AT,,77,1,78,,,27,34.6,99.1,no_timetable
73,ST 304,5,Salzburg Hbf,München Ost,AT+DE,,76,1,77,,,38,49.4,146.8,no_timetable
73,ST 304,6,München Ost,Hamburg Hbf,DE,526,383,1,384,142,37.0,193,50.3,816.0,
73,ST 304,7,Hamburg Hbf,Kolding,DE+DK,193,132,1,133,60,45.1,63,47.4,273.5,
73,ST 304,8,Kolding,Odense,DK,52,33,1,34,18,52.9,14,41.2,73.2,
73,ST 304,9,Odense,København Syd,DK,94,58,2,60,34,56.7,24,40.0,153.2,
73,ST 304,10,København Syd,Malmö C,DK+SE,35,26,1,27,8,29.6,10,37.0,46.6,
74,MÁV/ÖBB EN 40462,1,Budapest Keleti,Budapest Kelenföld,HU,,20,0,20,,,8,40.0,14.2,no_timetable
74,MÁV/ÖBB EN 40462,2,Budapest Kelenföld,Győr,HU,,61,1,62,,,24,38.7,125.6,no_timetable
74,MÁV/ÖBB EN 40462,3,Győr,Wien Hbf,AT+HU,,57,1,58,,,21,36.2,118.7,no_timetable
74,MÁV/ÖBB EN 40462,4,Wien Hbf,Wien Meidling,AT,,3,1,4,,,1,25.0,3.5,no_timetable
74,MÁV/ÖBB EN 40462,5,Wien Meidling,St. Pölten Hbf,AT,,40,1,41,,,14,34.1,62.5,no_timetable
74,MÁV/ÖBB EN 40462,6,St. Pölten Hbf,Linz Hbf,AT,,46,2,48,,,17,35.4,122.8,no_timetable
74,MÁV/ÖBB EN 40462,7,Linz Hbf,Bludenz,AT+DE,329,250,1,251,78,31.1,96,38.2,452.0,
74,MÁV/ÖBB EN 40462,8,Bludenz,Feldkirch,AT,17,10,1,11,6,54.5,4,36.4,20.4,
74,MÁV/ÖBB EN 40462,9,Feldkirch,Buchs (SG),AT+CH,19,20,1,21,-2,-9.5,4,19.0,20.8,router_slower_than_reality
74,MÁV/ÖBB EN 40462,10,Buchs (SG),Zürich HB,CH,84,70,1,71,13,18.3,21,29.6,112.4,
76,FS IC Notte 758,1,Lecce,Brindisi,IT,,16,1,17,,,7,41.2,38.4,no_timetable
76,FS IC Notte 758,2,Brindisi,Taranto,IT,,41,1,42,,,16,38.1,69.0,no_timetable
76,FS IC Notte 758,3,Taranto,Bari Centrale,IT,,49,1,50,,,20,40.0,104.1,no_timetable
76,FS IC Notte 758,4,Bari Centrale,Foggia,IT,,56,1,57,,,23,40.4,123.8,no_timetable
76,FS IC Notte 758,5,Foggia,Bologna Centrale,IT,353,219,1,220,133,60.5,89,40.5,522.5,
76,FS IC Notte 758,6,Bologna Centrale,Milano Centrale,IT,133,92,1,93,40,43.0,38,40.9,218.5,
77,ST 300,1,Stockholm C,Södertälje syd övre,SE,,30,1,31,,,12,38.7,39.9,no_timetable
77,ST 300,2,Södertälje syd övre,Norrköping C,SE,,68,1,69,,,27,39.1,146.2,no_timetable
77,ST 300,3,Norrköping C,Linköping C,SE,,21,1,22,,,9,40.9,46.3,no_timetable
77,ST 300,4,Linköping C,Nässjö C,SE,,46,2,48,,,19,39.6,120.5,no_timetable
77,ST 300,5,Nässjö C,Alvesta,SE,,30,2,32,,,13,40.6,86.7,no_timetable
77,ST 300,6,Alvesta,Hässleholm C,SE,,34,2,36,,,15,41.7,98.0,no_timetable
77,ST 300,7,Hässleholm C,Lund C,SE,,24,2,26,,,11,42.3,66.7,no_timetable
77,ST 300,8,Lund C,Malmö C,SE,,8,1,9,,,3,33.3,16.4,no_timetable
77,ST 300,9,Malmö C,København Syd,DK+SE,,26,1,27,,,10,37.0,46.5,no_timetable
77,ST 300,10,København Syd,Hamburg Hbf,DE+DK,394,220,1,221,173,78.3,98,44.3,500.0,
77,ST 300,11,Hamburg Hbf,Berlin Hbf,DE,209,94,2,96,113,117.7,48,50.0,285.7,
78,RDC/SJ EN 345,1,Stockholm C,Norrköping C,SE,,76,1,77,,,31,40.3,179.6,no_timetable
78,RDC/SJ EN 345,2,Norrköping C,Linköping C,SE,,21,1,22,,,9,40.9,46.3,no_timetable
78,RDC/SJ EN 345,3,Linköping C,Nässjö C,SE,,46,2,48,,,19,39.6,120.5,no_timetable
78,RDC/SJ EN 345,4,Nässjö C,Alvesta,SE,,30,2,32,,,13,40.6,86.7,no_timetable
78,RDC/SJ EN 345,5,Alvesta,Hässleholm C,SE,,34,2,36,,,15,41.7,98.0,no_timetable
78,RDC/SJ EN 345,6,Hässleholm C,Lund C,SE,,24,2,26,,,11,42.3,66.7,no_timetable
78,RDC/SJ EN 345,7,Lund C,Malmö C,SE,,8,1,9,,,3,33.3,16.4,no_timetable
78,RDC/SJ EN 345,8,Malmö C,Kastrup Lufthavn,DK+SE,,15,1,16,,,7,43.8,35.4,no_timetable
78,RDC/SJ EN 345,9,Kastrup Lufthavn,Padborg,DK,204,134,1,135,69,51.1,55,40.7,325.6,
78,RDC/SJ EN 345,10,Padborg,Hamburg Hbf,DE+DK,136,92,1,93,43,46.2,47,50.5,183.9,
78,RDC/SJ EN 345,11,Hamburg Hbf,Berlin Hbf,DE,279,94,2,96,183,190.6,48,50.0,285.7,
79,ST 3920,1,Malmö C,Lund C,SE,,8,1,9,,,3,33.3,16.4,no_timetable
79,ST 3920,2,Lund C,Hässleholm C,SE,,24,2,26,,,11,42.3,66.7,no_timetable
79,ST 3920,3,Hässleholm C,Alvesta,SE,,34,2,36,,,15,41.7,98.0,no_timetable
79,ST 3920,4,Alvesta,Nässjö C,SE,,30,2,32,,,13,40.6,86.7,no_timetable
79,ST 3920,5,Nässjö C,Linköping C,SE,,46,2,48,,,19,39.6,120.5,no_timetable
79,ST 3920,6,Linköping C,Norrköping C,SE,,21,1,22,,,9,40.9,46.3,no_timetable
79,ST 3920,7,Norrköping C,Stockholm C,SE,,76,1,77,,,31,40.3,179.5,no_timetable
79,ST 3920,8,Stockholm C,Uppsala C,SE,,32,1,33,,,13,39.4,65.9,no_timetable
79,ST 3920,9,Uppsala C,Östersund C,SE,395,205,1,206,189,91.7,83,40.3,472.2,
79,ST 3920,10,Östersund C,Åre,SE,80,59,1,60,20,33.3,24,40.0,105.3,
79,ST 3920,11,Åre,Duved,SE,20,6,1,7,13,,2,28.6,8.3,leg_too_short
79,ST 3920,12,Duved,Storlien,SE,60,27,1,28,32,114.3,11,39.3,48.1,
8,PKP/ČD EN 50443,1,Praha hl.n.,Pardubice hl.n.,CZ,,48,1,49,,,19,38.8,103.6,no_timetable
8,PKP/ČD EN 50443,2,Pardubice hl.n.,Olomouc hl.n.,CZ,,68,1,69,,,27,39.1,144.4,no_timetable
8,PKP/ČD EN 50443,3,Olomouc hl.n.,Ostrava hl.n.,CZ,,52,1,53,,,21,39.6,103.7,no_timetable
8,PKP/ČD EN 50443,4,Ostrava hl.n.,Gliwice,CZ+PL,202,63,1,64,138,215.6,26,40.6,97.4,
8,PKP/ČD EN 50443,5,Gliwice,Zabrze,PL,21,5,1,6,15,,2,33.3,8.1,leg_too_short
8,PKP/ČD EN 50443,6,Zabrze,Katowice,PL,22,12,1,13,9,69.2,5,38.5,18.4,
8,PKP/ČD EN 50443,7,Katowice,Mysłowice,PL,15,34,0,34,-19,-55.9,14,41.2,24.1,router_slower_than_reality
8,PKP/ČD EN 50443,8,Mysłowice,Jaworzno Szczakowa,PL,10,8,1,9,1,,3,33.3,13.2,leg_too_short
8,PKP/ČD EN 50443,9,Jaworzno Szczakowa,Trzebinia,PL,9,7,1,8,1,,4,50.0,15.7,leg_too_short
8,PKP/ČD EN 50443,10,Trzebinia,Krzeszowice,PL,9,6,1,7,2,,3,42.9,13.4,leg_too_short
8,PKP/ČD EN 50443,11,Krzeszowice,Kraków Gł.,PL,16,13,1,14,2,14.3,5,35.7,25.4,
8,PKP/ČD EN 50443,12,Kraków Gł.,Tarnow,PL,63,34,1,35,28,80.0,15,42.9,77.4,
8,PKP/ČD EN 50443,13,Tarnow,Dębica,PL,18,14,1,15,3,20.0,7,46.7,33.3,
8,PKP/ČD EN 50443,14,Dębica,Rzeszow Gł.,PL,28,20,1,21,7,33.3,9,42.9,46.4,
8,PKP/ČD EN 50443,15,Rzeszow Gł.,Przeworsk,PL,28,22,1,23,5,21.7,9,39.1,36.7,
8,PKP/ČD EN 50443,16,Przeworsk,Jarosław,PL,11,9,1,10,1,10.0,4,40.0,14.8,
8,PKP/ČD EN 50443,17,Jarosław,Przemyśl Gł.,PL,28,22,1,23,5,21.7,9,39.1,35.1,
80,ST 3904,1,Malmö C,Lund C,SE,,8,1,9,,,3,33.3,16.4,no_timetable
80,ST 3904,2,Lund C,Helsingborg C,SE,,20,2,22,,,9,40.9,52.5,no_timetable
80,ST 3904,3,Helsingborg C,Halmstads central,SE,,37,1,38,,,16,42.1,83.6,no_timetable
80,ST 3904,4,Halmstads central,Mölndals nedre,SE,,48,2,50,,,20,40.0,137.5,no_timetable
80,ST 3904,5,Mölndals nedre,Östersund C,SE,680,388,1,389,291,74.8,156,40.1,874.3,
80,ST 3904,6,Östersund C,Åre,SE,85,59,1,60,25,41.7,24,40.0,105.3,
80,ST 3904,7,Åre,Duved,SE,25,6,1,7,18,,2,28.6,8.3,leg_too_short
81,SJ 91,1,Luleå C,Boden C,SE,,18,1,19,,,7,36.8,35.5,no_timetable
81,SJ 91,2,Boden C,Umeå C,SE,,169,1,170,,,68,40.0,312.4,no_timetable
81,SJ 91,3,Umeå C,Sundsvall C,SE,189,271,1,272,-83,-30.5,108,39.7,410.2,router_slower_than_reality
81,SJ 91,4,Sundsvall C,Gävle C,SE,213,100,1,101,112,110.9,40,39.6,218.8,
81,SJ 91,5,Gävle C,Uppsala C,SE,56,39,2,41,15,36.6,17,41.5,111.5,
81,SJ 91,6,Uppsala C,Stockholm C,SE,47,32,1,33,14,42.4,13,39.4,65.9,
83,FS IC Notte 797,1,Torino Porta Susa,Milano Porta Garibaldi,IT,,64,1,65,,,27,41.5,142.9,no_timetable
83,FS IC Notte 797,2,Milano Porta Garibaldi,Roma Tiburtina,IT,460,290,1,291,169,58.1,116,39.9,625.4,
83,FS IC Notte 797,3,Roma Tiburtina,Napoli Centrale,IT,173,96,1,97,76,78.4,39,40.2,216.0,
83,FS IC Notte 797,4,Napoli Centrale,Salerno,IT,60,26,1,27,33,122.2,10,37.0,51.4,
84,FS IC Notte 1964,1,Palermo Centrale,Termini Imerese,,,,0,,,,,,,routing_failed
84,FS IC Notte 1964,2,Termini Imerese,Barcellona Castroreale,,,,0,,,,,,,routing_failed
84,FS IC Notte 1964,3,Barcellona Castroreale,Messina Centrale,,,,0,,,,,,,routing_failed
84,FS IC Notte 1964,4,Messina Centrale,Lamezia Terme Centrale,,,,0,,,,,,,routing_failed
84,FS IC Notte 1964,5,Lamezia Terme Centrale,Salerno,,,,0,,,,,,,routing_failed
84,FS IC Notte 1964,6,Salerno,Firenze S. M. N.,,363,,0,,,,,,,routing_failed
84,FS IC Notte 1964,7,Firenze S. M. N.,Bologna Centrale,,91,,0,,,,,,,routing_failed
84,FS IC Notte 1964,8,Bologna Centrale,Milano Centrale,,183,,0,,,,,,,routing_failed
85,FS IC Notte 1962,1,Siracusa,Catania Centrale,,,,0,,,,,,,routing_failed
85,FS IC Notte 1962,2,Catania Centrale,Taormina Giardini,,,,0,,,,,,,routing_failed
85,FS IC Notte 1962,3,Taormina Giardini,Messina Centrale,,,,0,,,,,,,routing_failed
85,FS IC Notte 1962,4,Messina Centrale,Lamezia Terme Centrale,,,,0,,,,,,,routing_failed
85,FS IC Notte 1962,5,Lamezia Terme Centrale,Salerno,,,,0,,,,,,,routing_failed
85,FS IC Notte 1962,6,Salerno,Firenze S. M. N.,,363,,0,,,,,,,routing_failed
85,FS IC Notte 1962,7,Firenze S. M. N.,Bologna Centrale,,91,,0,,,,,,,routing_failed
85,FS IC Notte 1962,8,Bologna Centrale,Milano Centrale,,183,,0,,,,,,,routing_failed
86,FS IC Notte 752,1,Lecce,Brindisi,IT,,16,1,17,,,7,41.2,38.4,no_timetable
86,FS IC Notte 752,2,Brindisi,Bari Centrale,IT,,52,1,53,,,21,39.6,110.8,no_timetable
86,FS IC Notte 752,3,Bari Centrale,Foggia,IT,,56,1,57,,,23,40.4,123.8,no_timetable
86,FS IC Notte 752,4,Foggia,Bologna Centrale,IT,344,219,1,220,124,56.4,89,40.5,522.5,
86,FS IC Notte 752,5,Bologna Centrale,Milano Centrale,IT,130,92,1,93,37,39.8,38,40.9,218.5,
9,PKP/ČD EN 443 / IC 406,1,Praha hl.n.,Pardubice hl.n.,CZ,,48,1,49,,,19,38.8,103.6,no_timetable
9,PKP/ČD EN 443 / IC 406,2,Pardubice hl.n.,Olomouc hl.n.,CZ,,68,1,69,,,27,39.1,144.4,no_timetable
9,PKP/ČD EN 443 / IC 406,3,Olomouc hl.n.,Katowice,CZ+PL,256,113,1,114,142,124.6,46,40.4,204.2,
9,PKP/ČD EN 443 / IC 406,4,Katowice,Zawiercie,PL,44,47,1,48,-4,-8.3,19,39.6,60.8,router_slower_than_reality
9,PKP/ČD EN 443 / IC 406,5,Zawiercie,Opoczno Południe,PL,60,55,1,56,4,7.1,23,41.1,130.5,
9,PKP/ČD EN 443 / IC 406,6,Opoczno Południe,Warszawa Centralna,PL,62,75,1,76,-14,-18.4,30,39.5,127.6,router_slower_than_reality
9,PKP/ČD EN 443 / IC 406,7,Warszawa Centralna,Warszawa Wschodnia,PL,15,40,1,41,-26,-63.4,16,39.0,41.8,router_slower_than_reality
90,VR IC 266 (T),1,Rovaniemi,Kemi,,,,0,,,,,,,routing_failed
90,VR IC 266 (T),2,Kemi,Oulu / Uleåborg,,,,0,,,,,,,routing_failed
90,VR IC 266 (T),3,Oulu / Uleåborg,Ylivieska,,,,0,,,,,,,routing_failed
90,VR IC 266 (T),4,Ylivieska,Kokkola / Karleby,,,,0,,,,,,,routing_failed
90,VR IC 266 (T),5,Kokkola / Karleby,Tampere,,199,,0,,,,,,,routing_failed
90,VR IC 266 (T),6,Tampere,Turku / Åbo,,228,,0,,,,,,,routing_failed
90,VR IC 266 (T),7,Turku / Åbo,Turku satama / Åbo hamn,,19,,0,,,,,,,routing_failed
91,VR IC 266 (H),1,Rovaniemi,Kemi,,,,0,,,,,,,routing_failed
91,VR IC 266 (H),2,Kemi,Oulu / Uleåborg,,,,0,,,,,,,routing_failed
91,VR IC 266 (H),3,Oulu / Uleåborg,Ylivieska,,,,0,,,,,,,routing_failed
91,VR IC 266 (H),4,Ylivieska,Kokkola / Karleby,,,,0,,,,,,,routing_failed
91,VR IC 266 (H),5,Kokkola / Karleby,Tampere,,199,,0,,,,,,,routing_failed
91,VR IC 266 (H),6,Tampere,Toijala,,25,,0,,,,,,,routing_failed
91,VR IC 266 (H),7,Toijala,Riihimäki,,50,,0,,,,,,,routing_failed
91,VR IC 266 (H),8,Riihimäki,Helsinki / Helsingfors,,87,,0,,,,,,,routing_failed
96,FS IC Notte 788,1,Lecce,Brindisi,IT,,16,1,17,,,7,41.2,38.4,no_timetable
96,FS IC Notte 788,2,Brindisi,Bari Centrale,IT,,52,1,53,,,21,39.6,110.8,no_timetable
96,FS IC Notte 788,3,Bari Centrale,Roma Termini,IT,369,217,1,218,151,69.3,88,40.4,487.3,
97,FS IC Notte 754,1,Lecce,Brindisi,IT,,16,1,17,,,7,41.2,38.4,no_timetable
97,FS IC Notte 754,2,Brindisi,Bari Centrale,IT,,52,1,53,,,21,39.6,110.8,no_timetable
97,FS IC Notte 754,3,Bari Centrale,Foggia,IT,,56,1,57,,,23,40.4,123.8,no_timetable
97,FS IC Notte 754,4,Foggia,Bologna Centrale,IT,365,219,1,220,145,65.9,89,40.5,522.5,
97,FS IC Notte 754,5,Bologna Centrale,Torino Lingotto,IT,225,141,1,142,83,58.5,57,40.1,329.2,
98,VR P 269,1,Helsinki / Helsingfors,Riihimäki,,,,0,,,,,,,routing_failed
98,VR P 269,2,Riihimäki,Tampere,,,,0,,,,,,,routing_failed
98,VR P 269,3,Tampere,Oulu / Uleåborg,,343,,0,,,,,,,routing_failed
98,VR P 269,4,Oulu / Uleåborg,Tornio-Itäinen,,111,,0,,,,,,,routing_failed
98,VR P 269,5,Tornio-Itäinen,Kolari,,154,,0,,,,,,,routing_failed
99,FS IC Notte 1515,1,Torino Lingotto,Genova Piazza Principe,IT,,72,1,73,,,29,39.7,154.5,no_timetable
99,FS IC Notte 1515,2,Genova Piazza Principe,La Spezia Centrale,IT,,55,1,56,,,22,39.3,86.6,no_timetable
99,FS IC Notte 1515,3,La Spezia Centrale,Pisa Centrale,IT,58,37,1,38,20,52.6,15,39.5,74.5,
99,FS IC Notte 1515,4,Pisa Centrale,Civitavecchia,IT,184,101,1,102,82,80.4,41,40.2,255.3,
99,FS IC Notte 1515,5,Civitavecchia,Roma Ostiense,IT,45,31,1,32,13,40.6,13,40.6,70.7,
99,FS IC Notte 1515,6,Roma Ostiense,Napoli Centrale,IT,154,92,1,93,61,65.6,38,40.9,214.7,
99,FS IC Notte 1515,7,Napoli Centrale,Salerno,IT,54,26,1,27,27,100.0,10,37.0,51.4,
